ISO-10303-21;
HEADER;
FILE_DESCRIPTION (( 'STEP AP214' ),
    '1' );
FILE_NAME ('NX2016SA-24M-EXS00A-CS08891.STEP',
    '2024-07-23T06:44:48',
    ( '' ),
    ( '' ),
    'SwSTEP 2.0',
    'SolidWorks 2023',
    '' );
FILE_SCHEMA (( 'AUTOMOTIVE_DESIGN' ));
ENDSEC;

DATA;
#1 = VERTEX_POINT ( 'NONE', #569 ) ;
#2 = UNCERTAINTY_MEASURE_WITH_UNIT (LENGTH_MEASURE( 1.000000000000000082E-05 ), #2189, 'distance_accuracy_value', 'NONE');
#3 = ORIENTED_EDGE ( 'NONE', *, *, #3331, .T. ) ;
#4 = FACE_OUTER_BOUND ( 'NONE', #3255, .T. ) ;
#5 = PRESENTATION_LAYER_ASSIGNMENT (  '', '', ( #526 ) ) ;
#6 = FILL_AREA_STYLE ('',( #1786 ) ) ;
#7 = EDGE_CURVE ( 'NONE', #3065, #1737, #4296, .T. ) ;
#8 =( NAMED_UNIT ( * ) SI_UNIT ( $, .STERADIAN. ) SOLID_ANGLE_UNIT ( ) );
#9 = CARTESIAN_POINT ( 'NONE',  ( -1.000000000000000222, 0.000000000000000000, 0.8000000000000001554 ) ) ;
#10 = DIRECTION ( 'NONE',  ( 0.000000000000000000, -1.000000000000000000, 0.000000000000000000 ) ) ;
#11 = STYLED_ITEM ( 'NONE', ( #3173 ), #2806 ) ;
#12 = VECTOR ( 'NONE', #3686, 1000.000000000000000 ) ;
#13 = DIRECTION ( 'NONE',  ( 0.000000000000000000, 0.000000000000000000, 1.000000000000000000 ) ) ;
#14 = LINE ( 'NONE', #1815, #2803 ) ;
#15 = SURFACE_STYLE_USAGE ( .BOTH. , #4177 ) ;
#16 = CARTESIAN_POINT ( 'NONE',  ( 0.9700000000000001954, 0.2000000000000000111, 0.2500000000000001110 ) ) ;
#17 = LINE ( 'NONE', #4059, #726 ) ;
#18 = ORIENTED_EDGE ( 'NONE', *, *, #1748, .F. ) ;
#19 = VECTOR ( 'NONE', #1913, 1000.000000000000000 ) ;
#20 = DIRECTION ( 'NONE',  ( 1.000000000000000000, 0.000000000000000000, -2.690123605921739456E-16 ) ) ;
#21 = LINE ( 'NONE', #2438, #459 ) ;
#22 = CARTESIAN_POINT ( 'NONE',  ( 1.000000000000000222, 0.2000000000000000111, -0.8000000000000001554 ) ) ;
#23 = CARTESIAN_POINT ( 'NONE',  ( -1.000000000000000222, 0.000000000000000000, -0.8000000000000001554 ) ) ;
#24 =( LENGTH_UNIT ( ) NAMED_UNIT ( * ) SI_UNIT ( .MILLI., .METRE. ) );
#25 = AXIS2_PLACEMENT_3D ( 'NONE', #3742, #4394, #4034 ) ;
#26 = EDGE_CURVE ( 'NONE', #2234, #846, #834, .T. ) ;
#27 = ORIENTED_EDGE ( 'NONE', *, *, #3566, .T. ) ;
#28 = SURFACE_STYLE_FILL_AREA ( #1765 ) ;
#29 = CIRCLE ( 'NONE', #4202, 0.1000000000000001582 ) ;
#30 = LINE ( 'NONE', #2126, #1518 ) ;
#31 = SURFACE_SIDE_STYLE ('',( #1104 ) ) ;
#32 =( NAMED_UNIT ( * ) SI_UNIT ( $, .STERADIAN. ) SOLID_ANGLE_UNIT ( ) );
#33 = UNCERTAINTY_MEASURE_WITH_UNIT (LENGTH_MEASURE( 1.000000000000000082E-05 ), #2583, 'distance_accuracy_value', 'NONE');
#34 = DIRECTION ( 'NONE',  ( -1.000000000000000000, 0.000000000000000000, 0.000000000000000000 ) ) ;
#35 = CYLINDRICAL_SURFACE ( 'NONE', #2296, 0.09999999999999999167 ) ;
#36 = SURFACE_STYLE_USAGE ( .BOTH. , #1476 ) ;
#37 = EDGE_CURVE ( 'NONE', #2976, #4301, #3561, .T. ) ;
#38 =( NAMED_UNIT ( * ) PLANE_ANGLE_UNIT ( ) SI_UNIT ( $, .RADIAN. ) );
#39 = ORIENTED_EDGE ( 'NONE', *, *, #744, .T. ) ;
#40 = CARTESIAN_POINT ( 'NONE',  ( 0.9700000000000000844, 0.2000000000000000111, 2.609419897744087001E-16 ) ) ;
#41 =( NAMED_UNIT ( * ) PLANE_ANGLE_UNIT ( ) SI_UNIT ( $, .RADIAN. ) );
#42 = PLANE ( 'NONE',  #1822 ) ;
#43 = CARTESIAN_POINT ( 'NONE',  ( 0.9000000000000002442, 0.3499999999999999778, 0.7000000000000001776 ) ) ;
#44 = DIRECTION ( 'NONE',  ( 0.000000000000000000, 0.000000000000000000, -1.000000000000000000 ) ) ;
#45 = ORIENTED_EDGE ( 'NONE', *, *, #638, .F. ) ;
#46 = STYLED_ITEM ( 'NONE', ( #2192 ), #774 ) ;
#47 = EDGE_CURVE ( 'NONE', #1833, #3631, #2549, .T. ) ;
#48 = ORIENTED_EDGE ( 'NONE', *, *, #1602, .T. ) ;
#49 = CARTESIAN_POINT ( 'NONE',  ( 0.9900000000000002132, 0.2000000000000000111, 0.6503337045290422669 ) ) ;
#50 = LINE ( 'NONE', #405, #3038 ) ;
#51 = CARTESIAN_POINT ( 'NONE',  ( 0.3500000000000002554, 0.2000000000000000111, -0.7700000000000000178 ) ) ;
#52 = COLOUR_RGB ( '',1.000000000000000000, 0.7843137254901960675, 0.000000000000000000 ) ;
#53 = ADVANCED_FACE ( 'NONE', ( #3381 ), #1288, .F. ) ;
#54 = CARTESIAN_POINT ( 'NONE',  ( 0.000000000000000000, 0.000000000000000000, 0.7700000000000000178 ) ) ;
#55 =( NAMED_UNIT ( * ) PLANE_ANGLE_UNIT ( ) SI_UNIT ( $, .RADIAN. ) );
#56 = PRESENTATION_STYLE_ASSIGNMENT (( #1773 ) ) ;
#57 = ORIENTED_EDGE ( 'NONE', *, *, #1159, .T. ) ;
#58 = UNCERTAINTY_MEASURE_WITH_UNIT (LENGTH_MEASURE( 1.000000000000000082E-05 ), #2175, 'distance_accuracy_value', 'NONE');
#59 = LINE ( 'NONE', #2731, #4403 ) ;
#60 = VECTOR ( 'NONE', #775, 1000.000000000000000 ) ;
#61 = VECTOR ( 'NONE', #4392, 1000.000000000000000 ) ;
#62 = CYLINDRICAL_SURFACE ( 'NONE', #1112, 0.09999999999999999167 ) ;
#63 = ORIENTED_EDGE ( 'NONE', *, *, #1457, .T. ) ;
#64 = SURFACE_STYLE_USAGE ( .BOTH. , #3145 ) ;
#65 = AXIS2_PLACEMENT_3D ( 'NONE', #2482, #3793, #412 ) ;
#66 = DIRECTION ( 'NONE',  ( 0.000000000000000000, 0.000000000000000000, -1.000000000000000000 ) ) ;
#67 = FACE_OUTER_BOUND ( 'NONE', #408, .T. ) ;
#68 = SURFACE_SIDE_STYLE ('',( #3530 ) ) ;
#69 = ORIENTED_EDGE ( 'NONE', *, *, #3369, .T. ) ;
#70 = ORIENTED_EDGE ( 'NONE', *, *, #1031, .T. ) ;
#71 = VECTOR ( 'NONE', #3487, 1000.000000000000000 ) ;
#72 = EDGE_CURVE ( 'NONE', #1093, #4070, #3400, .T. ) ;
#73 = DIRECTION ( 'NONE',  ( 1.000000000000000000, 0.000000000000000000, 2.690123605921739456E-16 ) ) ;
#74 = ORIENTED_EDGE ( 'NONE', *, *, #1031, .F. ) ;
#75 = PRESENTATION_STYLE_ASSIGNMENT (( #4195 ) ) ;
#76 = LINE ( 'NONE', #1062, #3069 ) ;
#77 = CARTESIAN_POINT ( 'NONE',  ( 0.000000000000000000, 0.2000000000000000111, -0.7900000000000001465 ) ) ;
#78 =( NAMED_UNIT ( * ) PLANE_ANGLE_UNIT ( ) SI_UNIT ( $, .RADIAN. ) );
#80 = FACE_OUTER_BOUND ( 'NONE', #209, .T. ) ;
#79 = COLOUR_RGB ( '',1.000000000000000000, 0.7843137254901960675, 0.000000000000000000 ) ;
#81 = VERTEX_POINT ( 'NONE', #4007 ) ;
#82 = EDGE_CURVE ( 'NONE', #2195, #3273, #2279, .T. ) ;
#83 = SURFACE_STYLE_USAGE ( .BOTH. , #1504 ) ;
#84 =( GEOMETRIC_REPRESENTATION_CONTEXT ( 3 ) GLOBAL_UNCERTAINTY_ASSIGNED_CONTEXT ( ( #3416 ) ) GLOBAL_UNIT_ASSIGNED_CONTEXT ( ( #2264, #2226, #2643 ) ) REPRESENTATION_CONTEXT ( 'NONE', 'WORKASPACE' ) );
#85 = VERTEX_POINT ( 'NONE', #1993 ) ;
#86 =( NAMED_UNIT ( * ) PLANE_ANGLE_UNIT ( ) SI_UNIT ( $, .RADIAN. ) );
#87 = LINE ( 'NONE', #1141, #892 ) ;
#88 = STYLED_ITEM ( 'NONE', ( #75 ), #3309 ) ;
#89 = DIRECTION ( 'NONE',  ( -0.000000000000000000, -1.000000000000000000, 0.000000000000000000 ) ) ;
#90 =( NAMED_UNIT ( * ) PLANE_ANGLE_UNIT ( ) SI_UNIT ( $, .RADIAN. ) );
#91 = ORIENTED_EDGE ( 'NONE', *, *, #1020, .T. ) ;
#92 = CIRCLE ( 'NONE', #2669, 0.1500000000000001887 ) ;
#93 = ORIENTED_EDGE ( 'NONE', *, *, #3519, .F. ) ;
#94 = COLOUR_RGB ( '',0.7529411764705882248, 0.7529411764705882248, 0.7529411764705882248 ) ;
#95 = LINE ( 'NONE', #3234, #3525 ) ;
#96 = ORIENTED_EDGE ( 'NONE', *, *, #1524, .T. ) ;
#97 = DIRECTION ( 'NONE',  ( 0.000000000000000000, -1.000000000000000000, 0.000000000000000000 ) ) ;
#98 = DIRECTION ( 'NONE',  ( -1.000000000000000000, 0.000000000000000000, -0.000000000000000000 ) ) ;
#99 = EDGE_CURVE ( 'NONE', #4344, #3778, #2655, .T. ) ;
#100 = LINE ( 'NONE', #2167, #244 ) ;
#101 = MECHANICAL_DESIGN_GEOMETRIC_PRESENTATION_REPRESENTATION (  '', ( #2533 ), #475 ) ;
#102 = AXIS2_PLACEMENT_3D ( 'NONE', #3993, #3014, #2340 ) ;
#103 = EDGE_CURVE ( 'NONE', #3551, #915, #728, .T. ) ;
#104 = ORIENTED_EDGE ( 'NONE', *, *, #3214, .F. ) ;
#105 = SURFACE_STYLE_USAGE ( .BOTH. , #3518 ) ;
#106 = EDGE_CURVE ( 'NONE', #4382, #81, #939, .T. ) ;
#107 = ORIENTED_EDGE ( 'NONE', *, *, #813, .F. ) ;
#108 = CARTESIAN_POINT ( 'NONE',  ( 1.000000000000000222, 0.2500000000000000000, 0.8000000000000001554 ) ) ;
#109 = EDGE_CURVE ( 'NONE', #1029, #2828, #1650, .T. ) ;
#110 = CARTESIAN_POINT ( 'NONE',  ( -0.8500000000000001998, 0.4500000000000000111, -0.5499999999999996003 ) ) ;
#111 = ORIENTED_EDGE ( 'NONE', *, *, #767, .T. ) ;
#112 = LINE ( 'NONE', #2260, #4042 ) ;
#113 = UNCERTAINTY_MEASURE_WITH_UNIT (LENGTH_MEASURE( 1.000000000000000082E-05 ), #2341, 'distance_accuracy_value', 'NONE');
#114 = CARTESIAN_POINT ( 'NONE',  ( 0.9000000000000002442, 0.3499999999999999778, -0.6000000000000001998 ) ) ;
#115 = CARTESIAN_POINT ( 'NONE',  ( -0.3500000000000003109, 0.000000000000000000, -3.648757311249297561E-17 ) ) ;
#116 = SURFACE_STYLE_USAGE ( .BOTH. , #68 ) ;
#117 = EDGE_LOOP ( 'NONE', ( #104, #645, #284, #3933 ) ) ;
#118 = ADVANCED_FACE ( 'NONE', ( #331 ), #289, .F. ) ;
#119 = ORIENTED_EDGE ( 'NONE', *, *, #1105, .T. ) ;
#120 =( NAMED_UNIT ( * ) SI_UNIT ( $, .STERADIAN. ) SOLID_ANGLE_UNIT ( ) );
#121 = FACE_OUTER_BOUND ( 'NONE', #3821, .T. ) ;
#122 = ORIENTED_EDGE ( 'NONE', *, *, #2839, .T. ) ;
#123 =( NAMED_UNIT ( * ) PLANE_ANGLE_UNIT ( ) SI_UNIT ( $, .RADIAN. ) );
#124 = PLANE ( 'NONE',  #1921 ) ;
#125 = DIRECTION ( 'NONE',  ( -0.000000000000000000, 1.000000000000000000, 0.000000000000000000 ) ) ;
#126 = ORIENTED_EDGE ( 'NONE', *, *, #1841, .F. ) ;
#127 = VERTEX_POINT ( 'NONE', #4439 ) ;
#128 = AXIS2_PLACEMENT_3D ( 'NONE', #3964, #1881, #1543 ) ;
#129 = PRESENTATION_STYLE_ASSIGNMENT (( #36 ) ) ;
#130 = LINE ( 'NONE', #2924, #19 ) ;
#131 = AXIS2_PLACEMENT_3D ( 'NONE', #1203, #2965, #570 ) ;
#132 = EDGE_CURVE ( 'NONE', #3484, #3631, #1614, .T. ) ;
#133 = FILL_AREA_STYLE_COLOUR ( '', #2979 ) ;
#134 = SURFACE_STYLE_USAGE ( .BOTH. , #3198 ) ;
#135 = DIRECTION ( 'NONE',  ( 0.000000000000000000, 0.000000000000000000, 1.000000000000000000 ) ) ;
#136 = ORIENTED_EDGE ( 'NONE', *, *, #4329, .F. ) ;
#137 = CARTESIAN_POINT ( 'NONE',  ( -1.000000000000000222, 0.000000000000000000, 0.8000000000000001554 ) ) ;
#138 =( LENGTH_UNIT ( ) NAMED_UNIT ( * ) SI_UNIT ( .MILLI., .METRE. ) );
#139 = ORIENTED_EDGE ( 'NONE', *, *, #2972, .T. ) ;
#140 = ADVANCED_FACE ( 'NONE', ( #2987 ), #1673, .T. ) ;
#141 = VERTEX_POINT ( 'NONE', #3446 ) ;
#142 = STYLED_ITEM ( 'NONE', ( #1362 ), #140 ) ;
#143 = DIRECTION ( 'NONE',  ( 1.042502088928369781E-16, 0.000000000000000000, -1.000000000000000000 ) ) ;
#144 = ORIENTED_EDGE ( 'NONE', *, *, #3975, .T. ) ;
#145 = EDGE_CURVE ( 'NONE', #2668, #2363, #3876, .T. ) ;
#146 =( LENGTH_UNIT ( ) NAMED_UNIT ( * ) SI_UNIT ( .MILLI., .METRE. ) );
#147 = SURFACE_STYLE_FILL_AREA ( #4260 ) ;
#148 = CARTESIAN_POINT ( 'NONE',  ( 0.000000000000000000, 0.3499999999999999778, 0.000000000000000000 ) ) ;
#149 = AXIS2_PLACEMENT_3D ( 'NONE', #2194, #1546, #3559 ) ;
#150 = DIRECTION ( 'NONE',  ( 1.042502088928369781E-16, 0.000000000000000000, -1.000000000000000000 ) ) ;
#151 = VERTEX_POINT ( 'NONE', #3116 ) ;
#152 = ORIENTED_EDGE ( 'NONE', *, *, #483, .F. ) ;
#153 = FILL_AREA_STYLE_COLOUR ( '', #1930 ) ;
#154 = CARTESIAN_POINT ( 'NONE',  ( 0.8000000000000000444, 0.3499999999999999778, -0.7000000000000000666 ) ) ;
#155 =( NAMED_UNIT ( * ) SI_UNIT ( $, .STERADIAN. ) SOLID_ANGLE_UNIT ( ) );
#156 = VECTOR ( 'NONE', #805, 1000.000000000000000 ) ;
#157 = SURFACE_STYLE_FILL_AREA ( #946 ) ;
#158 = FACE_OUTER_BOUND ( 'NONE', #1795, .T. ) ;
#159 = EDGE_CURVE ( 'NONE', #1688, #1727, #1767, .T. ) ;
#160 = EDGE_LOOP ( 'NONE', ( #1243, #1989, #1469, #542 ) ) ;
#161 = VECTOR ( 'NONE', #758, 1000.000000000000000 ) ;
#162 =( NAMED_UNIT ( * ) PLANE_ANGLE_UNIT ( ) SI_UNIT ( $, .RADIAN. ) );
#163 =( GEOMETRIC_REPRESENTATION_CONTEXT ( 3 ) GLOBAL_UNCERTAINTY_ASSIGNED_CONTEXT ( ( #1358 ) ) GLOBAL_UNIT_ASSIGNED_CONTEXT ( ( #2087, #709, #2409 ) ) REPRESENTATION_CONTEXT ( 'NONE', 'WORKASPACE' ) );
#164 = DIRECTION ( 'NONE',  ( 0.000000000000000000, 0.000000000000000000, 1.000000000000000000 ) ) ;
#165 = CARTESIAN_POINT ( 'NONE',  ( -0.9000000000000001332, 0.2500000000000000000, -0.7000000000000000666 ) ) ;
#166 = ORIENTED_EDGE ( 'NONE', *, *, #2881, .F. ) ;
#167 = ORIENTED_EDGE ( 'NONE', *, *, #7, .T. ) ;
#168 = STYLED_ITEM ( 'NONE', ( #1081 ), #3353 ) ;
#169 = CARTESIAN_POINT ( 'NONE',  ( -0.3500000000000003109, 0.000000000000000000, 0.2500000000000001110 ) ) ;
#170 = ORIENTED_EDGE ( 'NONE', *, *, #3331, .F. ) ;
#171 = AXIS2_PLACEMENT_3D ( 'NONE', #2143, #3513, #443 ) ;
#172 = CARTESIAN_POINT ( 'NONE',  ( 0.9000000000000002442, 0.2500000000000000000, -0.6000000000000001998 ) ) ;
#173 = VECTOR ( 'NONE', #1526, 1000.000000000000000 ) ;
#174 = UNCERTAINTY_MEASURE_WITH_UNIT (LENGTH_MEASURE( 1.000000000000000082E-05 ), #3433, 'distance_accuracy_value', 'NONE');
#175 = CARTESIAN_POINT ( 'NONE',  ( -0.3500000000000003109, 0.000000000000000000, -3.648757311249297561E-17 ) ) ;
#176 = VERTEX_POINT ( 'NONE', #2379 ) ;
#177 = ORIENTED_EDGE ( 'NONE', *, *, #4357, .F. ) ;
#178 = VECTOR ( 'NONE', #456, 1000.000000000000000 ) ;
#179 = VECTOR ( 'NONE', #4379, 1000.000000000000000 ) ;
#180 = CARTESIAN_POINT ( 'NONE',  ( 1.000000000000000222, 0.000000000000000000, 0.6999999999999999556 ) ) ;
#181 = ORIENTED_EDGE ( 'NONE', *, *, #4329, .T. ) ;
#182 = FILL_AREA_STYLE_COLOUR ( '', #2603 ) ;
#183 = AXIS2_PLACEMENT_3D ( 'NONE', #716, #3440, #650 ) ;
#184 = SURFACE_STYLE_FILL_AREA ( #1760 ) ;
#185 = CARTESIAN_POINT ( 'NONE',  ( 1.000000000000000222, 0.000000000000000000, -0.8000000000000001554 ) ) ;
#186 = ORIENTED_EDGE ( 'NONE', *, *, #337, .F. ) ;
#187 = CARTESIAN_POINT ( 'NONE',  ( 0.000000000000000000, 0.2500000000000000000, 0.000000000000000000 ) ) ;
#188 = CARTESIAN_POINT ( 'NONE',  ( -0.7499999999999998890, 0.3499999999999999778, 0.5500000000000002665 ) ) ;
#189 = SURFACE_STYLE_FILL_AREA ( #2644 ) ;
#190 = ORIENTED_EDGE ( 'NONE', *, *, #517, .F. ) ;
#191 = ORIENTED_EDGE ( 'NONE', *, *, #2269, .T. ) ;
#192 =( NAMED_UNIT ( * ) SI_UNIT ( $, .STERADIAN. ) SOLID_ANGLE_UNIT ( ) );
#193 = EDGE_CURVE ( 'NONE', #1629, #1607, #4368, .T. ) ;
#194 = CARTESIAN_POINT ( 'NONE',  ( -0.000000000000000000, 0.2000000000000000111, -0.7700000000000000178 ) ) ;
#195 = FILL_AREA_STYLE ('',( #2933 ) ) ;
#196 = ORIENTED_EDGE ( 'NONE', *, *, #3508, .F. ) ;
#197 = ORIENTED_EDGE ( 'NONE', *, *, #3930, .F. ) ;
#198 = CARTESIAN_POINT ( 'NONE',  ( 0.9700000000000001954, 0.000000000000000000, -0.2500000000000001110 ) ) ;
#199 = EDGE_LOOP ( 'NONE', ( #1283, #4447, #325, #1925, #851, #890, #3608, #2522, #1762 ) ) ;
#200 = STYLED_ITEM ( 'NONE', ( #402 ), #882 ) ;
#201 = FILL_AREA_STYLE_COLOUR ( '', #2456 ) ;
#202 = LINE ( 'NONE', #855, #173 ) ;
#203 = PLANE ( 'NONE',  #1256 ) ;
#204 = FILL_AREA_STYLE_COLOUR ( '', #3306 ) ;
#205 = EDGE_CURVE ( 'NONE', #283, #1296, #515, .T. ) ;
#206 = CARTESIAN_POINT ( 'NONE',  ( -0.9700000000000001954, 0.2000000000000000111, -0.2500000000000001110 ) ) ;
#207 = DIRECTION ( 'NONE',  ( -1.042502088928369781E-16, 0.000000000000000000, 1.000000000000000000 ) ) ;
#208 = VERTEX_POINT ( 'NONE', #444 ) ;
#209 = EDGE_LOOP ( 'NONE', ( #2033, #2185, #4176, #4358 ) ) ;
#210 =( NAMED_UNIT ( * ) PLANE_ANGLE_UNIT ( ) SI_UNIT ( $, .RADIAN. ) );
#211 = MECHANICAL_DESIGN_GEOMETRIC_PRESENTATION_REPRESENTATION (  '', ( #2144 ), #1937 ) ;
#212 = VECTOR ( 'NONE', #4336, 1000.000000000000000 ) ;
#213 = SURFACE_STYLE_USAGE ( .BOTH. , #3962 ) ;
#214 = VERTEX_POINT ( 'NONE', #3420 ) ;
#215 = CLOSED_SHELL ( 'NONE', ( #1893, #3070, #1880, #878, #1286, #2479, #1390, #2806, #1149, #966, #1769 ) ) ;
#216 = CARTESIAN_POINT ( 'NONE',  ( 0.000000000000000000, 0.2000000000000000111, 0.7700000000000000178 ) ) ;
#217 = ORIENTED_EDGE ( 'NONE', *, *, #3975, .F. ) ;
#218 = DIRECTION ( 'NONE',  ( -0.000000000000000000, 1.000000000000000000, 0.000000000000000000 ) ) ;
#219 = ADVANCED_FACE ( 'NONE', ( #1810 ), #2754, .T. ) ;
#220 = VECTOR ( 'NONE', #574, 1000.000000000000000 ) ;
#221 = SURFACE_STYLE_USAGE ( .BOTH. , #3379 ) ;
#222 = VERTEX_POINT ( 'NONE', #406 ) ;
#223 = ORIENTED_EDGE ( 'NONE', *, *, #2688, .F. ) ;
#224 = DIRECTION ( 'NONE',  ( -1.000000000000000000, 0.000000000000000000, 0.000000000000000000 ) ) ;
#225 = VECTOR ( 'NONE', #4220, 1000.000000000000000 ) ;
#226 = SURFACE_SIDE_STYLE ('',( #997 ) ) ;
#227 = DIRECTION ( 'NONE',  ( 0.000000000000000000, 0.000000000000000000, 1.000000000000000000 ) ) ;
#228 = EDGE_CURVE ( 'NONE', #176, #2939, #352, .T. ) ;
#229 = VECTOR ( 'NONE', #4399, 1000.000000000000000 ) ;
#230 = CARTESIAN_POINT ( 'NONE',  ( -0.8000000000000000444, 0.3499999999999999778, -0.6000000000000001998 ) ) ;
#231 = VECTOR ( 'NONE', #3511, 1000.000000000000000 ) ;
#232 = DIRECTION ( 'NONE',  ( 0.000000000000000000, 0.000000000000000000, -1.000000000000000000 ) ) ;
#233 =( NAMED_UNIT ( * ) PLANE_ANGLE_UNIT ( ) SI_UNIT ( $, .RADIAN. ) );
#234 = VERTEX_POINT ( 'NONE', #3093 ) ;
#235 = ORIENTED_EDGE ( 'NONE', *, *, #4265, .T. ) ;
#236 =( NAMED_UNIT ( * ) PLANE_ANGLE_UNIT ( ) SI_UNIT ( $, .RADIAN. ) );
#237 = VECTOR ( 'NONE', #2389, 1000.000000000000000 ) ;
#238 = FACE_OUTER_BOUND ( 'NONE', #1785, .T. ) ;
#239 = CARTESIAN_POINT ( 'NONE',  ( 0.3500000000000003109, 0.000000000000000000, -0.2500000000000001110 ) ) ;
#240 = ORIENTED_EDGE ( 'NONE', *, *, #2295, .T. ) ;
#241 = AXIS2_PLACEMENT_3D ( 'NONE', #4125, #2471, #2378 ) ;
#242 = ORIENTED_EDGE ( 'NONE', *, *, #1056, .T. ) ;
#243 = DIRECTION ( 'NONE',  ( -0.000000000000000000, -1.000000000000000000, 0.000000000000000000 ) ) ;
#244 = VECTOR ( 'NONE', #2755, 1000.000000000000000 ) ;
#245 = AXIS2_PLACEMENT_3D ( 'NONE', #3083, #2094, #2393 ) ;
#246 = ORIENTED_EDGE ( 'NONE', *, *, #452, .F. ) ;
#247 = DIRECTION ( 'NONE',  ( -1.000000000000000000, 0.000000000000000000, -0.000000000000000000 ) ) ;
#248 = FACE_OUTER_BOUND ( 'NONE', #1535, .T. ) ;
#249 = EDGE_CURVE ( 'NONE', #3582, #3060, #3510, .T. ) ;
#250 = VECTOR ( 'NONE', #3169, 1000.000000000000000 ) ;
#251 = STYLED_ITEM ( 'NONE', ( #619 ), #4110 ) ;
#252 = SURFACE_SIDE_STYLE ('',( #2969 ) ) ;
#253 = DIRECTION ( 'NONE',  ( 2.690123605921739456E-16, 0.000000000000000000, -1.000000000000000000 ) ) ;
#254 = MECHANICAL_DESIGN_GEOMETRIC_PRESENTATION_REPRESENTATION (  '', ( #2186 ), #3334 ) ;
#255 = CIRCLE ( 'NONE', #2836, 0.1000000000000000472 ) ;
#256 = EDGE_CURVE ( 'NONE', #4025, #3578, #425, .T. ) ;
#257 = CARTESIAN_POINT ( 'NONE',  ( 0.8530306154330092872, 0.2000000000000000111, 0.7700000000000000178 ) ) ;
#258 =( NAMED_UNIT ( * ) SI_UNIT ( $, .STERADIAN. ) SOLID_ANGLE_UNIT ( ) );
#259 = PRESENTATION_LAYER_ASSIGNMENT (  '', '', ( #3763 ) ) ;
#260 = VERTEX_POINT ( 'NONE', #768 ) ;
#261 =( LENGTH_UNIT ( ) NAMED_UNIT ( * ) SI_UNIT ( .MILLI., .METRE. ) );
#262 = EDGE_CURVE ( 'NONE', #3493, #1446, #76, .T. ) ;
#263 = UNCERTAINTY_MEASURE_WITH_UNIT (LENGTH_MEASURE( 1.000000000000000082E-05 ), #783, 'distance_accuracy_value', 'NONE');
#264 = UNCERTAINTY_MEASURE_WITH_UNIT (LENGTH_MEASURE( 1.000000000000000082E-05 ), #2445, 'distance_accuracy_value', 'NONE');
#265 = CARTESIAN_POINT ( 'NONE',  ( -0.9700000000000001954, 0.000000000000000000, -0.2500000000000001110 ) ) ;
#266 = ORIENTED_EDGE ( 'NONE', *, *, #2686, .F. ) ;
#267 = ORIENTED_EDGE ( 'NONE', *, *, #3605, .F. ) ;
#268 = CYLINDRICAL_SURFACE ( 'NONE', #3706, 0.1500000000000001887 ) ;
#269 = DIRECTION ( 'NONE',  ( 0.000000000000000000, 1.000000000000000000, 0.000000000000000000 ) ) ;
#270 = CARTESIAN_POINT ( 'NONE',  ( 0.9700000000000001954, 0.2000000000000000111, -0.2500000000000001110 ) ) ;
#271 = FACE_OUTER_BOUND ( 'NONE', #3985, .T. ) ;
#272 = CARTESIAN_POINT ( 'NONE',  ( -0.9700000000000001954, 0.2000000000000000111, 0.2500000000000001110 ) ) ;
#273 = CARTESIAN_POINT ( 'NONE',  ( 0.8503337045290424445, 0.2000000000000000111, -0.7900000000000002576 ) ) ;
#274 =( GEOMETRIC_REPRESENTATION_CONTEXT ( 3 ) GLOBAL_UNCERTAINTY_ASSIGNED_CONTEXT ( ( #1389 ) ) GLOBAL_UNIT_ASSIGNED_CONTEXT ( ( #677, #4095, #589 ) ) REPRESENTATION_CONTEXT ( 'NONE', 'WORKASPACE' ) );
#275 = DIRECTION ( 'NONE',  ( 0.000000000000000000, 0.000000000000000000, -1.000000000000000000 ) ) ;
#276 = CARTESIAN_POINT ( 'NONE',  ( 0.000000000000000000, 0.2000000000000000111, 0.7700000000000000178 ) ) ;
#277 = CARTESIAN_POINT ( 'NONE',  ( -1.000000000000000222, 0.2000000000000000111, 0.8000000000000001554 ) ) ;
#278 = STYLED_ITEM ( 'NONE', ( #472 ), #314 ) ;
#279 = ORIENTED_EDGE ( 'NONE', *, *, #3153, .F. ) ;
#280 = CARTESIAN_POINT ( 'NONE',  ( 0.9900000000000002132, 0.000000000000000000, 0.000000000000000000 ) ) ;
#281 = SURFACE_STYLE_USAGE ( .BOTH. , #1560 ) ;
#282 = PRESENTATION_STYLE_ASSIGNMENT (( #4066 ) ) ;
#283 = VERTEX_POINT ( 'NONE', #424 ) ;
#284 = ORIENTED_EDGE ( 'NONE', *, *, #3029, .T. ) ;
#285 = FACE_OUTER_BOUND ( 'NONE', #1010, .T. ) ;
#286 = EDGE_CURVE ( 'NONE', #4158, #2614, #2402, .T. ) ;
#287 = ADVANCED_FACE ( 'NONE', ( #3857 ), #3159, .F. ) ;
#288 = CARTESIAN_POINT ( 'NONE',  ( -0.8530306154330093982, 0.000000000000000000, -0.7700000000000000178 ) ) ;
#289 = PLANE ( 'NONE',  #792 ) ;
#290 = PRESENTATION_STYLE_ASSIGNMENT (( #1651 ) ) ;
#291 = FACE_OUTER_BOUND ( 'NONE', #1466, .T. ) ;
#292 = SURFACE_STYLE_FILL_AREA ( #4330 ) ;
#293 = CARTESIAN_POINT ( 'NONE',  ( -0.000000000000000000, 0.000000000000000000, 0.7700000000000000178 ) ) ;
#294 = ADVANCED_FACE ( 'NONE', ( #3238 ), #498, .T. ) ;
#295 = AXIS2_PLACEMENT_3D ( 'NONE', #1391, #3121, #4131 ) ;
#296 = CYLINDRICAL_SURFACE ( 'NONE', #3744, 0.1000000000000001582 ) ;
#297 = CARTESIAN_POINT ( 'NONE',  ( -0.3500000000000003109, 0.2000000000000000111, 3.648757311249297561E-17 ) ) ;
#298 = ORIENTED_EDGE ( 'NONE', *, *, #2542, .T. ) ;
#299 = LINE ( 'NONE', #4020, #2080 ) ;
#300 =( NAMED_UNIT ( * ) SI_UNIT ( $, .STERADIAN. ) SOLID_ANGLE_UNIT ( ) );
#301 = CARTESIAN_POINT ( 'NONE',  ( -0.8000000000000000444, 0.2500000000000000000, -0.6000000000000001998 ) ) ;
#302 = DIRECTION ( 'NONE',  ( -1.000000000000000000, 0.000000000000000000, 0.000000000000000000 ) ) ;
#303 = CARTESIAN_POINT ( 'NONE',  ( -0.8503337045290424445, 0.2000000000000000111, -0.7900000000000001465 ) ) ;
#304 = ORIENTED_EDGE ( 'NONE', *, *, #2839, .F. ) ;
#305 = AXIS2_PLACEMENT_3D ( 'NONE', #2514, #73, #1445 ) ;
#306 = ORIENTED_EDGE ( 'NONE', *, *, #4046, .F. ) ;
#307 = DIRECTION ( 'NONE',  ( 0.000000000000000000, -1.000000000000000000, 0.000000000000000000 ) ) ;
#308 = EDGE_CURVE ( 'NONE', #3410, #3602, #1926, .T. ) ;
#309 = VECTOR ( 'NONE', #2132, 1000.000000000000000 ) ;
#310 = ORIENTED_EDGE ( 'NONE', *, *, #4214, .T. ) ;
#311 = DIRECTION ( 'NONE',  ( -1.042502088928369781E-16, 0.000000000000000000, -1.000000000000000000 ) ) ;
#312 = DIRECTION ( 'NONE',  ( -1.000000000000000000, 0.000000000000000000, 0.000000000000000000 ) ) ;
#313 = LINE ( 'NONE', #4367, #620 ) ;
#314 = ADVANCED_FACE ( 'NONE', ( #1904 ), #3558, .F. ) ;
#315 = DIRECTION ( 'NONE',  ( -0.000000000000000000, 1.000000000000000000, 0.000000000000000000 ) ) ;
#316 = DIRECTION ( 'NONE',  ( -0.000000000000000000, 1.000000000000000000, 0.000000000000000000 ) ) ;
#317 = PLANE ( 'NONE',  #756 ) ;
#318 = CARTESIAN_POINT ( 'NONE',  ( 0.9700000000000001954, 0.000000000000000000, 0.2500000000000001110 ) ) ;
#319 = AXIS2_PLACEMENT_3D ( 'NONE', #2362, #1995, #3654 ) ;
#320 = EDGE_LOOP ( 'NONE', ( #3109, #357, #144, #860, #3113, #916, #4313, #1190, #4384 ) ) ;
#321 = LINE ( 'NONE', #280, #4239 ) ;
#322 = CARTESIAN_POINT ( 'NONE',  ( 0.8500000000000001998, 0.4500000000000000111, -0.5499999999999999334 ) ) ;
#323 = DIRECTION ( 'NONE',  ( 0.000000000000000000, -1.000000000000000000, 0.000000000000000000 ) ) ;
#324 = CARTESIAN_POINT ( 'NONE',  ( -1.000000000000000222, 0.2000000000000000111, 0.8000000000000001554 ) ) ;
#325 = ORIENTED_EDGE ( 'NONE', *, *, #1170, .F. ) ;
#326 = ORIENTED_EDGE ( 'NONE', *, *, #37, .F. ) ;
#327 = EDGE_CURVE ( 'NONE', #1737, #1521, #1197, .T. ) ;
#328 = CARTESIAN_POINT ( 'NONE',  ( 0.9900000000000002132, 0.2000000000000000111, 0.6503337045290422669 ) ) ;
#329 = CARTESIAN_POINT ( 'NONE',  ( -1.000000000000000222, 0.2000000000000000111, -0.8000000000000001554 ) ) ;
#330 = EDGE_CURVE ( 'NONE', #3739, #1562, #336, .T. ) ;
#331 = FACE_OUTER_BOUND ( 'NONE', #3357, .T. ) ;
#332 = DIRECTION ( 'NONE',  ( 0.000000000000000000, -1.000000000000000000, -0.000000000000000000 ) ) ;
#333 = CARTESIAN_POINT ( 'NONE',  ( -0.000000000000000000, 0.2000000000000000111, -0.7900000000000001465 ) ) ;
#334 = EDGE_CURVE ( 'NONE', #1529, #4382, #358, .T. ) ;
#335 = ORIENTED_EDGE ( 'NONE', *, *, #2961, .F. ) ;
#336 = LINE ( 'NONE', #2661, #3716 ) ;
#337 = EDGE_CURVE ( 'NONE', #1920, #4158, #3428, .T. ) ;
#338 = DIRECTION ( 'NONE',  ( 0.000000000000000000, 0.000000000000000000, -1.000000000000000000 ) ) ;
#339 = ADVANCED_FACE ( 'NONE', ( #2453 ), #1412, .F. ) ;
#340 = FACE_OUTER_BOUND ( 'NONE', #3144, .T. ) ;
#341 = SURFACE_STYLE_USAGE ( .BOTH. , #2689 ) ;
#342 = ORIENTED_EDGE ( 'NONE', *, *, #4276, .F. ) ;
#343 = ADVANCED_FACE ( 'NONE', ( #80 ), #3165, .T. ) ;
#344 = DIRECTION ( 'NONE',  ( 0.000000000000000000, 0.000000000000000000, 1.000000000000000000 ) ) ;
#345 = CARTESIAN_POINT ( 'NONE',  ( 0.3500000000000002554, 0.000000000000000000, 0.7700000000000000178 ) ) ;
#346 = ORIENTED_EDGE ( 'NONE', *, *, #82, .T. ) ;
#347 = ORIENTED_EDGE ( 'NONE', *, *, #3904, .F. ) ;
#348 = DIRECTION ( 'NONE',  ( 1.000000000000000000, 0.000000000000000000, -1.042502088928369904E-16 ) ) ;
#349 = STYLED_ITEM ( 'NONE', ( #1590 ), #417 ) ;
#350 =( NAMED_UNIT ( * ) SI_UNIT ( $, .STERADIAN. ) SOLID_ANGLE_UNIT ( ) );
#351 = DIRECTION ( 'NONE',  ( 0.000000000000000000, 0.000000000000000000, -1.000000000000000000 ) ) ;
#352 = LINE ( 'NONE', #1718, #937 ) ;
#353 = DIRECTION ( 'NONE',  ( 0.000000000000000000, -1.000000000000000000, 0.000000000000000000 ) ) ;
#354 = UNCERTAINTY_MEASURE_WITH_UNIT (LENGTH_MEASURE( 1.000000000000000082E-05 ), #2443, 'distance_accuracy_value', 'NONE');
#355 = CARTESIAN_POINT ( 'NONE',  ( 0.3500000000000003109, 0.000000000000000000, -0.2500000000000001110 ) ) ;
#356 = VECTOR ( 'NONE', #207, 1000.000000000000000 ) ;
#357 = ORIENTED_EDGE ( 'NONE', *, *, #3098, .F. ) ;
#358 = LINE ( 'NONE', #1042, #3006 ) ;
#359 = AXIS2_PLACEMENT_3D ( 'NONE', #2784, #2835, #2459 ) ;
#360 = SURFACE_SIDE_STYLE ('',( #3123 ) ) ;
#361 = ADVANCED_FACE ( 'NONE', ( #2082 ), #1155, .F. ) ;
#362 = CARTESIAN_POINT ( 'NONE',  ( -0.3500000000000002554, 0.000000000000000000, 0.7700000000000000178 ) ) ;
#363 = DIRECTION ( 'NONE',  ( 0.000000000000000000, 0.000000000000000000, -1.000000000000000000 ) ) ;
#364 = ORIENTED_EDGE ( 'NONE', *, *, #103, .F. ) ;
#365 = MECHANICAL_DESIGN_GEOMETRIC_PRESENTATION_REPRESENTATION (  '', ( #1166 ), #2722 ) ;
#366 = EDGE_CURVE ( 'NONE', #3025, #401, #3999, .T. ) ;
#367 = DIRECTION ( 'NONE',  ( 0.000000000000000000, -1.000000000000000000, 0.000000000000000000 ) ) ;
#368 = VECTOR ( 'NONE', #3581, 1000.000000000000000 ) ;
#369 = CARTESIAN_POINT ( 'NONE',  ( -0.9900000000000002132, 0.2000000000000000111, 0.000000000000000000 ) ) ;
#370 = LINE ( 'NONE', #671, #1973 ) ;
#371 = LINE ( 'NONE', #1097, #531 ) ;
#372 = DIRECTION ( 'NONE',  ( 0.000000000000000000, 1.000000000000000000, 0.000000000000000000 ) ) ;
#373 = EDGE_LOOP ( 'NONE', ( #779, #3463, #197, #634 ) ) ;
#374 = UNCERTAINTY_MEASURE_WITH_UNIT (LENGTH_MEASURE( 1.000000000000000082E-05 ), #1987, 'distance_accuracy_value', 'NONE');
#375 = EDGE_LOOP ( 'NONE', ( #364, #4347, #2310, #1714 ) ) ;
#376 = SURFACE_SIDE_STYLE ('',( #1805 ) ) ;
#377 =( NAMED_UNIT ( * ) SI_UNIT ( $, .STERADIAN. ) SOLID_ANGLE_UNIT ( ) );
#378 = CARTESIAN_POINT ( 'NONE',  ( 1.000000000000000222, 0.2000000000000000111, -0.8000000000000001554 ) ) ;
#379 = DIRECTION ( 'NONE',  ( 0.000000000000000000, -1.000000000000000000, -0.000000000000000000 ) ) ;
#380 = FACE_OUTER_BOUND ( 'NONE', #117, .T. ) ;
#381 = AXIS2_PLACEMENT_3D ( 'NONE', #3391, #302, #44 ) ;
#382 = AXIS2_PLACEMENT_3D ( 'NONE', #188, #1554, #3956 ) ;
#383 = DIRECTION ( 'NONE',  ( 0.000000000000000000, -1.000000000000000000, -0.000000000000000000 ) ) ;
#384 = PRESENTATION_STYLE_ASSIGNMENT (( #3520 ) ) ;
#385 = COLOUR_RGB ( '',1.000000000000000000, 0.7843137254901960675, 0.000000000000000000 ) ;
#386 = UNCERTAINTY_MEASURE_WITH_UNIT (LENGTH_MEASURE( 1.000000000000000082E-05 ), #3057, 'distance_accuracy_value', 'NONE');
#387 = PRESENTATION_LAYER_ASSIGNMENT (  '', '', ( #1745 ) ) ;
#388 = ADVANCED_FACE ( 'NONE', ( #747 ), #2110, .T. ) ;
#389 = MECHANICAL_DESIGN_GEOMETRIC_PRESENTATION_REPRESENTATION (  '', ( #3041 ), #1963 ) ;
#390 = LINE ( 'NONE', #689, #237 ) ;
#391 =( LENGTH_UNIT ( ) NAMED_UNIT ( * ) SI_UNIT ( .MILLI., .METRE. ) );
#392 = VERTEX_POINT ( 'NONE', #2592 ) ;
#393 = LINE ( 'NONE', #2738, #2073 ) ;
#394 = EDGE_CURVE ( 'NONE', #2178, #3582, #1178, .T. ) ;
#395 =( GEOMETRIC_REPRESENTATION_CONTEXT ( 3 ) GLOBAL_UNCERTAINTY_ASSIGNED_CONTEXT ( ( #3663 ) ) GLOBAL_UNIT_ASSIGNED_CONTEXT ( ( #1290, #2074, #4452 ) ) REPRESENTATION_CONTEXT ( 'NONE', 'WORKASPACE' ) );
#396 = CARTESIAN_POINT ( 'NONE',  ( -0.3500000000000003109, 0.2000000000000000111, 0.2500000000000001110 ) ) ;
#397 =( GEOMETRIC_REPRESENTATION_CONTEXT ( 3 ) GLOBAL_UNCERTAINTY_ASSIGNED_CONTEXT ( ( #4021 ) ) GLOBAL_UNIT_ASSIGNED_CONTEXT ( ( #2473, #4170, #784 ) ) REPRESENTATION_CONTEXT ( 'NONE', 'WORKASPACE' ) );
#398 = ORIENTED_EDGE ( 'NONE', *, *, #228, .T. ) ;
#399 = AXIS2_PLACEMENT_3D ( 'NONE', #22, #323, #4412 ) ;
#400 = EDGE_CURVE ( 'NONE', #4173, #3990, #4304, .T. ) ;
#401 = VERTEX_POINT ( 'NONE', #2550 ) ;
#402 = PRESENTATION_STYLE_ASSIGNMENT (( #439 ) ) ;
#403 = COLOUR_RGB ( '',1.000000000000000000, 0.7843137254901960675, 0.000000000000000000 ) ;
#404 = DIRECTION ( 'NONE',  ( 1.000000000000000000, 0.000000000000000000, -0.000000000000000000 ) ) ;
#405 = CARTESIAN_POINT ( 'NONE',  ( 0.9900000000000002132, 0.000000000000000000, 0.000000000000000000 ) ) ;
#406 = CARTESIAN_POINT ( 'NONE',  ( -0.9900000000000002132, 0.2000000000000000111, 0.7005012562893380146 ) ) ;
#407 = CARTESIAN_POINT ( 'NONE',  ( -0.000000000000000000, 0.000000000000000000, -0.2500000000000001110 ) ) ;
#408 = EDGE_LOOP ( 'NONE', ( #177, #196, #3707, #1505 ) ) ;
#409 = FILL_AREA_STYLE_COLOUR ( '', #3026 ) ;
#410 = SURFACE_SIDE_STYLE ('',( #3474 ) ) ;
#411 = DIRECTION ( 'NONE',  ( 0.000000000000000000, -0.000000000000000000, 1.000000000000000000 ) ) ;
#412 = DIRECTION ( 'NONE',  ( 0.000000000000000000, 0.000000000000000000, 1.000000000000000000 ) ) ;
#413 = ORIENTED_EDGE ( 'NONE', *, *, #2213, .F. ) ;
#414 = SURFACE_STYLE_USAGE ( .BOTH. , #3411 ) ;
#415 = APPLICATION_PROTOCOL_DEFINITION ( 'draft international standard', 'automotive_design', 1998, #1484 ) ;
#416 = CARTESIAN_POINT ( 'NONE',  ( -1.000000000000000222, 0.000000000000000000, 0.8000000000000001554 ) ) ;
#417 = ADVANCED_FACE ( 'NONE', ( #248 ), #3632, .F. ) ;
#418 = DIRECTION ( 'NONE',  ( -1.042502088928369781E-16, -0.000000000000000000, 1.000000000000000000 ) ) ;
#419 = DIRECTION ( 'NONE',  ( -0.000000000000000000, -1.000000000000000000, -0.000000000000000000 ) ) ;
#420 = ORIENTED_EDGE ( 'NONE', *, *, #1594, .F. ) ;
#421 = VECTOR ( 'NONE', #307, 1000.000000000000000 ) ;
#422 = ORIENTED_EDGE ( 'NONE', *, *, #652, .T. ) ;
#423 =( NAMED_UNIT ( * ) PLANE_ANGLE_UNIT ( ) SI_UNIT ( $, .RADIAN. ) );
#424 = CARTESIAN_POINT ( 'NONE',  ( 0.9700000000000003064, 0.000000000000000000, 0.6530306154330092205 ) ) ;
#425 = CIRCLE ( 'NONE', #572, 0.1000000000000001582 ) ;
#426 = LINE ( 'NONE', #1696, #1270 ) ;
#427 = DIRECTION ( 'NONE',  ( 0.000000000000000000, 0.000000000000000000, -1.000000000000000000 ) ) ;
#428 = ORIENTED_EDGE ( 'NONE', *, *, #3709, .T. ) ;
#429 = AXIS2_PLACEMENT_3D ( 'NONE', #297, #2061, #1315 ) ;
#430 = FILL_AREA_STYLE ('',( #1796 ) ) ;
#431 = PLANE ( 'NONE',  #2944 ) ;
#432 = ORIENTED_EDGE ( 'NONE', *, *, #3671, .F. ) ;
#433 = PRESENTATION_STYLE_ASSIGNMENT (( #64 ) ) ;
#434 = DIRECTION ( 'NONE',  ( 0.000000000000000000, 0.000000000000000000, -1.000000000000000000 ) ) ;
#435 = ADVANCED_FACE ( 'NONE', ( #4327 ), #1268, .T. ) ;
#436 = LINE ( 'NONE', #461, #161 ) ;
#437 = ORIENTED_EDGE ( 'NONE', *, *, #2054, .F. ) ;
#438 = EDGE_LOOP ( 'NONE', ( #2602, #545, #3728, #2562 ) ) ;
#439 = SURFACE_STYLE_USAGE ( .BOTH. , #1738 ) ;
#440 = ADVANCED_FACE ( 'NONE', ( #3991 ), #2216, .T. ) ;
#441 = COLOUR_RGB ( '',0.7529411764705882248, 0.7529411764705882248, 0.7529411764705882248 ) ;
#442 = ORIENTED_EDGE ( 'NONE', *, *, #1856, .F. ) ;
#443 = DIRECTION ( 'NONE',  ( 0.000000000000000000, 0.000000000000000000, -1.000000000000000000 ) ) ;
#444 = CARTESIAN_POINT ( 'NONE',  ( 0.7500000000000001110, 0.3499999999999999778, -0.6500000000000000222 ) ) ;
#445 = EDGE_CURVE ( 'NONE', #566, #2099, #1616, .T. ) ;
#446 = CARTESIAN_POINT ( 'NONE',  ( 0.9700000000000003064, 0.2000000000000000111, 0.6530306154330092205 ) ) ;
#447 = ORIENTED_EDGE ( 'NONE', *, *, #4128, .F. ) ;
#448 = DIRECTION ( 'NONE',  ( 2.690123605921739456E-16, 0.000000000000000000, 1.000000000000000000 ) ) ;
#449 = AXIS2_PLACEMENT_3D ( 'NONE', #2607, #3961, #607 ) ;
#450 = ORIENTED_EDGE ( 'NONE', *, *, #4270, .F. ) ;
#451 = DIRECTION ( 'NONE',  ( 1.000000000000000000, 0.000000000000000000, -0.000000000000000000 ) ) ;
#452 = EDGE_CURVE ( 'NONE', #4019, #2631, #1862, .T. ) ;
#453 = CARTESIAN_POINT ( 'NONE',  ( -1.000000000000000222, 0.000000000000000000, -0.8000000000000001554 ) ) ;
#454 = PRESENTATION_LAYER_ASSIGNMENT (  '', '', ( #2446 ) ) ;
#455 = VERTEX_POINT ( 'NONE', #180 ) ;
#456 = DIRECTION ( 'NONE',  ( 2.690123605921739456E-16, 0.000000000000000000, -1.000000000000000000 ) ) ;
#457 = DIRECTION ( 'NONE',  ( 0.000000000000000000, -0.000000000000000000, 1.000000000000000000 ) ) ;
#458 = STYLED_ITEM ( 'NONE', ( #2913 ), #954 ) ;
#459 = VECTOR ( 'NONE', #3146, 1000.000000000000000 ) ;
#460 = EDGE_CURVE ( 'NONE', #1521, #3303, #2636, .T. ) ;
#461 = CARTESIAN_POINT ( 'NONE',  ( -0.9900000000000002132, 0.2000000000000000111, -0.6503337045290422669 ) ) ;
#462 =( LENGTH_UNIT ( ) NAMED_UNIT ( * ) SI_UNIT ( .MILLI., .METRE. ) );
#463 = ORIENTED_EDGE ( 'NONE', *, *, #522, .T. ) ;
#464 = VECTOR ( 'NONE', #3638, 1000.000000000000000 ) ;
#465 = VERTEX_POINT ( 'NONE', #4423 ) ;
#466 =( NAMED_UNIT ( * ) PLANE_ANGLE_UNIT ( ) SI_UNIT ( $, .RADIAN. ) );
#467 = EDGE_CURVE ( 'NONE', #1222, #234, #2037, .T. ) ;
#468 =( GEOMETRIC_REPRESENTATION_CONTEXT ( 3 ) GLOBAL_UNCERTAINTY_ASSIGNED_CONTEXT ( ( #1605 ) ) GLOBAL_UNIT_ASSIGNED_CONTEXT ( ( #2085, #4155, #1021 ) ) REPRESENTATION_CONTEXT ( 'NONE', 'WORKASPACE' ) );
#469 = FACE_OUTER_BOUND ( 'NONE', #1454, .T. ) ;
#470 = ORIENTED_EDGE ( 'NONE', *, *, #2559, .F. ) ;
#471 =( NAMED_UNIT ( * ) SI_UNIT ( $, .STERADIAN. ) SOLID_ANGLE_UNIT ( ) );
#472 = PRESENTATION_STYLE_ASSIGNMENT (( #2917 ) ) ;
#473 = DIRECTION ( 'NONE',  ( 0.000000000000000000, -1.000000000000000000, 0.000000000000000000 ) ) ;
#474 = ADVANCED_FACE ( 'NONE', ( #703 ), #942, .F. ) ;
#475 =( GEOMETRIC_REPRESENTATION_CONTEXT ( 3 ) GLOBAL_UNCERTAINTY_ASSIGNED_CONTEXT ( ( #1563 ) ) GLOBAL_UNIT_ASSIGNED_CONTEXT ( ( #2988, #3524, #4011 ) ) REPRESENTATION_CONTEXT ( 'NONE', 'WORKASPACE' ) );
#476 =( GEOMETRIC_REPRESENTATION_CONTEXT ( 3 ) GLOBAL_UNCERTAINTY_ASSIGNED_CONTEXT ( ( #2804 ) ) GLOBAL_UNIT_ASSIGNED_CONTEXT ( ( #3634, #1866, #155 ) ) REPRESENTATION_CONTEXT ( 'NONE', 'WORKASPACE' ) );
#477 = DIRECTION ( 'NONE',  ( 0.000000000000000000, -1.000000000000000000, 0.000000000000000000 ) ) ;
#478 = PRESENTATION_LAYER_ASSIGNMENT (  '', '', ( #2911 ) ) ;
#479 = ORIENTED_EDGE ( 'NONE', *, *, #2433, .T. ) ;
#480 = EDGE_LOOP ( 'NONE', ( #686, #1646, #63, #3512 ) ) ;
#481 = FILL_AREA_STYLE ('',( #3545 ) ) ;
#482 =( NAMED_UNIT ( * ) PLANE_ANGLE_UNIT ( ) SI_UNIT ( $, .RADIAN. ) );
#483 = EDGE_CURVE ( 'NONE', #3493, #2632, #1632, .T. ) ;
#484 = CARTESIAN_POINT ( 'NONE',  ( 0.000000000000000000, 0.000000000000000000, -0.7900000000000001465 ) ) ;
#485 =( NAMED_UNIT ( * ) PLANE_ANGLE_UNIT ( ) SI_UNIT ( $, .RADIAN. ) );
#486 = VERTEX_POINT ( 'NONE', #3741 ) ;
#487 = UNCERTAINTY_MEASURE_WITH_UNIT (LENGTH_MEASURE( 1.000000000000000082E-05 ), #3979, 'distance_accuracy_value', 'NONE');
#488 = SURFACE_STYLE_FILL_AREA ( #3552 ) ;
#489 = EDGE_CURVE ( 'NONE', #1984, #3152, #2656, .T. ) ;
#490 = LINE ( 'NONE', #1848, #1522 ) ;
#491 = FACE_OUTER_BOUND ( 'NONE', #480, .T. ) ;
#492 = VERTEX_POINT ( 'NONE', #2359 ) ;
#493 = ORIENTED_EDGE ( 'NONE', *, *, #924, .F. ) ;
#494 = DIRECTION ( 'NONE',  ( -2.690123605921739456E-16, 0.000000000000000000, 1.000000000000000000 ) ) ;
#495 =( GEOMETRIC_REPRESENTATION_CONTEXT ( 3 ) GLOBAL_UNCERTAINTY_ASSIGNED_CONTEXT ( ( #354 ) ) GLOBAL_UNIT_ASSIGNED_CONTEXT ( ( #2443, #2125, #738 ) ) REPRESENTATION_CONTEXT ( 'NONE', 'WORKASPACE' ) );
#496 = DIRECTION ( 'NONE',  ( 0.000000000000000000, 0.000000000000000000, -1.000000000000000000 ) ) ;
#497 = ORIENTED_EDGE ( 'NONE', *, *, #2770, .F. ) ;
#498 = PLANE ( 'NONE',  #852 ) ;
#499 = DIRECTION ( 'NONE',  ( 1.000000000000000000, 0.000000000000000000, -0.000000000000000000 ) ) ;
#500 = LINE ( 'NONE', #3883, #3445 ) ;
#501 = ORIENTED_EDGE ( 'NONE', *, *, #3485, .F. ) ;
#502 = CARTESIAN_POINT ( 'NONE',  ( -0.9700000000000000844, 0.2000000000000000111, 2.609419897744087001E-16 ) ) ;
#503 = DIRECTION ( 'NONE',  ( 0.000000000000000000, 0.000000000000000000, 1.000000000000000000 ) ) ;
#504 = DIRECTION ( 'NONE',  ( 0.000000000000000000, -1.000000000000000000, 0.000000000000000000 ) ) ;
#505 = SURFACE_SIDE_STYLE ('',( #184 ) ) ;
#506 = FACE_OUTER_BOUND ( 'NONE', #1565, .T. ) ;
#507 = CARTESIAN_POINT ( 'NONE',  ( 0.3500000000000002554, 0.2000000000000000111, 0.7700000000000000178 ) ) ;
#508 = ORIENTED_EDGE ( 'NONE', *, *, #145, .T. ) ;
#509 = EDGE_CURVE ( 'NONE', #486, #4421, #1604, .T. ) ;
#510 = PRESENTATION_LAYER_ASSIGNMENT (  '', '', ( #3239 ) ) ;
#511 = CARTESIAN_POINT ( 'NONE',  ( -0.9900000000000002132, 0.2000000000000000111, 0.6503337045290422669 ) ) ;
#512 = DIRECTION ( 'NONE',  ( 0.000000000000000000, 0.000000000000000000, 1.000000000000000000 ) ) ;
#513 = ORIENTED_EDGE ( 'NONE', *, *, #4012, .T. ) ;
#514 = ORIENTED_EDGE ( 'NONE', *, *, #2104, .T. ) ;
#515 = CIRCLE ( 'NONE', #3018, 0.1500000000000001887 ) ;
#516 = DIRECTION ( 'NONE',  ( -0.000000000000000000, -1.000000000000000000, -0.000000000000000000 ) ) ;
#517 = EDGE_CURVE ( 'NONE', #2195, #3465, #1363, .T. ) ;
#518 = ORIENTED_EDGE ( 'NONE', *, *, #1064, .F. ) ;
#519 = VECTOR ( 'NONE', #1631, 1000.000000000000000 ) ;
#520 =( GEOMETRIC_REPRESENTATION_CONTEXT ( 3 ) GLOBAL_UNCERTAINTY_ASSIGNED_CONTEXT ( ( #1161 ) ) GLOBAL_UNIT_ASSIGNED_CONTEXT ( ( #3015, #976, #2781 ) ) REPRESENTATION_CONTEXT ( 'NONE', 'WORKASPACE' ) );
#521 = CARTESIAN_POINT ( 'NONE',  ( -0.7499999999999998890, 0.4500000000000000111, 0.5500000000000002665 ) ) ;
#522 = EDGE_CURVE ( 'NONE', #3201, #2791, #4075, .T. ) ;
#523 = CARTESIAN_POINT ( 'NONE',  ( -0.3500000000000003109, 0.2000000000000000111, -3.648757311249297561E-17 ) ) ;
#524 = CARTESIAN_POINT ( 'NONE',  ( -0.9900000000000002132, 0.2000000000000000111, -0.7005012562893380146 ) ) ;
#525 = EDGE_CURVE ( 'NONE', #1019, #4234, #4393, .T. ) ;
#526 = STYLED_ITEM ( 'NONE', ( #1380 ), #2419 ) ;
#527 = PRESENTATION_STYLE_ASSIGNMENT (( #3656 ) ) ;
#528 = SURFACE_STYLE_USAGE ( .BOTH. , #3927 ) ;
#529 = ORIENTED_EDGE ( 'NONE', *, *, #394, .T. ) ;
#530 = ADVANCED_FACE ( 'NONE', ( #271 ), #1330, .F. ) ;
#531 = VECTOR ( 'NONE', #4163, 1000.000000000000000 ) ;
#532 = CARTESIAN_POINT ( 'NONE',  ( 1.000000000000000222, 0.000000000000000000, -0.8000000000000001554 ) ) ;
#533 = MECHANICAL_DESIGN_GEOMETRIC_PRESENTATION_REPRESENTATION (  '', ( #1379 ), #1662 ) ;
#534 = FILL_AREA_STYLE_COLOUR ( '', #3261 ) ;
#535 = ORIENTED_EDGE ( 'NONE', *, *, #2091, .T. ) ;
#536 = AXIS2_PLACEMENT_3D ( 'NONE', #723, #3160, #3117 ) ;
#537 = ORIENTED_EDGE ( 'NONE', *, *, #2091, .F. ) ;
#538 = PLANE ( 'NONE',  #2373 ) ;
#539 = STYLED_ITEM ( 'NONE', ( #3177 ), #936 ) ;
#540 = COLOUR_RGB ( '',1.000000000000000000, 0.7843137254901960675, 0.000000000000000000 ) ;
#541 = LINE ( 'NONE', #3536, #1247 ) ;
#542 = ORIENTED_EDGE ( 'NONE', *, *, #2914, .T. ) ;
#543 = CIRCLE ( 'NONE', #1115, 0.1500000000000001887 ) ;
#544 = DIRECTION ( 'NONE',  ( 0.000000000000000000, 0.000000000000000000, -1.000000000000000000 ) ) ;
#545 = ORIENTED_EDGE ( 'NONE', *, *, #3225, .F. ) ;
#546 = VECTOR ( 'NONE', #773, 1000.000000000000000 ) ;
#547 = CARTESIAN_POINT ( 'NONE',  ( 0.9005012562893380812, 0.000000000000000000, 0.7900000000000001465 ) ) ;
#548 = ORIENTED_EDGE ( 'NONE', *, *, #1159, .F. ) ;
#549 = ORIENTED_EDGE ( 'NONE', *, *, #2147, .T. ) ;
#550 = VECTOR ( 'NONE', #3868, 1000.000000000000000 ) ;
#551 = CIRCLE ( 'NONE', #102, 0.09999999999999999167 ) ;
#552 = DIRECTION ( 'NONE',  ( 0.000000000000000000, -0.000000000000000000, 1.000000000000000000 ) ) ;
#553 = PLANE ( 'NONE',  #2829 ) ;
#554 =( GEOMETRIC_REPRESENTATION_CONTEXT ( 3 ) GLOBAL_UNCERTAINTY_ASSIGNED_CONTEXT ( ( #3526 ) ) GLOBAL_UNIT_ASSIGNED_CONTEXT ( ( #462, #90, #2508 ) ) REPRESENTATION_CONTEXT ( 'NONE', 'WORKASPACE' ) );
#555 = DIRECTION ( 'NONE',  ( 0.000000000000000000, 0.000000000000000000, 1.000000000000000000 ) ) ;
#556 = CARTESIAN_POINT ( 'NONE',  ( 0.9900000000000002132, 0.2000000000000000111, 0.000000000000000000 ) ) ;
#557 = FILL_AREA_STYLE ('',( #204 ) ) ;
#558 = FACE_OUTER_BOUND ( 'NONE', #4049, .T. ) ;
#559 = LINE ( 'NONE', #3332, #3936 ) ;
#560 = ORIENTED_EDGE ( 'NONE', *, *, #1754, .T. ) ;
#561 = ADVANCED_FACE ( 'NONE', ( #2725 ), #970, .F. ) ;
#562 = ORIENTED_EDGE ( 'NONE', *, *, #3205, .T. ) ;
#563 = EDGE_CURVE ( 'NONE', #2022, #4234, #3719, .T. ) ;
#564 = DIRECTION ( 'NONE',  ( 0.000000000000000000, -1.000000000000000000, 0.000000000000000000 ) ) ;
#565 = VERTEX_POINT ( 'NONE', #3382 ) ;
#566 = VERTEX_POINT ( 'NONE', #3055 ) ;
#567 = FILL_AREA_STYLE ('',( #833 ) ) ;
#568 = ORIENTED_EDGE ( 'NONE', *, *, #1506, .F. ) ;
#569 = CARTESIAN_POINT ( 'NONE',  ( -0.3500000000000003109, 0.000000000000000000, -0.2500000000000000555 ) ) ;
#570 = DIRECTION ( 'NONE',  ( -1.000000000000000000, 0.000000000000000000, 6.377659838150026227E-17 ) ) ;
#571 = CARTESIAN_POINT ( 'NONE',  ( 0.9900000000000002132, 0.2000000000000000111, -0.6503337045290422669 ) ) ;
#572 = AXIS2_PLACEMENT_3D ( 'NONE', #3833, #4126, #4196 ) ;
#573 = FILL_AREA_STYLE_COLOUR ( '', #888 ) ;
#574 = DIRECTION ( 'NONE',  ( 0.000000000000000000, -1.000000000000000000, -0.000000000000000000 ) ) ;
#575 = VECTOR ( 'NONE', #1888, 1000.000000000000000 ) ;
#576 = SURFACE_STYLE_FILL_AREA ( #3978 ) ;
#577 = SURFACE_STYLE_FILL_AREA ( #3312 ) ;
#578 = ORIENTED_EDGE ( 'NONE', *, *, #3930, .T. ) ;
#579 = VERTEX_POINT ( 'NONE', #4219 ) ;
#580 = CARTESIAN_POINT ( 'NONE',  ( 0.000000000000000000, 0.2000000000000000111, 0.7900000000000001465 ) ) ;
#581 = STYLED_ITEM ( 'NONE', ( #2344 ), #1648 ) ;
#582 = UNCERTAINTY_MEASURE_WITH_UNIT (LENGTH_MEASURE( 1.000000000000000082E-05 ), #1348, 'distance_accuracy_value', 'NONE');
#583 = LINE ( 'NONE', #988, #2019 ) ;
#584 = FACE_OUTER_BOUND ( 'NONE', #199, .T. ) ;
#585 = VERTEX_POINT ( 'NONE', #2849 ) ;
#586 = EDGE_CURVE ( 'NONE', #3531, #1849, #4197, .T. ) ;
#587 = VECTOR ( 'NONE', #2013, 1000.000000000000000 ) ;
#588 = ORIENTED_EDGE ( 'NONE', *, *, #7, .F. ) ;
#589 =( NAMED_UNIT ( * ) SI_UNIT ( $, .STERADIAN. ) SOLID_ANGLE_UNIT ( ) );
#590 = MECHANICAL_DESIGN_GEOMETRIC_PRESENTATION_REPRESENTATION (  '', ( #1364 ), #4236 ) ;
#591 = CARTESIAN_POINT ( 'NONE',  ( 0.9700000000000003064, 0.2000000000000000111, 0.6530306154330092205 ) ) ;
#592 = DIRECTION ( 'NONE',  ( -0.000000000000000000, 1.000000000000000000, -0.000000000000000000 ) ) ;
#593 = DIRECTION ( 'NONE',  ( 1.000000000000000000, 0.000000000000000000, 0.000000000000000000 ) ) ;
#594 = ADVANCED_FACE ( 'NONE', ( #2776 ), #1106, .F. ) ;
#595 = PRESENTATION_STYLE_ASSIGNMENT (( #796 ) ) ;
#596 = AXIS2_PLACEMENT_3D ( 'NONE', #2800, #812, #745 ) ;
#597 = CARTESIAN_POINT ( 'NONE',  ( 0.9900000000000002132, 0.2000000000000000111, 0.7005012562893380146 ) ) ;
#598 = FACE_OUTER_BOUND ( 'NONE', #4215, .T. ) ;
#599 = CARTESIAN_POINT ( 'NONE',  ( -0.9700000000000001954, 0.2000000000000000111, -0.2500000000000001110 ) ) ;
#600 = DIRECTION ( 'NONE',  ( -0.000000000000000000, 1.000000000000000000, -0.000000000000000000 ) ) ;
#601 = PRESENTATION_LAYER_ASSIGNMENT (  '', '', ( #3171 ) ) ;
#602 = CARTESIAN_POINT ( 'NONE',  ( -0.9900000000000002132, 0.2000000000000000111, 0.6503337045290422669 ) ) ;
#603 = VERTEX_POINT ( 'NONE', #2494 ) ;
#604 = ORIENTED_EDGE ( 'NONE', *, *, #2568, .F. ) ;
#605 = CARTESIAN_POINT ( 'NONE',  ( 0.8503337045290424445, 0.2000000000000000111, -0.7900000000000002576 ) ) ;
#606 = VECTOR ( 'NONE', #89, 1000.000000000000000 ) ;
#607 = DIRECTION ( 'NONE',  ( 0.000000000000000000, 0.000000000000000000, -1.000000000000000000 ) ) ;
#608 = ORIENTED_EDGE ( 'NONE', *, *, #4386, .F. ) ;
#609 =( GEOMETRIC_REPRESENTATION_CONTEXT ( 3 ) GLOBAL_UNCERTAINTY_ASSIGNED_CONTEXT ( ( #264 ) ) GLOBAL_UNIT_ASSIGNED_CONTEXT ( ( #2445, #2103, #2795 ) ) REPRESENTATION_CONTEXT ( 'NONE', 'WORKASPACE' ) );
#610 = ORIENTED_EDGE ( 'NONE', *, *, #2639, .F. ) ;
#611 = CARTESIAN_POINT ( 'NONE',  ( 0.3500000000000002554, 0.2000000000000000111, 0.7700000000000000178 ) ) ;
#612 = VECTOR ( 'NONE', #2918, 1000.000000000000000 ) ;
#613 = PRESENTATION_LAYER_ASSIGNMENT (  '', '', ( #2106 ) ) ;
#614 = CARTESIAN_POINT ( 'NONE',  ( 0.9000000000000001332, 0.000000000000000000, -0.8000000000000001554 ) ) ;
#615 = EDGE_CURVE ( 'NONE', #826, #2853, #1812, .T. ) ;
#616 =( NAMED_UNIT ( * ) SI_UNIT ( $, .STERADIAN. ) SOLID_ANGLE_UNIT ( ) );
#617 = CARTESIAN_POINT ( 'NONE',  ( -0.8499999999999999778, 0.4500000000000000111, 0.6500000000000002442 ) ) ;
#618 = ORIENTED_EDGE ( 'NONE', *, *, #308, .T. ) ;
#619 = PRESENTATION_STYLE_ASSIGNMENT (( #4078 ) ) ;
#620 = VECTOR ( 'NONE', #1674, 1000.000000000000000 ) ;
#621 =( GEOMETRIC_REPRESENTATION_CONTEXT ( 3 ) GLOBAL_UNCERTAINTY_ASSIGNED_CONTEXT ( ( #386 ) ) GLOBAL_UNIT_ASSIGNED_CONTEXT ( ( #3057, #4055, #1018 ) ) REPRESENTATION_CONTEXT ( 'NONE', 'WORKASPACE' ) );
#622 = CARTESIAN_POINT ( 'NONE',  ( 1.000000000000000222, 0.000000000000000000, -0.8000000000000001554 ) ) ;
#623 = VECTOR ( 'NONE', #2827, 1000.000000000000000 ) ;
#624 = EDGE_CURVE ( 'NONE', #85, #3295, #3834, .T. ) ;
#625 =( NAMED_UNIT ( * ) PLANE_ANGLE_UNIT ( ) SI_UNIT ( $, .RADIAN. ) );
#626 = CARTESIAN_POINT ( 'NONE',  ( 1.000000000000000222, 0.000000000000000000, 0.7999999999999999334 ) ) ;
#627 = EDGE_LOOP ( 'NONE', ( #170, #3846, #3281, #2465 ) ) ;
#628 = CARTESIAN_POINT ( 'NONE',  ( -1.000000000000000222, 0.2000000000000000111, -0.8000000000000001554 ) ) ;
#629 = EDGE_CURVE ( 'NONE', #2215, #1579, #1961, .T. ) ;
#630 = UNCERTAINTY_MEASURE_WITH_UNIT (LENGTH_MEASURE( 1.000000000000000082E-05 ), #4440, 'distance_accuracy_value', 'NONE');
#631 = DIRECTION ( 'NONE',  ( -1.000000000000000000, 0.000000000000000000, 0.000000000000000000 ) ) ;
#632 = ORIENTED_EDGE ( 'NONE', *, *, #467, .T. ) ;
#633 = EDGE_CURVE ( 'NONE', #2631, #3714, #3186, .T. ) ;
#634 = ORIENTED_EDGE ( 'NONE', *, *, #4128, .T. ) ;
#635 = DIRECTION ( 'NONE',  ( -1.000000000000000000, 0.000000000000000000, -1.042502088928369904E-16 ) ) ;
#636 = DIRECTION ( 'NONE',  ( 2.690123605921739456E-16, 0.000000000000000000, 1.000000000000000000 ) ) ;
#637 = CARTESIAN_POINT ( 'NONE',  ( -0.3500000000000003109, 0.2000000000000000111, 3.648757311249297561E-17 ) ) ;
#638 = EDGE_CURVE ( 'NONE', #401, #1639, #2105, .T. ) ;
#639 = DIRECTION ( 'NONE',  ( -0.000000000000000000, -1.000000000000000000, 0.000000000000000000 ) ) ;
#640 = DIRECTION ( 'NONE',  ( 0.000000000000000000, 0.000000000000000000, 1.000000000000000000 ) ) ;
#641 = EDGE_CURVE ( 'NONE', #1446, #991, #100, .T. ) ;
#642 = VECTOR ( 'NONE', #243, 1000.000000000000000 ) ;
#643 = CARTESIAN_POINT ( 'NONE',  ( -1.000000000000000222, 0.2000000000000000111, 0.8000000000000001554 ) ) ;
#644 = FACE_OUTER_BOUND ( 'NONE', #3537, .T. ) ;
#645 = ORIENTED_EDGE ( 'NONE', *, *, #4425, .F. ) ;
#646 = DIRECTION ( 'NONE',  ( 0.000000000000000000, 0.000000000000000000, 1.000000000000000000 ) ) ;
#647 = ADVANCED_FACE ( 'NONE', ( #2403 ), #1768, .F. ) ;
#648 = LINE ( 'NONE', #1320, #4043 ) ;
#649 = CARTESIAN_POINT ( 'NONE',  ( -0.8503337045290424445, 0.000000000000000000, -0.7900000000000001465 ) ) ;
#650 = DIRECTION ( 'NONE',  ( -0.000000000000000000, 0.000000000000000000, 1.000000000000000000 ) ) ;
#651 = ORIENTED_EDGE ( 'NONE', *, *, #3136, .F. ) ;
#652 = EDGE_CURVE ( 'NONE', #4290, #4070, #1473, .T. ) ;
#653 = VERTEX_POINT ( 'NONE', #3489 ) ;
#654 = CARTESIAN_POINT ( 'NONE',  ( -0.8000000000000000444, 0.3499999999999999778, 0.7000000000000001776 ) ) ;
#655 = COLOUR_RGB ( '',1.000000000000000000, 0.7843137254901960675, 0.000000000000000000 ) ;
#656 = VECTOR ( 'NONE', #311, 1000.000000000000000 ) ;
#657 = ORIENTED_EDGE ( 'NONE', *, *, #2428, .T. ) ;
#658 = CARTESIAN_POINT ( 'NONE',  ( -0.9999999999999997780, 0.2500000000000000000, -0.8000000000000001554 ) ) ;
#659 = CARTESIAN_POINT ( 'NONE',  ( 0.000000000000000000, 0.000000000000000000, 0.7900000000000001465 ) ) ;
#660 = CIRCLE ( 'NONE', #359, 0.1500000000000001887 ) ;
#661 = EDGE_CURVE ( 'NONE', #1833, #2000, #1386, .T. ) ;
#662 = SURFACE_STYLE_FILL_AREA ( #4080 ) ;
#663 = VECTOR ( 'NONE', #3861, 1000.000000000000000 ) ;
#664 = DIRECTION ( 'NONE',  ( -1.042502088928369904E-16, 0.000000000000000000, -1.000000000000000000 ) ) ;
#665 = PRESENTATION_LAYER_ASSIGNMENT (  '', '', ( #3734 ) ) ;
#666 = PRESENTATION_STYLE_ASSIGNMENT (( #1001 ) ) ;
#667 =( LENGTH_UNIT ( ) NAMED_UNIT ( * ) SI_UNIT ( .MILLI., .METRE. ) );
#668 = ORIENTED_EDGE ( 'NONE', *, *, #1034, .T. ) ;
#669 = FACE_OUTER_BOUND ( 'NONE', #1188, .T. ) ;
#670 = ADVANCED_FACE ( 'NONE', ( #380 ), #1408, .T. ) ;
#671 = CARTESIAN_POINT ( 'NONE',  ( 0.000000000000000000, 0.000000000000000000, -0.7900000000000001465 ) ) ;
#672 = LINE ( 'NONE', #2370, #3667 ) ;
#673 =( NAMED_UNIT ( * ) SI_UNIT ( $, .STERADIAN. ) SOLID_ANGLE_UNIT ( ) );
#674 = ORIENTED_EDGE ( 'NONE', *, *, #3620, .T. ) ;
#675 = VECTOR ( 'NONE', #2773, 1000.000000000000000 ) ;
#676 = ORIENTED_EDGE ( 'NONE', *, *, #1208, .T. ) ;
#677 =( LENGTH_UNIT ( ) NAMED_UNIT ( * ) SI_UNIT ( .MILLI., .METRE. ) );
#678 = SURFACE_STYLE_FILL_AREA ( #6 ) ;
#679 = DIRECTION ( 'NONE',  ( 0.000000000000000000, 0.000000000000000000, 1.000000000000000000 ) ) ;
#680 = VECTOR ( 'NONE', #232, 1000.000000000000000 ) ;
#681 = ORIENTED_EDGE ( 'NONE', *, *, #624, .T. ) ;
#682 = SURFACE_STYLE_USAGE ( .BOTH. , #3740 ) ;
#683 = CARTESIAN_POINT ( 'NONE',  ( 0.000000000000000000, 0.2000000000000000111, 0.2500000000000001110 ) ) ;
#684 = COLOUR_RGB ( '',1.000000000000000000, 0.7843137254901960675, 0.000000000000000000 ) ;
#685 = LINE ( 'NONE', #3745, #3280 ) ;
#686 = ORIENTED_EDGE ( 'NONE', *, *, #2542, .F. ) ;
#687 = LINE ( 'NONE', #1655, #3167 ) ;
#688 = STYLED_ITEM ( 'NONE', ( #1725 ), #3702 ) ;
#689 = CARTESIAN_POINT ( 'NONE',  ( -0.3500000000000002554, 0.2000000000000000111, -0.7700000000000000178 ) ) ;
#690 = DIRECTION ( 'NONE',  ( 0.000000000000000000, 0.000000000000000000, -1.000000000000000000 ) ) ;
#691 = ORIENTED_EDGE ( 'NONE', *, *, #1950, .T. ) ;
#692 = DIRECTION ( 'NONE',  ( -1.000000000000000000, 0.000000000000000000, 1.913297951445007622E-16 ) ) ;
#693 =( LENGTH_UNIT ( ) NAMED_UNIT ( * ) SI_UNIT ( .MILLI., .METRE. ) );
#694 = DIRECTION ( 'NONE',  ( -1.000000000000000000, 0.000000000000000000, 0.000000000000000000 ) ) ;
#695 = VECTOR ( 'NONE', #1108, 1000.000000000000000 ) ;
#696 = SURFACE_SIDE_STYLE ('',( #3732 ) ) ;
#697 = ORIENTED_EDGE ( 'NONE', *, *, #256, .T. ) ;
#698 = UNCERTAINTY_MEASURE_WITH_UNIT (LENGTH_MEASURE( 1.000000000000000082E-05 ), #3717, 'distance_accuracy_value', 'NONE');
#699 = ORIENTED_EDGE ( 'NONE', *, *, #3485, .T. ) ;
#700 = LINE ( 'NONE', #1470, #1381 ) ;
#701 = CARTESIAN_POINT ( 'NONE',  ( 0.9005012562893380812, 0.000000000000000000, 0.7900000000000001465 ) ) ;
#702 = DIRECTION ( 'NONE',  ( 4.336808689942010636E-15, 0.000000000000000000, 1.000000000000000000 ) ) ;
#703 = FACE_OUTER_BOUND ( 'NONE', #1683, .T. ) ;
#704 = DIRECTION ( 'NONE',  ( 0.000000000000000000, 0.000000000000000000, 1.000000000000000000 ) ) ;
#705 = VERTEX_POINT ( 'NONE', #172 ) ;
#706 = CARTESIAN_POINT ( 'NONE',  ( -0.000000000000000000, 0.000000000000000000, -0.7900000000000001465 ) ) ;
#707 = ADVANCED_FACE ( 'NONE', ( #2871 ), #3628, .T. ) ;
#708 = CARTESIAN_POINT ( 'NONE',  ( 0.8000000000000001554, 0.3499999999999999778, 0.6000000000000001998 ) ) ;
#709 =( NAMED_UNIT ( * ) PLANE_ANGLE_UNIT ( ) SI_UNIT ( $, .RADIAN. ) );
#710 = SURFACE_STYLE_FILL_AREA ( #3059 ) ;
#711 = EDGE_LOOP ( 'NONE', ( #1369, #3486, #2875, #2868, #1911, #3595, #3254, #4409, #3299 ) ) ;
#712 = PRESENTATION_STYLE_ASSIGNMENT (( #414 ) ) ;
#713 = LINE ( 'NONE', #798, #2599 ) ;
#714 = SURFACE_STYLE_FILL_AREA ( #3802 ) ;
#715 =( LENGTH_UNIT ( ) NAMED_UNIT ( * ) SI_UNIT ( .MILLI., .METRE. ) );
#716 = CARTESIAN_POINT ( 'NONE',  ( 0.9900000000000002132, 0.2000000000000000111, 0.000000000000000000 ) ) ;
#717 = ORIENTED_EDGE ( 'NONE', *, *, #1192, .T. ) ;
#718 = COLOUR_RGB ( '',1.000000000000000000, 0.7843137254901960675, 0.000000000000000000 ) ;
#719 = VERTEX_POINT ( 'NONE', #1544 ) ;
#720 = SURFACE_STYLE_FILL_AREA ( #4122 ) ;
#721 = AXIS2_PLACEMENT_3D ( 'NONE', #3304, #2941, #2281 ) ;
#722 = SURFACE_STYLE_FILL_AREA ( #3419 ) ;
#723 = CARTESIAN_POINT ( 'NONE',  ( 1.000000000000000222, 0.000000000000000000, -0.8000000000000001554 ) ) ;
#724 = EDGE_CURVE ( 'NONE', #3695, #3596, #3302, .T. ) ;
#725 = LINE ( 'NONE', #2039, #2321 ) ;
#726 = VECTOR ( 'NONE', #4406, 1000.000000000000000 ) ;
#727 = EDGE_CURVE ( 'NONE', #3946, #565, #2968, .T. ) ;
#728 = CIRCLE ( 'NONE', #1230, 0.1000000000000000472 ) ;
#729 = EDGE_CURVE ( 'NONE', #2178, #3532, #2596, .T. ) ;
#730 = CARTESIAN_POINT ( 'NONE',  ( -0.9900000000000002132, 0.000000000000000000, 0.000000000000000000 ) ) ;
#731 = ORIENTED_EDGE ( 'NONE', *, *, #509, .T. ) ;
#732 = CARTESIAN_POINT ( 'NONE',  ( -0.9700000000000003064, 0.2000000000000000111, -0.6530306154330092205 ) ) ;
#733 = SURFACE_SIDE_STYLE ('',( #714 ) ) ;
#734 = PLANE ( 'NONE',  #381 ) ;
#735 = FILL_AREA_STYLE ('',( #4091 ) ) ;
#736 = ORIENTED_EDGE ( 'NONE', *, *, #2824, .F. ) ;
#737 = ORIENTED_EDGE ( 'NONE', *, *, #2387, .T. ) ;
#738 =( NAMED_UNIT ( * ) SI_UNIT ( $, .STERADIAN. ) SOLID_ANGLE_UNIT ( ) );
#739 = ADVANCED_FACE ( 'NONE', ( #1492 ), #124, .F. ) ;
#740 = VECTOR ( 'NONE', #2543, 1000.000000000000000 ) ;
#741 = CARTESIAN_POINT ( 'NONE',  ( 0.000000000000000000, 0.2000000000000000111, 0.7700000000000000178 ) ) ;
#742 = AXIS2_PLACEMENT_3D ( 'NONE', #3482, #3206, #1439 ) ;
#743 = AXIS2_PLACEMENT_3D ( 'NONE', #4427, #3453, #2709 ) ;
#744 = EDGE_CURVE ( 'NONE', #4019, #2123, #1262, .T. ) ;
#745 = DIRECTION ( 'NONE',  ( 0.000000000000000000, 0.000000000000000000, -1.000000000000000000 ) ) ;
#746 = CIRCLE ( 'NONE', #3822, 0.1500000000000001887 ) ;
#747 = FACE_OUTER_BOUND ( 'NONE', #1359, .T. ) ;
#748 = EDGE_LOOP ( 'NONE', ( #2571, #1757, #2721, #2769, #3210, #4154, #2515, #3296 ) ) ;
#749 = AXIS2_PLACEMENT_3D ( 'NONE', #4246, #2502, #3865 ) ;
#750 = LINE ( 'NONE', #3451, #546 ) ;
#751 = AXIS2_PLACEMENT_3D ( 'NONE', #416, #1051, #3437 ) ;
#752 = CARTESIAN_POINT ( 'NONE',  ( 0.8530306154330093982, 0.2000000000000000111, 0.7700000000000000178 ) ) ;
#753 = DIRECTION ( 'NONE',  ( 0.000000000000000000, 0.000000000000000000, 1.000000000000000000 ) ) ;
#754 = EDGE_LOOP ( 'NONE', ( #3132, #347, #674, #4325 ) ) ;
#755 = PLANE ( 'NONE',  #3195 ) ;
#756 = AXIS2_PLACEMENT_3D ( 'NONE', #1681, #1313, #3058 ) ;
#757 = DIRECTION ( 'NONE',  ( -1.000000000000000000, 0.000000000000000000, 0.000000000000000000 ) ) ;
#758 = DIRECTION ( 'NONE',  ( 0.000000000000000000, -1.000000000000000000, -0.000000000000000000 ) ) ;
#759 = ORIENTED_EDGE ( 'NONE', *, *, #2866, .F. ) ;
#760 = PRESENTATION_LAYER_ASSIGNMENT (  '', '', ( #2533 ) ) ;
#761 =( GEOMETRIC_REPRESENTATION_CONTEXT ( 3 ) GLOBAL_UNCERTAINTY_ASSIGNED_CONTEXT ( ( #58 ) ) GLOBAL_UNIT_ASSIGNED_CONTEXT ( ( #2175, #1181, #3246 ) ) REPRESENTATION_CONTEXT ( 'NONE', 'WORKASPACE' ) );
#762 = EDGE_LOOP ( 'NONE', ( #1322, #3907, #1134, #3674 ) ) ;
#763 = DIRECTION ( 'NONE',  ( -1.042502088928369904E-16, 0.000000000000000000, -1.000000000000000000 ) ) ;
#764 = COLOUR_RGB ( '',1.000000000000000000, 0.7843137254901960675, 0.000000000000000000 ) ;
#765 = MECHANICAL_DESIGN_GEOMETRIC_PRESENTATION_REPRESENTATION (  '', ( #3763 ), #1618 ) ;
#766 = CARTESIAN_POINT ( 'NONE',  ( 0.9900000000000002132, 0.000000000000000000, -0.7005012562893380146 ) ) ;
#767 = EDGE_CURVE ( 'NONE', #3627, #2345, #848, .T. ) ;
#768 = CARTESIAN_POINT ( 'NONE',  ( 0.3500000000000003109, 0.000000000000000000, 0.2500000000000000555 ) ) ;
#769 = DIRECTION ( 'NONE',  ( 0.000000000000000000, -1.000000000000000000, -0.000000000000000000 ) ) ;
#770 = CARTESIAN_POINT ( 'NONE',  ( 0.8503337045290424445, 0.000000000000000000, 0.7900000000000002576 ) ) ;
#771 = VERTEX_POINT ( 'NONE', #1517 ) ;
#772 = SURFACE_SIDE_STYLE ('',( #2801 ) ) ;
#773 = DIRECTION ( 'NONE',  ( -0.000000000000000000, -1.000000000000000000, -0.000000000000000000 ) ) ;
#774 = ADVANCED_FACE ( 'NONE', ( #4298 ), #1240, .F. ) ;
#775 = DIRECTION ( 'NONE',  ( 0.000000000000000000, 0.000000000000000000, -1.000000000000000000 ) ) ;
#776 = CARTESIAN_POINT ( 'NONE',  ( 0.9700000000000001954, 0.2000000000000000111, -0.2500000000000001110 ) ) ;
#777 = DIRECTION ( 'NONE',  ( -0.000000000000000000, -1.000000000000000000, 0.000000000000000000 ) ) ;
#778 = DIRECTION ( 'NONE',  ( -0.000000000000000000, 1.000000000000000000, 0.000000000000000000 ) ) ;
#779 = ORIENTED_EDGE ( 'NONE', *, *, #1864, .T. ) ;
#780 = ORIENTED_EDGE ( 'NONE', *, *, #813, .T. ) ;
#781 = PRESENTATION_STYLE_ASSIGNMENT (( #1405 ) ) ;
#782 = VERTEX_POINT ( 'NONE', #4436 ) ;
#783 =( LENGTH_UNIT ( ) NAMED_UNIT ( * ) SI_UNIT ( .MILLI., .METRE. ) );
#784 =( NAMED_UNIT ( * ) SI_UNIT ( $, .STERADIAN. ) SOLID_ANGLE_UNIT ( ) );
#785 = CARTESIAN_POINT ( 'NONE',  ( 0.000000000000000000, 0.000000000000000000, 0.7900000000000001465 ) ) ;
#786 = ORIENTED_EDGE ( 'NONE', *, *, #1275, .T. ) ;
#787 = SURFACE_STYLE_FILL_AREA ( #3840 ) ;
#788 =( LENGTH_UNIT ( ) NAMED_UNIT ( * ) SI_UNIT ( .MILLI., .METRE. ) );
#789 = ORIENTED_EDGE ( 'NONE', *, *, #3519, .T. ) ;
#790 = CARTESIAN_POINT ( 'NONE',  ( 0.000000000000000000, 0.2000000000000000111, -0.7700000000000000178 ) ) ;
#791 = MECHANICAL_DESIGN_GEOMETRIC_PRESENTATION_REPRESENTATION (  '', ( #1012 ), #2495 ) ;
#792 = AXIS2_PLACEMENT_3D ( 'NONE', #4074, #3718, #247 ) ;
#793 = LINE ( 'NONE', #2155, #1455 ) ;
#794 = SURFACE_STYLE_USAGE ( .BOTH. , #4157 ) ;
#795 = VERTEX_POINT ( 'NONE', #2034 ) ;
#796 = SURFACE_STYLE_USAGE ( .BOTH. , #2838 ) ;
#797 = UNCERTAINTY_MEASURE_WITH_UNIT (LENGTH_MEASURE( 1.000000000000000082E-05 ), #3024, 'distance_accuracy_value', 'NONE');
#798 = CARTESIAN_POINT ( 'NONE',  ( 0.8530306154330092872, 0.2000000000000000111, 0.7700000000000000178 ) ) ;
#799 = FILL_AREA_STYLE ('',( #2464 ) ) ;
#800 = VERTEX_POINT ( 'NONE', #1670 ) ;
#801 = EDGE_CURVE ( 'NONE', #1861, #1441, #3048, .T. ) ;
#802 = EDGE_LOOP ( 'NONE', ( #4237, #4203, #2399, #1990 ) ) ;
#803 = PRESENTATION_STYLE_ASSIGNMENT (( #3875 ) ) ;
#804 = AXIS2_PLACEMENT_3D ( 'NONE', #2081, #2429, #3813 ) ;
#805 = DIRECTION ( 'NONE',  ( -0.000000000000000000, 1.000000000000000000, -0.000000000000000000 ) ) ;
#806 = COLOUR_RGB ( '',1.000000000000000000, 0.7843137254901960675, 0.000000000000000000 ) ;
#807 = ORIENTED_EDGE ( 'NONE', *, *, #1059, .T. ) ;
#808 =( NAMED_UNIT ( * ) PLANE_ANGLE_UNIT ( ) SI_UNIT ( $, .RADIAN. ) );
#809 = FILL_AREA_STYLE_COLOUR ( '', #3972 ) ;
#810 = APPLICATION_CONTEXT ( 'automotive_design' ) ;
#811 = ORIENTED_EDGE ( 'NONE', *, *, #641, .T. ) ;
#812 = DIRECTION ( 'NONE',  ( -0.000000000000000000, -1.000000000000000000, -0.000000000000000000 ) ) ;
#813 = EDGE_CURVE ( 'NONE', #3805, #4295, #3395, .T. ) ;
#815 = DIRECTION ( 'NONE',  ( 0.000000000000000000, 0.000000000000000000, 1.000000000000000000 ) ) ;
#814 = VECTOR ( 'NONE', #2693, 1000.000000000000000 ) ;
#816 = ADVANCED_FACE ( 'NONE', ( #285 ), #3344, .F. ) ;
#817 = VECTOR ( 'NONE', #980, 1000.000000000000000 ) ;
#818 = DIRECTION ( 'NONE',  ( -0.000000000000000000, -1.000000000000000000, -0.000000000000000000 ) ) ;
#819 = CARTESIAN_POINT ( 'NONE',  ( -1.000000000000000222, 0.000000000000000000, -0.8000000000000001554 ) ) ;
#820 =( LENGTH_UNIT ( ) NAMED_UNIT ( * ) SI_UNIT ( .MILLI., .METRE. ) );
#821 = LINE ( 'NONE', #2177, #2149 ) ;
#822 = ORIENTED_EDGE ( 'NONE', *, *, #1014, .T. ) ;
#823 = DIRECTION ( 'NONE',  ( -0.000000000000000000, 1.000000000000000000, 0.000000000000000000 ) ) ;
#824 = AXIS2_PLACEMENT_3D ( 'NONE', #643, #3017, #4373 ) ;
#825 = FILL_AREA_STYLE ('',( #4415 ) ) ;
#826 = VERTEX_POINT ( 'NONE', #3736 ) ;
#827 = MECHANICAL_DESIGN_GEOMETRIC_PRESENTATION_REPRESENTATION (  '', ( #1608 ), #395 ) ;
#828 = EDGE_LOOP ( 'NONE', ( #2582, #2837, #3181, #1232 ) ) ;
#829 = PRESENTATION_LAYER_ASSIGNMENT (  '', '', ( #251 ) ) ;
#830 = ORIENTED_EDGE ( 'NONE', *, *, #3629, .T. ) ;
#831 = DIRECTION ( 'NONE',  ( 0.000000000000000000, 1.000000000000000000, -0.000000000000000000 ) ) ;
#832 =( GEOMETRIC_REPRESENTATION_CONTEXT ( 3 ) GLOBAL_UNCERTAINTY_ASSIGNED_CONTEXT ( ( #3893 ) ) GLOBAL_UNIT_ASSIGNED_CONTEXT ( ( #960, #3693, #3626 ) ) REPRESENTATION_CONTEXT ( 'NONE', 'WORKASPACE' ) );
#833 = FILL_AREA_STYLE_COLOUR ( '', #3882 ) ;
#834 = LINE ( 'NONE', #2196, #2348 ) ;
#835 = CARTESIAN_POINT ( 'NONE',  ( 0.3500000000000003109, 0.2000000000000000111, -3.648757311249297561E-17 ) ) ;
#836 = DIRECTION ( 'NONE',  ( -1.000000000000000000, 0.000000000000000000, 0.000000000000000000 ) ) ;
#837 = CARTESIAN_POINT ( 'NONE',  ( -0.8530306154330093982, 0.2000000000000000111, 0.7700000000000000178 ) ) ;
#838 = DIRECTION ( 'NONE',  ( 0.000000000000000000, 0.000000000000000000, 1.000000000000000000 ) ) ;
#839 = FACE_OUTER_BOUND ( 'NONE', #1928, .T. ) ;
#840 = LINE ( 'NONE', #1508, #2818 ) ;
#841 = VERTEX_POINT ( 'NONE', #4385 ) ;
#842 = EDGE_LOOP ( 'NONE', ( #2206, #1301, #3415, #3432 ) ) ;
#843 = MECHANICAL_DESIGN_GEOMETRIC_PRESENTATION_REPRESENTATION (  '', ( #2131 ), #274 ) ;
#844 = PRODUCT_DEFINITION_SHAPE ( 'NONE', 'NONE',  #2645 ) ;
#845 = SURFACE_STYLE_FILL_AREA ( #3920 ) ;
#846 = VERTEX_POINT ( 'NONE', #2333 ) ;
#847 = DIRECTION ( 'NONE',  ( -1.042502088928369904E-16, 0.000000000000000000, 1.000000000000000000 ) ) ;
#848 = LINE ( 'NONE', #917, #3562 ) ;
#849 = DIRECTION ( 'NONE',  ( 0.000000000000000000, -0.000000000000000000, 1.000000000000000000 ) ) ;
#850 = ORIENTED_EDGE ( 'NONE', *, *, #2972, .F. ) ;
#851 = ORIENTED_EDGE ( 'NONE', *, *, #1536, .F. ) ;
#852 = AXIS2_PLACEMENT_3D ( 'NONE', #216, #544, #1491 ) ;
#853 = EDGE_CURVE ( 'NONE', #3735, #1145, #4418, .T. ) ;
#854 = DIRECTION ( 'NONE',  ( -1.000000000000000000, 0.000000000000000000, -0.000000000000000000 ) ) ;
#855 = CARTESIAN_POINT ( 'NONE',  ( 0.9900000000000002132, 0.2000000000000000111, 0.000000000000000000 ) ) ;
#856 = EDGE_CURVE ( 'NONE', #1879, #3278, #4071, .T. ) ;
#857 = FACE_OUTER_BOUND ( 'NONE', #3320, .T. ) ;
#858 = SURFACE_SIDE_STYLE ('',( #157 ) ) ;
#859 = SURFACE_SIDE_STYLE ('',( #923 ) ) ;
#860 = ORIENTED_EDGE ( 'NONE', *, *, #4046, .T. ) ;
#861 = EDGE_CURVE ( 'NONE', #3295, #2345, #3358, .T. ) ;
#862 = AXIS2_PLACEMENT_3D ( 'NONE', #277, #1638, #3845 ) ;
#863 = CARTESIAN_POINT ( 'NONE',  ( 0.3500000000000003109, 0.2000000000000000111, -0.2500000000000001110 ) ) ;
#864 = LINE ( 'NONE', #1918, #3434 ) ;
#865 = ORIENTED_EDGE ( 'NONE', *, *, #1427, .T. ) ;
#866 = AXIS2_PLACEMENT_3D ( 'NONE', #1351, #363, #3101 ) ;
#867 = VERTEX_POINT ( 'NONE', #3028 ) ;
#868 =( NAMED_UNIT ( * ) SI_UNIT ( $, .STERADIAN. ) SOLID_ANGLE_UNIT ( ) );
#869 = DIRECTION ( 'NONE',  ( 1.000000000000000000, 0.000000000000000000, 0.000000000000000000 ) ) ;
#870 = EDGE_LOOP ( 'NONE', ( #588, #2581, #3478, #4274 ) ) ;
#871 = DIRECTION ( 'NONE',  ( 1.000000000000000000, 0.000000000000000000, 1.042502088928369904E-16 ) ) ;
#872 = ORIENTED_EDGE ( 'NONE', *, *, #4201, .F. ) ;
#873 = CIRCLE ( 'NONE', #1241, 0.1000000000000001582 ) ;
#874 = CARTESIAN_POINT ( 'NONE',  ( -0.8500000000000001998, 0.4500000000000000111, -0.6499999999999996891 ) ) ;
#875 = ORIENTED_EDGE ( 'NONE', *, *, #3007, .T. ) ;
#876 =( NAMED_UNIT ( * ) SI_UNIT ( $, .STERADIAN. ) SOLID_ANGLE_UNIT ( ) );
#877 = CARTESIAN_POINT ( 'NONE',  ( -1.000000000000000222, 0.2000000000000000111, 0.8000000000000001554 ) ) ;
#878 = ADVANCED_FACE ( 'NONE', ( #1325 ), #268, .T. ) ;
#879 = FACE_OUTER_BOUND ( 'NONE', #842, .T. ) ;
#880 = DIRECTION ( 'NONE',  ( 1.000000000000000000, 0.000000000000000000, -0.000000000000000000 ) ) ;
#881 = CARTESIAN_POINT ( 'NONE',  ( -0.8530306154330092872, 0.2000000000000000111, 0.7700000000000000178 ) ) ;
#882 = ADVANCED_FACE ( 'NONE', ( #4364 ), #2653, .F. ) ;
#883 = CARTESIAN_POINT ( 'NONE',  ( 0.8530306154330092872, 0.000000000000000000, -0.7700000000000000178 ) ) ;
#884 = COLOUR_RGB ( '',1.000000000000000000, 0.7843137254901960675, 0.000000000000000000 ) ;
#885 = PLANE ( 'NONE',  #2640 ) ;
#886 = EDGE_LOOP ( 'NONE', ( #2586, #1588, #1897, #1840, #1212, #1538, #3003, #240, #691 ) ) ;
#887 =( LENGTH_UNIT ( ) NAMED_UNIT ( * ) SI_UNIT ( .MILLI., .METRE. ) );
#888 = COLOUR_RGB ( '',1.000000000000000000, 0.7843137254901960675, 0.000000000000000000 ) ;
#889 = FILL_AREA_STYLE ('',( #1236 ) ) ;
#890 = ORIENTED_EDGE ( 'NONE', *, *, #2526, .F. ) ;
#891 = EDGE_CURVE ( 'NONE', #3259, #3842, #700, .T. ) ;
#892 = VECTOR ( 'NONE', #777, 1000.000000000000000 ) ;
#893 = ORIENTED_EDGE ( 'NONE', *, *, #337, .T. ) ;
#894 = CARTESIAN_POINT ( 'NONE',  ( -1.000000000000000222, 0.000000000000000000, 0.8000000000000001554 ) ) ;
#895 = CIRCLE ( 'NONE', #3393, 0.1000000000000001582 ) ;
#896 = PLANE ( 'NONE',  #1169 ) ;
#897 = ORIENTED_EDGE ( 'NONE', *, *, #2233, .F. ) ;
#898 = ORIENTED_EDGE ( 'NONE', *, *, #3494, .T. ) ;
#899 = MECHANICAL_DESIGN_GEOMETRIC_PRESENTATION_REPRESENTATION (  '', ( #974 ), #832 ) ;
#900 = VECTOR ( 'NONE', #3362, 1000.000000000000000 ) ;
#901 = CARTESIAN_POINT ( 'NONE',  ( 0.9700000000000000844, 0.2000000000000000111, 2.609419897744087001E-16 ) ) ;
#902 = AXIS2_PLACEMENT_3D ( 'NONE', #4103, #383, #1410 ) ;
#903 =( NAMED_UNIT ( * ) PLANE_ANGLE_UNIT ( ) SI_UNIT ( $, .RADIAN. ) );
#904 = FACE_OUTER_BOUND ( 'NONE', #2330, .T. ) ;
#905 = ADVANCED_FACE ( 'NONE', ( #4 ), #3806, .T. ) ;
#906 = PRESENTATION_STYLE_ASSIGNMENT (( #3251 ) ) ;
#907 = EDGE_CURVE ( 'NONE', #3484, #3531, #3824, .T. ) ;
#908 = LINE ( 'NONE', #3621, #2736 ) ;
#909 = LINE ( 'NONE', #4356, #212 ) ;
#910 = ORIENTED_EDGE ( 'NONE', *, *, #2990, .F. ) ;
#911 = VERTEX_POINT ( 'NONE', #3830 ) ;
#912 = LINE ( 'NONE', #2977, #2292 ) ;
#913 = CARTESIAN_POINT ( 'NONE',  ( 0.9700000000000003064, 0.2000000000000000111, -0.6530306154330092205 ) ) ;
#914 = CARTESIAN_POINT ( 'NONE',  ( -0.8503337045290424445, 0.2000000000000000111, 0.7900000000000001465 ) ) ;
#915 = VERTEX_POINT ( 'NONE', #3466 ) ;
#916 = ORIENTED_EDGE ( 'NONE', *, *, #2078, .T. ) ;
#917 = CARTESIAN_POINT ( 'NONE',  ( 0.9900000000000002132, 0.000000000000000000, 0.000000000000000000 ) ) ;
#918 = FILL_AREA_STYLE ('',( #2613 ) ) ;
#919 = ORIENTED_EDGE ( 'NONE', *, *, #2730, .T. ) ;
#920 = SURFACE_STYLE_FILL_AREA ( #3992 ) ;
#921 = DIRECTION ( 'NONE',  ( 0.000000000000000000, -1.000000000000000000, 0.000000000000000000 ) ) ;
#922 = MANIFOLD_SOLID_BREP ( 'Mirror2', #1793 ) ;
#923 = SURFACE_STYLE_FILL_AREA ( #557 ) ;
#924 = EDGE_CURVE ( 'NONE', #222, #3532, #4190, .T. ) ;
#925 = CARTESIAN_POINT ( 'NONE',  ( 0.000000000000000000, 0.000000000000000000, -0.7700000000000000178 ) ) ;
#926 =( LENGTH_UNIT ( ) NAMED_UNIT ( * ) SI_UNIT ( .MILLI., .METRE. ) );
#927 = ORIENTED_EDGE ( 'NONE', *, *, #744, .F. ) ;
#928 = CARTESIAN_POINT ( 'NONE',  ( -0.9700000000000001954, 0.000000000000000000, 0.2500000000000001110 ) ) ;
#929 = VECTOR ( 'NONE', #3594, 1000.000000000000000 ) ;
#930 = UNCERTAINTY_MEASURE_WITH_UNIT (LENGTH_MEASURE( 1.000000000000000082E-05 ), #1130, 'distance_accuracy_value', 'NONE');
#931 = DIRECTION ( 'NONE',  ( 0.000000000000000000, 0.000000000000000000, 1.000000000000000000 ) ) ;
#932 = ORIENTED_EDGE ( 'NONE', *, *, #26, .F. ) ;
#933 = CLOSED_SHELL ( 'NONE', ( #3282, #1992, #1137, #3309, #1636, #3636, #774, #1110, #3300, #3156, #3590 ) ) ;
#934 = ORIENTED_EDGE ( 'NONE', *, *, #856, .F. ) ;
#935 = CARTESIAN_POINT ( 'NONE',  ( 0.8503337045290424445, 0.2000000000000000111, 0.7900000000000001465 ) ) ;
#936 = MANIFOLD_SOLID_BREP ( 'Mirror3[2]', #215 ) ;
#937 = VECTOR ( 'NONE', #4169, 1000.000000000000000 ) ;
#938 = CARTESIAN_POINT ( 'NONE',  ( 0.9700000000000000844, 0.000000000000000000, -2.609419897744087001E-16 ) ) ;
#939 = LINE ( 'NONE', #2036, #1089 ) ;
#940 = EDGE_CURVE ( 'NONE', #2278, #4428, #2207, .T. ) ;
#941 = COLOUR_RGB ( '',0.7529411764705882248, 0.7529411764705882248, 0.7529411764705882248 ) ;
#942 = PLANE ( 'NONE',  #969 ) ;
#943 = SURFACE_STYLE_FILL_AREA ( #1825 ) ;
#944 = PRESENTATION_LAYER_ASSIGNMENT (  '', '', ( #4306 ) ) ;
#945 = CARTESIAN_POINT ( 'NONE',  ( -0.9999999999999997780, 0.000000000000000000, 0.7999999999999999334 ) ) ;
#946 = FILL_AREA_STYLE ('',( #1891 ) ) ;
#947 = DIRECTION ( 'NONE',  ( -1.000000000000000000, 0.000000000000000000, 0.000000000000000000 ) ) ;
#948 = ADVANCED_FACE ( 'NONE', ( #3506 ), #538, .T. ) ;
#949 = DIRECTION ( 'NONE',  ( -0.000000000000000000, -1.000000000000000000, 0.000000000000000000 ) ) ;
#950 = PRESENTATION_LAYER_ASSIGNMENT (  '', '', ( #1174 ) ) ;
#951 = EDGE_CURVE ( 'NONE', #1836, #2454, #2511, .T. ) ;
#952 = DIRECTION ( 'NONE',  ( 0.000000000000000000, 0.000000000000000000, 1.000000000000000000 ) ) ;
#953 = FACE_OUTER_BOUND ( 'NONE', #1481, .T. ) ;
#954 = MANIFOLD_SOLID_BREP ( 'Mirror3[3]', #3241 ) ;
#955 = ORIENTED_EDGE ( 'NONE', *, *, #2660, .T. ) ;
#956 =( NAMED_UNIT ( * ) PLANE_ANGLE_UNIT ( ) SI_UNIT ( $, .RADIAN. ) );
#957 = COLOUR_RGB ( '',1.000000000000000000, 0.7843137254901960675, 0.000000000000000000 ) ;
#958 = PRESENTATION_LAYER_ASSIGNMENT (  '', '', ( #2026 ) ) ;
#959 = CYLINDRICAL_SURFACE ( 'NONE', #3960, 0.1000000000000000472 ) ;
#960 =( LENGTH_UNIT ( ) NAMED_UNIT ( * ) SI_UNIT ( .MILLI., .METRE. ) );
#961 = ORIENTED_EDGE ( 'NONE', *, *, #3257, .T. ) ;
#962 = ORIENTED_EDGE ( 'NONE', *, *, #1664, .F. ) ;
#963 = DIRECTION ( 'NONE',  ( -1.000000000000000000, 0.000000000000000000, 0.000000000000000000 ) ) ;
#964 = MANIFOLD_SOLID_BREP ( 'Fillet1', #4081 ) ;
#965 = VECTOR ( 'NONE', #1759, 1000.000000000000000 ) ;
#966 = ADVANCED_FACE ( 'NONE', ( #2886 ), #2252, .T. ) ;
#967 = DIRECTION ( 'NONE',  ( -1.000000000000000000, 0.000000000000000000, 2.690123605921739456E-16 ) ) ;
#968 = CARTESIAN_POINT ( 'NONE',  ( 0.8000000000000001554, 0.3499999999999999778, 0.6000000000000001998 ) ) ;
#969 = AXIS2_PLACEMENT_3D ( 'NONE', #3032, #2322, #1994 ) ;
#970 = PLANE ( 'NONE',  #1530 ) ;
#971 = DIRECTION ( 'NONE',  ( 0.000000000000000000, 0.000000000000000000, -1.000000000000000000 ) ) ;
#972 = VECTOR ( 'NONE', #1635, 1000.000000000000000 ) ;
#973 = PLANE ( 'NONE',  #2984 ) ;
#974 = STYLED_ITEM ( 'NONE', ( #1923 ), #1335 ) ;
#975 = AXIS2_PLACEMENT_3D ( 'NONE', #819, #1568, #3613 ) ;
#976 =( NAMED_UNIT ( * ) PLANE_ANGLE_UNIT ( ) SI_UNIT ( $, .RADIAN. ) );
#977 = STYLED_ITEM ( 'NONE', ( #282 ), #1390 ) ;
#978 = AXIS2_PLACEMENT_3D ( 'NONE', #1827, #3170, #3480 ) ;
#979 = CARTESIAN_POINT ( 'NONE',  ( 0.8530306154330092872, 0.2000000000000000111, -0.7700000000000000178 ) ) ;
#980 = DIRECTION ( 'NONE',  ( 0.000000000000000000, -1.000000000000000000, 0.000000000000000000 ) ) ;
#981 = CARTESIAN_POINT ( 'NONE',  ( 0.000000000000000000, 0.2000000000000000111, 0.7900000000000001465 ) ) ;
#982 = MANIFOLD_SOLID_BREP ( 'Fillet2', #2642 ) ;
#983 = EDGE_LOOP ( 'NONE', ( #3569, #3815, #4182, #1353 ) ) ;
#984 = FACE_OUTER_BOUND ( 'NONE', #3860, .T. ) ;
#985 = FACE_OUTER_BOUND ( 'NONE', #3543, .T. ) ;
#986 = UNCERTAINTY_MEASURE_WITH_UNIT (LENGTH_MEASURE( 1.000000000000000082E-05 ), #3675, 'distance_accuracy_value', 'NONE');
#987 = CARTESIAN_POINT ( 'NONE',  ( -1.000000000000000222, 0.000000000000000000, -0.8000000000000001554 ) ) ;
#988 = CARTESIAN_POINT ( 'NONE',  ( -0.3500000000000002554, 0.2000000000000000111, 0.7700000000000000178 ) ) ;
#989 = DIRECTION ( 'NONE',  ( 0.000000000000000000, 0.000000000000000000, -1.000000000000000000 ) ) ;
#990 = ORIENTED_EDGE ( 'NONE', *, *, #853, .T. ) ;
#991 = VERTEX_POINT ( 'NONE', #928 ) ;
#992 = CARTESIAN_POINT ( 'NONE',  ( 0.3500000000000003109, 0.2000000000000000111, 3.648757311249297561E-17 ) ) ;
#993 = PLANE ( 'NONE',  #2011 ) ;
#994 = ORIENTED_EDGE ( 'NONE', *, *, #4052, .F. ) ;
#995 = CARTESIAN_POINT ( 'NONE',  ( 1.000000000000000222, 0.2500000000000000000, 0.7999999999999999334 ) ) ;
#996 = DIRECTION ( 'NONE',  ( 0.000000000000000000, 1.000000000000000000, 0.000000000000000000 ) ) ;
#997 = SURFACE_STYLE_FILL_AREA ( #3721 ) ;
#998 = EDGE_CURVE ( 'NONE', #2488, #3314, #299, .T. ) ;
#999 = DIRECTION ( 'NONE',  ( -0.000000000000000000, 1.000000000000000000, 0.000000000000000000 ) ) ;
#1000 = CARTESIAN_POINT ( 'NONE',  ( -0.7499999999999998890, 0.4500000000000000111, 0.6500000000000002442 ) ) ;
#1001 = SURFACE_STYLE_USAGE ( .BOTH. , #3727 ) ;
#1002 = COLOUR_RGB ( '',0.7529411764705882248, 0.7529411764705882248, 0.7529411764705882248 ) ;
#1003 = VERTEX_POINT ( 'NONE', #2311 ) ;
#1004 = EDGE_CURVE ( 'NONE', #2290, #2363, #1280, .T. ) ;
#1005 = PRESENTATION_STYLE_ASSIGNMENT (( #3042 ) ) ;
#1006 = CARTESIAN_POINT ( 'NONE',  ( -0.9900000000000002132, 0.000000000000000000, 0.6503337045290422669 ) ) ;
#1007 = LINE ( 'NONE', #2351, #2098 ) ;
#1008 =( NAMED_UNIT ( * ) SI_UNIT ( $, .STERADIAN. ) SOLID_ANGLE_UNIT ( ) );
#1009 = EDGE_LOOP ( 'NONE', ( #1561, #1403, #437, #3370 ) ) ;
#1010 = EDGE_LOOP ( 'NONE', ( #2483, #3229, #1475, #3855 ) ) ;
#1011 =( NAMED_UNIT ( * ) PLANE_ANGLE_UNIT ( ) SI_UNIT ( $, .RADIAN. ) );
#1012 = STYLED_ITEM ( 'NONE', ( #2204 ), #1628 ) ;
#1013 =( LENGTH_UNIT ( ) NAMED_UNIT ( * ) SI_UNIT ( .MILLI., .METRE. ) );
#1014 = EDGE_CURVE ( 'NONE', #565, #4417, #321, .T. ) ;
#1015 = FILL_AREA_STYLE ('',( #4348 ) ) ;
#1016 =( GEOMETRIC_REPRESENTATION_CONTEXT ( 3 ) GLOBAL_UNCERTAINTY_ASSIGNED_CONTEXT ( ( #2534 ) ) GLOBAL_UNIT_ASSIGNED_CONTEXT ( ( #391, #485, #3819 ) ) REPRESENTATION_CONTEXT ( 'NONE', 'WORKASPACE' ) );
#1017 = CARTESIAN_POINT ( 'NONE',  ( -0.9700000000000003064, 0.2000000000000000111, 0.6530306154330092205 ) ) ;
#1018 =( NAMED_UNIT ( * ) SI_UNIT ( $, .STERADIAN. ) SOLID_ANGLE_UNIT ( ) );
#1019 = VERTEX_POINT ( 'NONE', #3982 ) ;
#1020 = EDGE_CURVE ( 'NONE', #2290, #3735, #1985, .T. ) ;
#1021 =( NAMED_UNIT ( * ) SI_UNIT ( $, .STERADIAN. ) SOLID_ANGLE_UNIT ( ) );
#1022 = MECHANICAL_DESIGN_GEOMETRIC_PRESENTATION_REPRESENTATION (  '', ( #2016 ), #520 ) ;
#1023 = DIRECTION ( 'NONE',  ( -0.000000000000000000, 1.000000000000000000, -0.000000000000000000 ) ) ;
#1024 = DIRECTION ( 'NONE',  ( 1.000000000000000000, 0.000000000000000000, 0.000000000000000000 ) ) ;
#1025 = ORIENTED_EDGE ( 'NONE', *, *, #2426, .T. ) ;
#1026 = CARTESIAN_POINT ( 'NONE',  ( -0.9000000000000001332, 0.3499999999999999778, -0.7000000000000000666 ) ) ;
#1027 = SURFACE_SIDE_STYLE ('',( #3798 ) ) ;
#1028 = CARTESIAN_POINT ( 'NONE',  ( -0.9000000000000001332, 0.3499999999999999778, 0.7000000000000001776 ) ) ;
#1029 = VERTEX_POINT ( 'NONE', #605 ) ;
#1030 = AXIS2_PLACEMENT_3D ( 'NONE', #2492, #1128, #1214 ) ;
#1031 = EDGE_CURVE ( 'NONE', #2139, #2939, #912, .T. ) ;
#1032 = ORIENTED_EDGE ( 'NONE', *, *, #661, .F. ) ;
#1033 = STYLED_ITEM ( 'NONE', ( #666 ), #3070 ) ;
#1034 = EDGE_CURVE ( 'NONE', #392, #3919, #4378, .T. ) ;
#1035 = AXIS2_PLACEMENT_3D ( 'NONE', #329, #1693, #3067 ) ;
#1036 = CARTESIAN_POINT ( 'NONE',  ( 0.8503337045290424445, 0.2000000000000000111, 0.7900000000000002576 ) ) ;
#1037 = ADVANCED_FACE ( 'NONE', ( #984 ), #2691, .F. ) ;
#1038 = PRESENTATION_LAYER_ASSIGNMENT (  '', '', ( #458 ) ) ;
#1039 = AXIS2_PLACEMENT_3D ( 'NONE', #187, #2224, #1483 ) ;
#1040 = CARTESIAN_POINT ( 'NONE',  ( 0.8000000000000001554, 0.2500000000000000000, 0.6000000000000001998 ) ) ;
#1041 = VECTOR ( 'NONE', #353, 1000.000000000000000 ) ;
#1042 = CARTESIAN_POINT ( 'NONE',  ( 0.3500000000000003109, 0.2000000000000000111, 3.648757311249297561E-17 ) ) ;
#1043 = DIRECTION ( 'NONE',  ( -2.690123605921739456E-16, 0.000000000000000000, 1.000000000000000000 ) ) ;
#1044 = VECTOR ( 'NONE', #2900, 1000.000000000000000 ) ;
#1045 = DIRECTION ( 'NONE',  ( 0.000000000000000000, 0.000000000000000000, -1.000000000000000000 ) ) ;
#1046 = DIRECTION ( 'NONE',  ( 0.000000000000000000, 0.000000000000000000, -1.000000000000000000 ) ) ;
#1047 = STYLED_ITEM ( 'NONE', ( #2066 ), #3988 ) ;
#1048 = ORIENTED_EDGE ( 'NONE', *, *, #2104, .F. ) ;
#1049 = LINE ( 'NONE', #2810, #4010 ) ;
#1050 = DIRECTION ( 'NONE',  ( 0.000000000000000000, -1.000000000000000000, 0.000000000000000000 ) ) ;
#1051 = DIRECTION ( 'NONE',  ( -0.000000000000000000, 1.000000000000000000, 0.000000000000000000 ) ) ;
#1052 = LINE ( 'NONE', #2671, #179 ) ;
#1053 = VECTOR ( 'NONE', #1429, 1000.000000000000000 ) ;
#1054 = FILL_AREA_STYLE_COLOUR ( '', #2460 ) ;
#1055 = EDGE_LOOP ( 'NONE', ( #2063, #3376, #3265, #107 ) ) ;
#1056 = EDGE_CURVE ( 'NONE', #3303, #3065, #2764, .T. ) ;
#1057 = UNCERTAINTY_MEASURE_WITH_UNIT (LENGTH_MEASURE( 1.000000000000000082E-05 ), #715, 'distance_accuracy_value', 'NONE');
#1058 = ORIENTED_EDGE ( 'NONE', *, *, #2686, .T. ) ;
#1059 = EDGE_CURVE ( 'NONE', #603, #3065, #3750, .T. ) ;
#1060 = DIRECTION ( 'NONE',  ( -1.000000000000000000, 0.000000000000000000, 0.000000000000000000 ) ) ;
#1061 = CARTESIAN_POINT ( 'NONE',  ( -1.000000000000000222, 0.2500000000000000000, 0.8000000000000001554 ) ) ;
#1062 = CARTESIAN_POINT ( 'NONE',  ( -0.3500000000000003109, 0.2000000000000000111, 0.2500000000000001110 ) ) ;
#1063 = DIRECTION ( 'NONE',  ( 0.000000000000000000, 0.000000000000000000, -1.000000000000000000 ) ) ;
#1064 = EDGE_CURVE ( 'NONE', #2976, #1287, #1370, .T. ) ;
#1065 = LINE ( 'NONE', #333, #1053 ) ;
#1066 =( NAMED_UNIT ( * ) SI_UNIT ( $, .STERADIAN. ) SOLID_ANGLE_UNIT ( ) );
#1067 = EDGE_CURVE ( 'NONE', #2210, #795, #746, .T. ) ;
#1068 = VECTOR ( 'NONE', #1611, 1000.000000000000000 ) ;
#1069 = CARTESIAN_POINT ( 'NONE',  ( 0.9900000000000002132, 0.2000000000000000111, 0.7005012562893380146 ) ) ;
#1070 = DIRECTION ( 'NONE',  ( -0.000000000000000000, 0.000000000000000000, -1.000000000000000000 ) ) ;
#1071 = ORIENTED_EDGE ( 'NONE', *, *, #2707, .F. ) ;
#1072 = PLANE ( 'NONE',  #245 ) ;
#1073 = DIRECTION ( 'NONE',  ( -0.000000000000000000, 1.000000000000000000, 0.000000000000000000 ) ) ;
#1074 = SURFACE_STYLE_FILL_AREA ( #3439 ) ;
#1075 = DIRECTION ( 'NONE',  ( 0.000000000000000000, 0.000000000000000000, 1.000000000000000000 ) ) ;
#1076 = ORIENTED_EDGE ( 'NONE', *, *, #249, .F. ) ;
#1077 = ORIENTED_EDGE ( 'NONE', *, *, #72, .F. ) ;
#1078 = SURFACE_STYLE_USAGE ( .BOTH. , #376 ) ;
#1079 = AXIS2_PLACEMENT_3D ( 'NONE', #2616, #3564, #854 ) ;
#1080 = CARTESIAN_POINT ( 'NONE',  ( 0.9900000000000002132, 0.000000000000000000, 0.6503337045290422669 ) ) ;
#1081 = PRESENTATION_STYLE_ASSIGNMENT (( #4146 ) ) ;
#1082 = EDGE_CURVE ( 'NONE', #4382, #260, #1049, .T. ) ;
#1083 = DIRECTION ( 'NONE',  ( 0.000000000000000000, 1.000000000000000000, -0.000000000000000000 ) ) ;
#1084 = CARTESIAN_POINT ( 'NONE',  ( -1.000000000000000222, 0.2000000000000000111, -0.8000000000000001554 ) ) ;
#1085 = LINE ( 'NONE', #4442, #1127 ) ;
#1086 = MECHANICAL_DESIGN_GEOMETRIC_PRESENTATION_REPRESENTATION (  '', ( #3016 ), #1792 ) ;
#1087 = SURFACE_STYLE_USAGE ( .BOTH. , #3787 ) ;
#1088 =( NAMED_UNIT ( * ) SI_UNIT ( $, .STERADIAN. ) SOLID_ANGLE_UNIT ( ) );
#1089 = VECTOR ( 'NONE', #1694, 1000.000000000000000 ) ;
#1090 = VERTEX_POINT ( 'NONE', #2392 ) ;
#1091 = DIRECTION ( 'NONE',  ( 0.000000000000000000, 0.000000000000000000, -1.000000000000000000 ) ) ;
#1092 = PRESENTATION_LAYER_ASSIGNMENT (  '', '', ( #2950 ) ) ;
#1093 = VERTEX_POINT ( 'NONE', #776 ) ;
#1094 = DIRECTION ( 'NONE',  ( -2.690123605921739456E-16, 0.000000000000000000, 1.000000000000000000 ) ) ;
#1095 = FACE_OUTER_BOUND ( 'NONE', #3555, .T. ) ;
#1096 = DIRECTION ( 'NONE',  ( -0.000000000000000000, -1.000000000000000000, -0.000000000000000000 ) ) ;
#1097 = CARTESIAN_POINT ( 'NONE',  ( 0.7500000000000001110, 0.4500000000000000111, -0.6500000000000000222 ) ) ;
#1098 = DIRECTION ( 'NONE',  ( 1.668003342285391551E-16, 0.000000000000000000, 1.000000000000000000 ) ) ;
#1099 = EDGE_LOOP ( 'NONE', ( #1486, #535, #57, #3795, #737, #676, #807, #167 ) ) ;
#1100 = ORIENTED_EDGE ( 'NONE', *, *, #1736, .T. ) ;
#1101 = DIRECTION ( 'NONE',  ( -0.000000000000000000, -1.000000000000000000, -0.000000000000000000 ) ) ;
#1102 = CIRCLE ( 'NONE', #449, 0.1000000000000001582 ) ;
#1103 = DIRECTION ( 'NONE',  ( 0.000000000000000000, 0.000000000000000000, 1.000000000000000000 ) ) ;
#1104 = SURFACE_STYLE_FILL_AREA ( #2753 ) ;
#1105 = EDGE_CURVE ( 'NONE', #1090, #3342, #393, .T. ) ;
#1106 = PLANE ( 'NONE',  #1120 ) ;
#1107 = CIRCLE ( 'NONE', #2305, 0.1500000000000001887 ) ;
#1108 = DIRECTION ( 'NONE',  ( 0.000000000000000000, -1.000000000000000000, 0.000000000000000000 ) ) ;
#1109 = EDGE_LOOP ( 'NONE', ( #1645, #2157, #2470, #2940 ) ) ;
#1110 = ADVANCED_FACE ( 'NONE', ( #3796 ), #1398, .F. ) ;
#1111 =( NAMED_UNIT ( * ) PLANE_ANGLE_UNIT ( ) SI_UNIT ( $, .RADIAN. ) );
#1112 = AXIS2_PLACEMENT_3D ( 'NONE', #2946, #3680, #3615 ) ;
#1113 = UNCERTAINTY_MEASURE_WITH_UNIT (LENGTH_MEASURE( 1.000000000000000082E-05 ), #2692, 'distance_accuracy_value', 'NONE');
#1114 = FACE_OUTER_BOUND ( 'NONE', #3088, .T. ) ;
#1115 = AXIS2_PLACEMENT_3D ( 'NONE', #3977, #3275, #2926 ) ;
#1116 = FILL_AREA_STYLE ('',( #3221 ) ) ;
#1117 = DIRECTION ( 'NONE',  ( 1.000000000000000000, 0.000000000000000000, -0.000000000000000000 ) ) ;
#1118 =( NAMED_UNIT ( * ) SI_UNIT ( $, .STERADIAN. ) SOLID_ANGLE_UNIT ( ) );
#1119 = DIRECTION ( 'NONE',  ( 1.000000000000000000, 0.000000000000000000, 0.000000000000000000 ) ) ;
#1120 = AXIS2_PLACEMENT_3D ( 'NONE', #2448, #3835, #4127 ) ;
#1121 = SURFACE_SIDE_STYLE ('',( #2907 ) ) ;
#1122 = ORIENTED_EDGE ( 'NONE', *, *, #489, .F. ) ;
#1123 = AXIS2_PLACEMENT_3D ( 'NONE', #1282, #931, #631 ) ;
#1124 = VECTOR ( 'NONE', #921, 1000.000000000000000 ) ;
#1125 = ORIENTED_EDGE ( 'NONE', *, *, #3425, .F. ) ;
#1126 = AXIS2_PLACEMENT_3D ( 'NONE', #4164, #3207, #4212 ) ;
#1127 = VECTOR ( 'NONE', #3137, 1000.000000000000000 ) ;
#1128 = DIRECTION ( 'NONE',  ( -1.000000000000000000, 0.000000000000000000, -1.042502088928369904E-16 ) ) ;
#1129 = ORIENTED_EDGE ( 'NONE', *, *, #1817, .T. ) ;
#1130 =( LENGTH_UNIT ( ) NAMED_UNIT ( * ) SI_UNIT ( .MILLI., .METRE. ) );
#1131 = FILL_AREA_STYLE ('',( #1448 ) ) ;
#1132 = CARTESIAN_POINT ( 'NONE',  ( 1.000000000000000222, 0.2000000000000000111, -0.8000000000000001554 ) ) ;
#1133 = CARTESIAN_POINT ( 'NONE',  ( 0.9900000000000002132, 0.000000000000000000, 0.7005012562893380146 ) ) ;
#1134 = ORIENTED_EDGE ( 'NONE', *, *, #1652, .T. ) ;
#1135 = ORIENTED_EDGE ( 'NONE', *, *, #2705, .T. ) ;
#1136 = DIRECTION ( 'NONE',  ( -1.668003342285391551E-16, 0.000000000000000000, -1.000000000000000000 ) ) ;
#1137 = ADVANCED_FACE ( 'NONE', ( #2437 ), #755, .F. ) ;
#1138 = CYLINDRICAL_SURFACE ( 'NONE', #65, 0.1000000000000001582 ) ;
#1139 = ORIENTED_EDGE ( 'NONE', *, *, #2147, .F. ) ;
#1140 = DIRECTION ( 'NONE',  ( 0.000000000000000000, -1.000000000000000000, -0.000000000000000000 ) ) ;
#1141 = CARTESIAN_POINT ( 'NONE',  ( 0.3500000000000003109, 0.2000000000000000111, 0.2500000000000001110 ) ) ;
#1142 = SURFACE_STYLE_USAGE ( .BOTH. , #3529 ) ;
#1143 = CARTESIAN_POINT ( 'NONE',  ( 1.000000000000000222, 0.000000000000000000, -0.8000000000000001554 ) ) ;
#1144 = ORIENTED_EDGE ( 'NONE', *, *, #3231, .T. ) ;
#1145 = VERTEX_POINT ( 'NONE', #2158 ) ;
#1146 =( LENGTH_UNIT ( ) NAMED_UNIT ( * ) SI_UNIT ( .MILLI., .METRE. ) );
#1147 = STYLED_ITEM ( 'NONE', ( #129 ), #343 ) ;
#1148 = ORIENTED_EDGE ( 'NONE', *, *, #3075, .F. ) ;
#1149 = ADVANCED_FACE ( 'NONE', ( #4350 ), #4305, .T. ) ;
#1150 = SURFACE_STYLE_USAGE ( .BOTH. , #3901 ) ;
#1151 = EDGE_CURVE ( 'NONE', #2123, #3714, #1245, .T. ) ;
#1152 = CARTESIAN_POINT ( 'NONE',  ( -0.8530306154330092872, 0.2000000000000000111, -0.7700000000000000178 ) ) ;
#1153 = ORIENTED_EDGE ( 'NONE', *, *, #37, .T. ) ;
#1154 =( NAMED_UNIT ( * ) PLANE_ANGLE_UNIT ( ) SI_UNIT ( $, .RADIAN. ) );
#1155 = PLANE ( 'NONE',  #1488 ) ;
#1156 =( GEOMETRIC_REPRESENTATION_CONTEXT ( 3 ) GLOBAL_UNCERTAINTY_ASSIGNED_CONTEXT ( ( #4129 ) ) GLOBAL_UNIT_ASSIGNED_CONTEXT ( ( #2626, #956, #2346 ) ) REPRESENTATION_CONTEXT ( 'NONE', 'WORKASPACE' ) );
#1157 = SURFACE_STYLE_FILL_AREA ( #4223 ) ;
#1158 = AXIS2_PLACEMENT_3D ( 'NONE', #1187, #3501, #2537 ) ;
#1159 = EDGE_CURVE ( 'NONE', #4092, #465, #4227, .T. ) ;
#1160 = ORIENTED_EDGE ( 'NONE', *, *, #2276, .T. ) ;
#1161 = UNCERTAINTY_MEASURE_WITH_UNIT (LENGTH_MEASURE( 1.000000000000000082E-05 ), #3015, 'distance_accuracy_value', 'NONE');
#1162 = CARTESIAN_POINT ( 'NONE',  ( 0.9900000000000002132, 0.000000000000000000, -0.6503337045290422669 ) ) ;
#1163 = EDGE_CURVE ( 'NONE', #2847, #800, #3305, .T. ) ;
#1164 = DIRECTION ( 'NONE',  ( 0.000000000000000000, -1.000000000000000000, 0.000000000000000000 ) ) ;
#1165 = ORIENTED_EDGE ( 'NONE', *, *, #641, .F. ) ;
#1166 = STYLED_ITEM ( 'NONE', ( #2023 ), #1037 ) ;
#1167 = ORIENTED_EDGE ( 'NONE', *, *, #767, .F. ) ;
#1168 = SURFACE_SIDE_STYLE ('',( #1580 ) ) ;
#1169 = AXIS2_PLACEMENT_3D ( 'NONE', #3008, #967, #1305 ) ;
#1170 = EDGE_CURVE ( 'NONE', #1093, #782, #2505, .T. ) ;
#1171 = ORIENTED_EDGE ( 'NONE', *, *, #661, .T. ) ;
#1172 = FILL_AREA_STYLE_COLOUR ( '', #385 ) ;
#1173 = EDGE_CURVE ( 'NONE', #3492, #1019, #112, .T. ) ;
#1174 = STYLED_ITEM ( 'NONE', ( #3937 ), #2479 ) ;
#1175 = FACE_OUTER_BOUND ( 'NONE', #886, .T. ) ;
#1176 = ORIENTED_EDGE ( 'NONE', *, *, #633, .T. ) ;
#1177 = ORIENTED_EDGE ( 'NONE', *, *, #3464, .T. ) ;
#1178 = LINE ( 'NONE', #2525, #3230 ) ;
#1179 = VECTOR ( 'NONE', #4252, 1000.000000000000000 ) ;
#1180 = DIRECTION ( 'NONE',  ( -0.000000000000000000, -1.000000000000000000, -0.000000000000000000 ) ) ;
#1181 =( NAMED_UNIT ( * ) PLANE_ANGLE_UNIT ( ) SI_UNIT ( $, .RADIAN. ) );
#1182 = DIRECTION ( 'NONE',  ( -0.000000000000000000, 1.000000000000000000, 0.000000000000000000 ) ) ;
#1183 = CARTESIAN_POINT ( 'NONE',  ( 0.000000000000000000, 0.2000000000000000111, -0.7900000000000001465 ) ) ;
#1184 = COLOUR_RGB ( '',0.7529411764705882248, 0.7529411764705882248, 0.7529411764705882248 ) ;
#1185 = CIRCLE ( 'NONE', #751, 0.1500000000000001887 ) ;
#1186 =( NAMED_UNIT ( * ) PLANE_ANGLE_UNIT ( ) SI_UNIT ( $, .RADIAN. ) );
#1187 = CARTESIAN_POINT ( 'NONE',  ( 1.000000000000000222, 0.2000000000000000111, 0.8000000000000001554 ) ) ;
#1188 = EDGE_LOOP ( 'NONE', ( #1830, #1139, #1048, #1854 ) ) ;
#1189 = AXIS2_PLACEMENT_3D ( 'NONE', #790, #3219, #451 ) ;
#1190 = ORIENTED_EDGE ( 'NONE', *, *, #1289, .T. ) ;
#1191 = FILL_AREA_STYLE ('',( #4314 ) ) ;
#1192 = EDGE_CURVE ( 'NONE', #1029, #3695, #3397, .T. ) ;
#1193 = COLOUR_RGB ( '',1.000000000000000000, 0.7843137254901960675, 0.000000000000000000 ) ;
#1194 = COLOUR_RGB ( '',0.7529411764705882248, 0.7529411764705882248, 0.7529411764705882248 ) ;
#1195 = CARTESIAN_POINT ( 'NONE',  ( 0.9900000000000002132, 0.2000000000000000111, -0.7005012562893380146 ) ) ;
#1196 = ORIENTED_EDGE ( 'NONE', *, *, #3681, .F. ) ;
#1197 = LINE ( 'NONE', #1656, #1783 ) ;
#1198 =( GEOMETRIC_REPRESENTATION_CONTEXT ( 3 ) GLOBAL_UNCERTAINTY_ASSIGNED_CONTEXT ( ( #797 ) ) GLOBAL_UNIT_ASSIGNED_CONTEXT ( ( #3024, #1711, #673 ) ) REPRESENTATION_CONTEXT ( 'NONE', 'WORKASPACE' ) );
#1199 = VECTOR ( 'NONE', #2064, 1000.000000000000000 ) ;
#1200 = ADVANCED_FACE ( 'NONE', ( #2966 ), #1269, .T. ) ;
#1201 = DIRECTION ( 'NONE',  ( 2.690123605921739456E-16, 0.000000000000000000, 1.000000000000000000 ) ) ;
#1202 = DIRECTION ( 'NONE',  ( -2.690123605921739456E-16, 0.000000000000000000, -1.000000000000000000 ) ) ;
#1203 = CARTESIAN_POINT ( 'NONE',  ( -0.8499999999999999778, 0.4500000000000000111, 0.6500000000000002442 ) ) ;
#1204 = CARTESIAN_POINT ( 'NONE',  ( -0.9900000000000002132, 0.2000000000000000111, -0.6503337045290422669 ) ) ;
#1205 = SURFACE_STYLE_USAGE ( .BOTH. , #505 ) ;
#1206 = FILL_AREA_STYLE ('',( #4269 ) ) ;
#1207 = ORIENTED_EDGE ( 'NONE', *, *, #2778, .T. ) ;
#1208 = EDGE_CURVE ( 'NONE', #4416, #603, #1333, .T. ) ;
#1209 =( NAMED_UNIT ( * ) SI_UNIT ( $, .STERADIAN. ) SOLID_ANGLE_UNIT ( ) );
#1210 = DIRECTION ( 'NONE',  ( 0.000000000000000000, 0.000000000000000000, -1.000000000000000000 ) ) ;
#1211 = ORIENTED_EDGE ( 'NONE', *, *, #951, .F. ) ;
#1212 = ORIENTED_EDGE ( 'NONE', *, *, #2213, .T. ) ;
#1213 = PRESENTATION_STYLE_ASSIGNMENT (( #3233 ) ) ;
#1214 = DIRECTION ( 'NONE',  ( 1.042502088928369904E-16, 0.000000000000000000, -1.000000000000000000 ) ) ;
#1215 =( NAMED_UNIT ( * ) PLANE_ANGLE_UNIT ( ) SI_UNIT ( $, .RADIAN. ) );
#1216 = ORIENTED_EDGE ( 'NONE', *, *, #4115, .T. ) ;
#1217 =( NAMED_UNIT ( * ) SI_UNIT ( $, .STERADIAN. ) SOLID_ANGLE_UNIT ( ) );
#1218 = DIRECTION ( 'NONE',  ( 0.000000000000000000, -0.000000000000000000, -1.000000000000000000 ) ) ;
#1219 = ADVANCED_FACE ( 'NONE', ( #291 ), #1309, .F. ) ;
#1220 = UNCERTAINTY_MEASURE_WITH_UNIT (LENGTH_MEASURE( 1.000000000000000082E-05 ), #3284, 'distance_accuracy_value', 'NONE');
#1221 = DIRECTION ( 'NONE',  ( 0.000000000000000000, 0.000000000000000000, -1.000000000000000000 ) ) ;
#1222 = VERTEX_POINT ( 'NONE', #4054 ) ;
#1223 =( GEOMETRIC_REPRESENTATION_CONTEXT ( 3 ) GLOBAL_UNCERTAINTY_ASSIGNED_CONTEXT ( ( #2670 ) ) GLOBAL_UNIT_ASSIGNED_CONTEXT ( ( #4218, #2935, #2517 ) ) REPRESENTATION_CONTEXT ( 'NONE', 'WORKASPACE' ) );
#1224 = CARTESIAN_POINT ( 'NONE',  ( -0.9900000000000002132, 0.2000000000000000111, 0.6503337045290422669 ) ) ;
#1225 = DIRECTION ( 'NONE',  ( -0.000000000000000000, -1.000000000000000000, -0.000000000000000000 ) ) ;
#1226 = LINE ( 'NONE', #556, #1383 ) ;
#1227 = CARTESIAN_POINT ( 'NONE',  ( -0.9900000000000002132, 0.2000000000000000111, 0.000000000000000000 ) ) ;
#1228 = VECTOR ( 'NONE', #2249, 1000.000000000000000 ) ;
#1229 = CARTESIAN_POINT ( 'NONE',  ( -0.9005012562893380812, 0.2000000000000000111, -0.7900000000000001465 ) ) ;
#1230 = AXIS2_PLACEMENT_3D ( 'NONE', #968, #592, #1953 ) ;
#1231 = CARTESIAN_POINT ( 'NONE',  ( -0.9000000000000001332, 0.3499999999999999778, 0.6000000000000001998 ) ) ;
#1232 = ORIENTED_EDGE ( 'NONE', *, *, #1004, .T. ) ;
#1233 = AXIS2_PLACEMENT_3D ( 'NONE', #1797, #1777, #753 ) ;
#1234 = ORIENTED_EDGE ( 'NONE', *, *, #2086, .T. ) ;
#1235 = ADVANCED_FACE ( 'NONE', ( #3720 ), #2015, .F. ) ;
#1236 = FILL_AREA_STYLE_COLOUR ( '', #2832 ) ;
#1237 = VERTEX_POINT ( 'NONE', #3383 ) ;
#1238 = VECTOR ( 'NONE', #2894, 1000.000000000000000 ) ;
#1239 = ORIENTED_EDGE ( 'NONE', *, *, #262, .F. ) ;
#1240 = PLANE ( 'NONE',  #2201 ) ;
#1241 = AXIS2_PLACEMENT_3D ( 'NONE', #622, #316, #2307 ) ;
#1242 = DIRECTION ( 'NONE',  ( -2.690123605921739456E-16, 0.000000000000000000, 1.000000000000000000 ) ) ;
#1243 = ORIENTED_EDGE ( 'NONE', *, *, #727, .F. ) ;
#1244 = EDGE_LOOP ( 'NONE', ( #310, #927, #3874, #3666 ) ) ;
#1245 = LINE ( 'NONE', #3677, #4123 ) ;
#1246 = FILL_AREA_STYLE ('',( #133 ) ) ;
#1247 = VECTOR ( 'NONE', #2209, 1000.000000000000000 ) ;
#1248 = FACE_OUTER_BOUND ( 'NONE', #4255, .T. ) ;
#1249 = CARTESIAN_POINT ( 'NONE',  ( 1.000000000000000222, 0.000000000000000000, 0.8000000000000001554 ) ) ;
#1250 = DIRECTION ( 'NONE',  ( -0.000000000000000000, 0.000000000000000000, 1.000000000000000000 ) ) ;
#1251 = STYLED_ITEM ( 'NONE', ( #1276 ), #3005 ) ;
#1252 = DIRECTION ( 'NONE',  ( 0.000000000000000000, -1.000000000000000000, 0.000000000000000000 ) ) ;
#1253 = CARTESIAN_POINT ( 'NONE',  ( 0.000000000000000000, 0.2000000000000000111, 0.2500000000000001110 ) ) ;
#1254 = ORIENTED_EDGE ( 'NONE', *, *, #1589, .T. ) ;
#1255 = EDGE_LOOP ( 'NONE', ( #2986, #4275, #2420, #1477, #1850, #1898, #470, #1485 ) ) ;
#1256 = AXIS2_PLACEMENT_3D ( 'NONE', #1570, #2597, #679 ) ;
#1257 = DIRECTION ( 'NONE',  ( 0.000000000000000000, 0.000000000000000000, -1.000000000000000000 ) ) ;
#1258 = DIRECTION ( 'NONE',  ( 0.000000000000000000, 0.000000000000000000, 1.000000000000000000 ) ) ;
#1259 = ORIENTED_EDGE ( 'NONE', *, *, #3125, .F. ) ;
#1260 = VECTOR ( 'NONE', #4114, 1000.000000000000000 ) ;
#1261 = ORIENTED_EDGE ( 'NONE', *, *, #3098, .T. ) ;
#1262 = LINE ( 'NONE', #2587, #1775 ) ;
#1263 =( GEOMETRIC_REPRESENTATION_CONTEXT ( 3 ) GLOBAL_UNCERTAINTY_ASSIGNED_CONTEXT ( ( #4341 ) ) GLOBAL_UNIT_ASSIGNED_CONTEXT ( ( #2761, #38, #3495 ) ) REPRESENTATION_CONTEXT ( 'NONE', 'WORKASPACE' ) );
#1264 = CARTESIAN_POINT ( 'NONE',  ( 0.9900000000000002132, 0.000000000000000000, 0.000000000000000000 ) ) ;
#1265 = EDGE_CURVE ( 'NONE', #127, #4019, #313, .T. ) ;
#1266 = VERTEX_POINT ( 'NONE', #1017 ) ;
#1267 = AXIS2_PLACEMENT_3D ( 'NONE', #4424, #971, #1345 ) ;
#1268 = PLANE ( 'NONE',  #1079 ) ;
#1269 = PLANE ( 'NONE',  #2040 ) ;
#1270 = VECTOR ( 'NONE', #13, 1000.000000000000000 ) ;
#1271 = CARTESIAN_POINT ( 'NONE',  ( -0.9000000000000001332, 0.000000000000000000, 0.7999999999999999334 ) ) ;
#1272 = PRESENTATION_STYLE_ASSIGNMENT (( #4332 ) ) ;
#1273 = CARTESIAN_POINT ( 'NONE',  ( 0.9900000000000002132, 0.2000000000000000111, 0.000000000000000000 ) ) ;
#1274 = SURFACE_SIDE_STYLE ('',( #1621 ) ) ;
#1275 = EDGE_CURVE ( 'NONE', #2632, #991, #2701, .T. ) ;
#1276 = PRESENTATION_STYLE_ASSIGNMENT (( #1896 ) ) ;
#1277 = CARTESIAN_POINT ( 'NONE',  ( -1.000000000000000222, 0.2000000000000000111, -0.8000000000000001554 ) ) ;
#1278 = ORIENTED_EDGE ( 'NONE', *, *, #4380, .T. ) ;
#1279 = ORIENTED_EDGE ( 'NONE', *, *, #4282, .T. ) ;
#1280 = LINE ( 'NONE', #2291, #1722 ) ;
#1281 = SURFACE_STYLE_FILL_AREA ( #1606 ) ;
#1282 = CARTESIAN_POINT ( 'NONE',  ( 0.000000000000000000, 0.2000000000000000111, -0.7700000000000000178 ) ) ;
#1283 = ORIENTED_EDGE ( 'NONE', *, *, #3809, .F. ) ;
#1284 = ORIENTED_EDGE ( 'NONE', *, *, #1004, .F. ) ;
#1285 = PRESENTATION_LAYER_ASSIGNMENT (  '', '', ( #2131 ) ) ;
#1286 = ADVANCED_FACE ( 'NONE', ( #1541 ), #2649, .F. ) ;
#1287 = VERTEX_POINT ( 'NONE', #265 ) ;
#1288 = CYLINDRICAL_SURFACE ( 'NONE', #2715, 0.1500000000000001887 ) ;
#1289 = EDGE_CURVE ( 'NONE', #4004, #3966, #3298, .T. ) ;
#1290 =( LENGTH_UNIT ( ) NAMED_UNIT ( * ) SI_UNIT ( .MILLI., .METRE. ) );
#1291 = LINE ( 'NONE', #1271, #4199 ) ;
#1292 = CARTESIAN_POINT ( 'NONE',  ( -1.000000000000000222, 0.000000000000000000, 0.8000000000000001554 ) ) ;
#1293 = VECTOR ( 'NONE', #4008, 1000.000000000000000 ) ;
#1294 = SURFACE_STYLE_USAGE ( .BOTH. , #1274 ) ;
#1295 = DIRECTION ( 'NONE',  ( 0.000000000000000000, 0.000000000000000000, 1.000000000000000000 ) ) ;
#1296 = VERTEX_POINT ( 'NONE', #1967 ) ;
#1297 = UNCERTAINTY_MEASURE_WITH_UNIT (LENGTH_MEASURE( 1.000000000000000082E-05 ), #1523, 'distance_accuracy_value', 'NONE');
#1298 = AXIS2_PLACEMENT_3D ( 'NONE', #3687, #2735, #690 ) ;
#1299 = UNCERTAINTY_MEASURE_WITH_UNIT (LENGTH_MEASURE( 1.000000000000000082E-05 ), #2880, 'distance_accuracy_value', 'NONE');
#1300 = DIRECTION ( 'NONE',  ( -2.690123605921739456E-16, 0.000000000000000000, -1.000000000000000000 ) ) ;
#1301 = ORIENTED_EDGE ( 'NONE', *, *, #3585, .T. ) ;
#1302 = MECHANICAL_DESIGN_GEOMETRIC_PRESENTATION_REPRESENTATION (  '', ( #142 ), #3507 ) ;
#1303 = ORIENTED_EDGE ( 'NONE', *, *, #286, .F. ) ;
#1304 = CARTESIAN_POINT ( 'NONE',  ( 0.8000000000000000444, 0.3499999999999999778, -0.7000000000000000666 ) ) ;
#1305 = DIRECTION ( 'NONE',  ( 2.690123605921739456E-16, 0.000000000000000000, 1.000000000000000000 ) ) ;
#1306 = ORIENTED_EDGE ( 'NONE', *, *, #1652, .F. ) ;
#1307 = SURFACE_STYLE_USAGE ( .BOTH. , #4422 ) ;
#1308 = SURFACE_SIDE_STYLE ('',( #3402 ) ) ;
#1309 = PLANE ( 'NONE',  #25 ) ;
#1310 = VECTOR ( 'NONE', #150, 1000.000000000000000 ) ;
#1311 = LINE ( 'NONE', #2658, #3398 ) ;
#1312 = DIRECTION ( 'NONE',  ( 1.000000000000000000, 0.000000000000000000, -0.000000000000000000 ) ) ;
#1313 = DIRECTION ( 'NONE',  ( 0.000000000000000000, 0.000000000000000000, 1.000000000000000000 ) ) ;
#1314 = PRESENTATION_LAYER_ASSIGNMENT (  '', '', ( #1883 ) ) ;
#1315 = DIRECTION ( 'NONE',  ( 1.042502088928369904E-16, 0.000000000000000000, 1.000000000000000000 ) ) ;
#1316 = ADVANCED_FACE ( 'NONE', ( #584 ), #2232, .F. ) ;
#1317 = ORIENTED_EDGE ( 'NONE', *, *, #460, .T. ) ;
#1318 = DIRECTION ( 'NONE',  ( 0.000000000000000000, -1.000000000000000000, 0.000000000000000000 ) ) ;
#1319 = VECTOR ( 'NONE', #2841, 1000.000000000000000 ) ;
#1320 = CARTESIAN_POINT ( 'NONE',  ( 0.000000000000000000, 0.2000000000000000111, -0.2500000000000001110 ) ) ;
#1321 = CARTESIAN_POINT ( 'NONE',  ( -1.000000000000000222, 0.2000000000000000111, 0.8000000000000001554 ) ) ;
#1322 = ORIENTED_EDGE ( 'NONE', *, *, #3570, .F. ) ;
#1323 = CIRCLE ( 'NONE', #2168, 0.1500000000000001887 ) ;
#1324 = ORIENTED_EDGE ( 'NONE', *, *, #586, .T. ) ;
#1325 = FACE_OUTER_BOUND ( 'NONE', #1453, .T. ) ;
#1326 = EDGE_CURVE ( 'NONE', #465, #4277, #4198, .T. ) ;
#1327 = VECTOR ( 'NONE', #1119, 1000.000000000000000 ) ;
#1328 = DIRECTION ( 'NONE',  ( 1.000000000000000000, 0.000000000000000000, 0.000000000000000000 ) ) ;
#1329 = FILL_AREA_STYLE_COLOUR ( '', #2003 ) ;
#1330 = PLANE ( 'NONE',  #2901 ) ;
#1331 = CARTESIAN_POINT ( 'NONE',  ( 0.7500000000000001110, 0.4500000000000000111, -0.5499999999999999334 ) ) ;
#1332 = VECTOR ( 'NONE', #10, 1000.000000000000000 ) ;
#1333 = CIRCLE ( 'NONE', #1972, 0.09999999999999999167 ) ;
#1334 = AXIS2_PLACEMENT_3D ( 'NONE', #43, #836, #2261 ) ;
#1335 = ADVANCED_FACE ( 'NONE', ( #2315 ), #2293, .T. ) ;
#1336 = FACE_OUTER_BOUND ( 'NONE', #2297, .T. ) ;
#1337 = FACE_OUTER_BOUND ( 'NONE', #3643, .T. ) ;
#1338 = ORIENTED_EDGE ( 'NONE', *, *, #1698, .F. ) ;
#1339 = SURFACE_STYLE_FILL_AREA ( #3644 ) ;
#1340 = DIRECTION ( 'NONE',  ( 0.000000000000000000, 0.000000000000000000, -1.000000000000000000 ) ) ;
#1341 = EDGE_LOOP ( 'NONE', ( #1556, #2273, #136, #1144 ) ) ;
#1342 = ORIENTED_EDGE ( 'NONE', *, *, #1988, .F. ) ;
#1343 = CARTESIAN_POINT ( 'NONE',  ( 1.000000000000000222, 0.2000000000000000111, 0.8000000000000001554 ) ) ;
#1344 = EDGE_CURVE ( 'NONE', #486, #2170, #3984, .T. ) ;
#1345 = DIRECTION ( 'NONE',  ( -1.000000000000000000, 0.000000000000000000, -0.000000000000000000 ) ) ;
#1346 = CARTESIAN_POINT ( 'NONE',  ( 1.000000000000000222, 0.2000000000000000111, -0.8000000000000001554 ) ) ;
#1347 = CARTESIAN_POINT ( 'NONE',  ( -0.3500000000000002554, 0.2000000000000000111, 0.7700000000000000178 ) ) ;
#1348 =( LENGTH_UNIT ( ) NAMED_UNIT ( * ) SI_UNIT ( .MILLI., .METRE. ) );
#1349 = MECHANICAL_DESIGN_GEOMETRIC_PRESENTATION_REPRESENTATION (  '', ( #2782 ), #3421 ) ;
#1350 = LINE ( 'NONE', #1999, #2594 ) ;
#1351 = CARTESIAN_POINT ( 'NONE',  ( 0.000000000000000000, 0.2000000000000000111, 0.7900000000000001465 ) ) ;
#1352 = VECTOR ( 'NONE', #2569, 1000.000000000000000 ) ;
#1353 = ORIENTED_EDGE ( 'NONE', *, *, #801, .F. ) ;
#1354 = LINE ( 'NONE', #2714, #4338 ) ;
#1355 = DIRECTION ( 'NONE',  ( -0.000000000000000000, 1.000000000000000000, -0.000000000000000000 ) ) ;
#1356 =( NAMED_UNIT ( * ) PLANE_ANGLE_UNIT ( ) SI_UNIT ( $, .RADIAN. ) );
#1357 = VERTEX_POINT ( 'NONE', #3318 ) ;
#1358 = UNCERTAINTY_MEASURE_WITH_UNIT (LENGTH_MEASURE( 1.000000000000000082E-05 ), #2087, 'distance_accuracy_value', 'NONE');
#1359 = EDGE_LOOP ( 'NONE', ( #2391, #2130, #2958, #2436 ) ) ;
#1360 = COLOUR_RGB ( '',1.000000000000000000, 0.7843137254901960675, 0.000000000000000000 ) ;
#1361 = CARTESIAN_POINT ( 'NONE',  ( -0.8000000000000000444, 0.3499999999999999778, -0.7000000000000000666 ) ) ;
#1362 = PRESENTATION_STYLE_ASSIGNMENT (( #682 ) ) ;
#1363 = LINE ( 'NONE', #3676, #4398 ) ;
#1364 = STYLED_ITEM ( 'NONE', ( #2531 ), #1880 ) ;
#1365 =( LENGTH_UNIT ( ) NAMED_UNIT ( * ) SI_UNIT ( .MILLI., .METRE. ) );
#1366 = VERTEX_POINT ( 'NONE', #239 ) ;
#1367 = AXIS2_PLACEMENT_3D ( 'NONE', #3074, #4037, #1980 ) ;
#1368 = LINE ( 'NONE', #2060, #1889 ) ;
#1369 = ORIENTED_EDGE ( 'NONE', *, *, #3566, .F. ) ;
#1370 = LINE ( 'NONE', #4448, #2102 ) ;
#1371 = ADVANCED_FACE ( 'NONE', ( #4432 ), #1375, .F. ) ;
#1372 = CARTESIAN_POINT ( 'NONE',  ( 0.000000000000000000, 0.000000000000000000, -0.7700000000000000178 ) ) ;
#1373 = AXIS2_PLACEMENT_3D ( 'NONE', #1321, #564, #2329 ) ;
#1374 = CARTESIAN_POINT ( 'NONE',  ( -0.9000000000000001332, 0.2500000000000000000, -0.6000000000000001998 ) ) ;
#1375 = PLANE ( 'NONE',  #2539 ) ;
#1376 = ORIENTED_EDGE ( 'NONE', *, *, #4291, .T. ) ;
#1377 = MECHANICAL_DESIGN_GEOMETRIC_PRESENTATION_REPRESENTATION (  '', ( #11 ), #3452 ) ;
#1378 = ORIENTED_EDGE ( 'NONE', *, *, #4425, .T. ) ;
#1379 = STYLED_ITEM ( 'NONE', ( #2807 ), #3156 ) ;
#1380 = PRESENTATION_STYLE_ASSIGNMENT (( #1406 ) ) ;
#1381 = VECTOR ( 'NONE', #3114, 1000.000000000000000 ) ;
#1382 = CYLINDRICAL_SURFACE ( 'NONE', #241, 0.1500000000000001887 ) ;
#1383 = VECTOR ( 'NONE', #4283, 1000.000000000000000 ) ;
#1384 = CARTESIAN_POINT ( 'NONE',  ( -0.7500000000000001110, 0.4500000000000000111, -0.5499999999999996003 ) ) ;
#1385 = DIRECTION ( 'NONE',  ( 0.000000000000000000, 0.000000000000000000, 1.000000000000000000 ) ) ;
#1386 = CIRCLE ( 'NONE', #536, 0.1000000000000001582 ) ;
#1387 = MECHANICAL_DESIGN_GEOMETRIC_PRESENTATION_REPRESENTATION (  '', ( #2746 ), #3182 ) ;
#1388 = AXIS2_PLACEMENT_3D ( 'NONE', #230, #600, #2342 ) ;
#1389 = UNCERTAINTY_MEASURE_WITH_UNIT (LENGTH_MEASURE( 1.000000000000000082E-05 ), #677, 'distance_accuracy_value', 'NONE');
#1390 = ADVANCED_FACE ( 'NONE', ( #3755 ), #1687, .F. ) ;
#1391 = CARTESIAN_POINT ( 'NONE',  ( 1.000000000000000222, 0.2000000000000000111, 0.8000000000000001554 ) ) ;
#1392 = COLOUR_RGB ( '',1.000000000000000000, 0.7843137254901960675, 0.000000000000000000 ) ;
#1393 = CIRCLE ( 'NONE', #2179, 0.1000000000000000472 ) ;
#1394 =( NAMED_UNIT ( * ) PLANE_ANGLE_UNIT ( ) SI_UNIT ( $, .RADIAN. ) );
#1395 = MECHANICAL_DESIGN_GEOMETRIC_PRESENTATION_REPRESENTATION (  '', ( #4267 ), #3837 ) ;
#1396 =( GEOMETRIC_REPRESENTATION_CONTEXT ( 3 ) GLOBAL_UNCERTAINTY_ASSIGNED_CONTEXT ( ( #3122 ) ) GLOBAL_UNIT_ASSIGNED_CONTEXT ( ( #693, #3412, #3127 ) ) REPRESENTATION_CONTEXT ( 'NONE', 'WORKASPACE' ) );
#1397 = ORIENTED_EDGE ( 'NONE', *, *, #4096, .T. ) ;
#1398 = PLANE ( 'NONE',  #3547 ) ;
#1399 = CARTESIAN_POINT ( 'NONE',  ( -0.8530306154330093982, 0.2000000000000000111, 0.7700000000000000178 ) ) ;
#1400 = DIRECTION ( 'NONE',  ( -1.084202172485503842E-15, 0.000000000000000000, -1.000000000000000000 ) ) ;
#1401 = CARTESIAN_POINT ( 'NONE',  ( -0.3500000000000003109, 0.2000000000000000111, -0.2500000000000000555 ) ) ;
#1402 = PRESENTATION_STYLE_ASSIGNMENT (( #2718 ) ) ;
#1403 = ORIENTED_EDGE ( 'NONE', *, *, #2770, .T. ) ;
#1404 = EDGE_LOOP ( 'NONE', ( #2504, #1689, #1886, #668 ) ) ;
#1405 = SURFACE_STYLE_USAGE ( .BOTH. , #2749 ) ;
#1406 = SURFACE_STYLE_USAGE ( .BOTH. , #2698 ) ;
#1407 = DIRECTION ( 'NONE',  ( 1.000000000000000000, 0.000000000000000000, 0.000000000000000000 ) ) ;
#1408 = PLANE ( 'NONE',  #2524 ) ;
#1409 = ADVANCED_FACE ( 'NONE', ( #3775 ), #3712, .T. ) ;
#1410 = DIRECTION ( 'NONE',  ( 0.000000000000000000, 0.000000000000000000, 1.000000000000000000 ) ) ;
#1411 = CYLINDRICAL_SURFACE ( 'NONE', #596, 0.1000000000000001582 ) ;
#1412 = PLANE ( 'NONE',  #3784 ) ;
#1413 = CARTESIAN_POINT ( 'NONE',  ( 1.000000000000000222, 0.2000000000000000111, 0.8000000000000001554 ) ) ;
#1414 = CARTESIAN_POINT ( 'NONE',  ( 0.8503337045290424445, 0.2000000000000000111, -0.7900000000000002576 ) ) ;
#1415 = ORIENTED_EDGE ( 'NONE', *, *, #1784, .F. ) ;
#1416 = DIRECTION ( 'NONE',  ( -0.000000000000000000, 1.000000000000000000, -0.000000000000000000 ) ) ;
#1417 = LINE ( 'NONE', #2766, #3683 ) ;
#1418 = EDGE_CURVE ( 'NONE', #3631, #846, #29, .T. ) ;
#1419 = DIRECTION ( 'NONE',  ( -0.000000000000000000, -1.000000000000000000, -0.000000000000000000 ) ) ;
#1420 = ORIENTED_EDGE ( 'NONE', *, *, #4397, .F. ) ;
#1421 = VECTOR ( 'NONE', #1842, 1000.000000000000000 ) ;
#1422 = ORIENTED_EDGE ( 'NONE', *, *, #3724, .T. ) ;
#1423 =( NAMED_UNIT ( * ) PLANE_ANGLE_UNIT ( ) SI_UNIT ( $, .RADIAN. ) );
#1424 = PRESENTATION_STYLE_ASSIGNMENT (( #4072 ) ) ;
#1425 = CARTESIAN_POINT ( 'NONE',  ( 1.000000000000000222, 0.000000000000000000, 0.8000000000000001554 ) ) ;
#1426 = PRESENTATION_STYLE_ASSIGNMENT (( #2145 ) ) ;
#1427 = EDGE_CURVE ( 'NONE', #2048, #2744, #2006, .T. ) ;
#1428 = VECTOR ( 'NONE', #1202, 1000.000000000000000 ) ;
#1429 = DIRECTION ( 'NONE',  ( 1.000000000000000000, 0.000000000000000000, 0.000000000000000000 ) ) ;
#1430 = AXIS2_PLACEMENT_3D ( 'NONE', #4133, #1117, #1070 ) ;
#1431 = DIRECTION ( 'NONE',  ( -0.000000000000000000, -1.000000000000000000, 0.000000000000000000 ) ) ;
#1432 = DIRECTION ( 'NONE',  ( -1.000000000000000000, 0.000000000000000000, 0.000000000000000000 ) ) ;
#1433 = FACE_OUTER_BOUND ( 'NONE', #2166, .T. ) ;
#1434 = AXIS2_PLACEMENT_3D ( 'NONE', #3516, #1494, #3189 ) ;
#1435 = ORIENTED_EDGE ( 'NONE', *, *, #3791, .F. ) ;
#1436 = AXIS2_PLACEMENT_3D ( 'NONE', #1292, #4353, #2056 ) ;
#1437 = LINE ( 'NONE', #4183, #1327 ) ;
#1438 = ADVANCED_FACE ( 'NONE', ( #2352 ), #3045, .F. ) ;
#1439 = DIRECTION ( 'NONE',  ( 2.690123605921739456E-16, 0.000000000000000000, 1.000000000000000000 ) ) ;
#1440 = CARTESIAN_POINT ( 'NONE',  ( 0.3500000000000002554, 0.2000000000000000111, 0.7700000000000000178 ) ) ;
#1441 = VERTEX_POINT ( 'NONE', #1802 ) ;
#1442 = ORIENTED_EDGE ( 'NONE', *, *, #801, .T. ) ;
#1443 =( NAMED_UNIT ( * ) SI_UNIT ( $, .STERADIAN. ) SOLID_ANGLE_UNIT ( ) );
#1444 = MECHANICAL_DESIGN_GEOMETRIC_PRESENTATION_REPRESENTATION (  '', ( #526 ), #2588 ) ;
#1445 = DIRECTION ( 'NONE',  ( 2.690123605921739456E-16, 0.000000000000000000, -1.000000000000000000 ) ) ;
#1446 = VERTEX_POINT ( 'NONE', #1465 ) ;
#1447 =( NAMED_UNIT ( * ) PLANE_ANGLE_UNIT ( ) SI_UNIT ( $, .RADIAN. ) );
#1448 = FILL_AREA_STYLE_COLOUR ( '', #718 ) ;
#1449 = DIRECTION ( 'NONE',  ( 0.000000000000000000, 0.000000000000000000, 1.000000000000000000 ) ) ;
#1450 = AXIS2_PLACEMENT_3D ( 'NONE', #2248, #2973, #2600 ) ;
#1451 = EDGE_CURVE ( 'NONE', #1521, #1814, #2861, .T. ) ;
#1452 = CARTESIAN_POINT ( 'NONE',  ( 0.8500000000000001998, 0.4500000000000000111, 0.5500000000000001554 ) ) ;
#1453 = EDGE_LOOP ( 'NONE', ( #306, #304, #3924, #3851 ) ) ;
#1454 = EDGE_LOOP ( 'NONE', ( #4194, #1520, #1750, #69 ) ) ;
#1455 = VECTOR ( 'NONE', #2458, 1000.000000000000000 ) ;
#1456 = FACE_OUTER_BOUND ( 'NONE', #1009, .T. ) ;
#1457 = EDGE_CURVE ( 'NONE', #1019, #3694, #2146, .T. ) ;
#1458 = VECTOR ( 'NONE', #949, 1000.000000000000000 ) ;
#1459 =( NAMED_UNIT ( * ) PLANE_ANGLE_UNIT ( ) SI_UNIT ( $, .RADIAN. ) );
#1460 = LINE ( 'NONE', #3143, #2573 ) ;
#1461 = ORIENTED_EDGE ( 'NONE', *, *, #2025, .F. ) ;
#1462 = STYLED_ITEM ( 'NONE', ( #4281 ), #3870 ) ;
#1463 = CARTESIAN_POINT ( 'NONE',  ( 0.8000000000000000444, 0.3499999999999999778, -0.6000000000000000888 ) ) ;
#1464 = CARTESIAN_POINT ( 'NONE',  ( 0.8530306154330092872, 0.2000000000000000111, -0.7700000000000000178 ) ) ;
#1465 = CARTESIAN_POINT ( 'NONE',  ( -0.3500000000000003109, 0.000000000000000000, 0.2500000000000001110 ) ) ;
#1466 = EDGE_LOOP ( 'NONE', ( #3442, #1129, #2737, #91, #2266, #181, #2327, #2353, #514 ) ) ;
#1467 =( GEOMETRIC_REPRESENTATION_CONTEXT ( 3 ) GLOBAL_UNCERTAINTY_ASSIGNED_CONTEXT ( ( #174 ) ) GLOBAL_UNIT_ASSIGNED_CONTEXT ( ( #3433, #2090, #1758 ) ) REPRESENTATION_CONTEXT ( 'NONE', 'WORKASPACE' ) );
#1468 = AXIS2_PLACEMENT_3D ( 'NONE', #1478, #1073, #2742 ) ;
#1469 = ORIENTED_EDGE ( 'NONE', *, *, #3601, .T. ) ;
#1470 = CARTESIAN_POINT ( 'NONE',  ( 0.000000000000000000, 0.000000000000000000, -0.7900000000000001465 ) ) ;
#1471 = ORIENTED_EDGE ( 'NONE', *, *, #103, .T. ) ;
#1472 = SURFACE_SIDE_STYLE ('',( #2823 ) ) ;
#1473 = LINE ( 'NONE', #407, #4321 ) ;
#1474 = CARTESIAN_POINT ( 'NONE',  ( -0.8503337045290424445, 0.2000000000000000111, -0.7900000000000001465 ) ) ;
#1475 = ORIENTED_EDGE ( 'NONE', *, *, #334, .F. ) ;
#1476 = SURFACE_SIDE_STYLE ('',( #2478 ) ) ;
#1477 = ORIENTED_EDGE ( 'NONE', *, *, #4052, .T. ) ;
#1478 = CARTESIAN_POINT ( 'NONE',  ( 1.000000000000000222, 0.2000000000000000111, -0.8000000000000001554 ) ) ;
#1479 = PRESENTATION_STYLE_ASSIGNMENT (( #134 ) ) ;
#1480 = FILL_AREA_STYLE ('',( #2856 ) ) ;
#1481 = EDGE_LOOP ( 'NONE', ( #1924, #3668, #2540, #3089 ) ) ;
#1482 = DIRECTION ( 'NONE',  ( -0.000000000000000000, 1.000000000000000000, 0.000000000000000000 ) ) ;
#1483 = DIRECTION ( 'NONE',  ( 0.000000000000000000, -0.000000000000000000, 1.000000000000000000 ) ) ;
#1484 = APPLICATION_CONTEXT ( 'automotive_design' ) ;
#1485 = ORIENTED_EDGE ( 'NONE', *, *, #629, .T. ) ;
#1486 = ORIENTED_EDGE ( 'NONE', *, *, #2054, .T. ) ;
#1487 = CARTESIAN_POINT ( 'NONE',  ( -0.000000000000000000, 0.000000000000000000, -0.7700000000000000178 ) ) ;
#1488 = AXIS2_PLACEMENT_3D ( 'NONE', #2499, #3886, #3450 ) ;
#1489 = SURFACE_SIDE_STYLE ('',( #845 ) ) ;
#1490 = ORIENTED_EDGE ( 'NONE', *, *, #3494, .F. ) ;
#1491 = DIRECTION ( 'NONE',  ( -1.000000000000000000, 0.000000000000000000, -0.000000000000000000 ) ) ;
#1492 = FACE_OUTER_BOUND ( 'NONE', #1600, .T. ) ;
#1493 = PRESENTATION_LAYER_ASSIGNMENT (  '', '', ( #349 ) ) ;
#1494 = DIRECTION ( 'NONE',  ( -0.000000000000000000, 1.000000000000000000, 0.000000000000000000 ) ) ;
#1495 = EDGE_CURVE ( 'NONE', #1266, #2614, #2842, .T. ) ;
#1496 = ORIENTED_EDGE ( 'NONE', *, *, #940, .T. ) ;
#1497 = ORIENTED_EDGE ( 'NONE', *, *, #2621, .F. ) ;
#1498 =( LENGTH_UNIT ( ) NAMED_UNIT ( * ) SI_UNIT ( .MILLI., .METRE. ) );
#1499 = AXIS2_PLACEMENT_3D ( 'NONE', #628, #2605, #646 ) ;
#1500 = DIRECTION ( 'NONE',  ( 0.000000000000000000, 0.000000000000000000, -1.000000000000000000 ) ) ;
#1501 = AXIS2_PLACEMENT_3D ( 'NONE', #2952, #1622, #3640 ) ;
#1502 = SURFACE_STYLE_USAGE ( .BOTH. , #2595 ) ;
#1503 = MECHANICAL_DESIGN_GEOMETRIC_PRESENTATION_REPRESENTATION (  '', ( #3436 ), #2075 ) ;
#1504 = SURFACE_SIDE_STYLE ('',( #4156 ) ) ;
#1505 = ORIENTED_EDGE ( 'NONE', *, *, #856, .T. ) ;
#1506 = EDGE_CURVE ( 'NONE', #3259, #2345, #2285, .T. ) ;
#1507 = UNCERTAINTY_MEASURE_WITH_UNIT (LENGTH_MEASURE( 1.000000000000000082E-05 ), #1658, 'distance_accuracy_value', 'NONE');
#1508 = CARTESIAN_POINT ( 'NONE',  ( 0.7500000000000001110, 0.4500000000000000111, 0.6500000000000001332 ) ) ;
#1509 = EDGE_LOOP ( 'NONE', ( #568, #2862, #681, #2558 ) ) ;
#1510 =( GEOMETRIC_REPRESENTATION_CONTEXT ( 3 ) GLOBAL_UNCERTAINTY_ASSIGNED_CONTEXT ( ( #1927 ) ) GLOBAL_UNIT_ASSIGNED_CONTEXT ( ( #261, #236, #1640 ) ) REPRESENTATION_CONTEXT ( 'NONE', 'WORKASPACE' ) );
#1511 = ORIENTED_EDGE ( 'NONE', *, *, #3125, .T. ) ;
#1512 = CIRCLE ( 'NONE', #1434, 0.1500000000000001887 ) ;
#1513 = ADVANCED_FACE ( 'NONE', ( #491 ), #2137, .T. ) ;
#1514 = CARTESIAN_POINT ( 'NONE',  ( 0.3500000000000002554, 0.2000000000000000111, -0.7700000000000000178 ) ) ;
#1515 = ORIENTED_EDGE ( 'NONE', *, *, #1817, .F. ) ;
#1516 = CARTESIAN_POINT ( 'NONE',  ( 0.3500000000000003109, 0.2000000000000000111, 3.648757311249297561E-17 ) ) ;
#1517 = CARTESIAN_POINT ( 'NONE',  ( -0.7499999999999998890, 0.3499999999999999778, 0.6500000000000002442 ) ) ;
#1518 = VECTOR ( 'NONE', #3738, 1000.000000000000000 ) ;
#1519 = LINE ( 'NONE', #785, #1238 ) ;
#1520 = ORIENTED_EDGE ( 'NONE', *, *, #2733, .F. ) ;
#1521 = VERTEX_POINT ( 'NONE', #3462 ) ;
#1523 =( LENGTH_UNIT ( ) NAMED_UNIT ( * ) SI_UNIT ( .MILLI., .METRE. ) );
#1522 = VECTOR ( 'NONE', #4211, 1000.000000000000000 ) ;
#1524 = EDGE_CURVE ( 'NONE', #782, #3946, #1761, .T. ) ;
#1525 = AXIS2_PLACEMENT_3D ( 'NONE', #2020, #4132, #3704 ) ;
#1526 = DIRECTION ( 'NONE',  ( 0.000000000000000000, 0.000000000000000000, -1.000000000000000000 ) ) ;
#1527 = FACE_OUTER_BOUND ( 'NONE', #4134, .T. ) ;
#1528 = VECTOR ( 'NONE', #1432, 1000.000000000000000 ) ;
#1529 = VERTEX_POINT ( 'NONE', #1440 ) ;
#1530 = AXIS2_PLACEMENT_3D ( 'NONE', #2337, #4100, #4349 ) ;
#1531 = FACE_OUTER_BOUND ( 'NONE', #1894, .T. ) ;
#1532 =( GEOMETRIC_REPRESENTATION_CONTEXT ( 3 ) GLOBAL_UNCERTAINTY_ASSIGNED_CONTEXT ( ( #3316 ) ) GLOBAL_UNIT_ASSIGNED_CONTEXT ( ( #146, #808, #471 ) ) REPRESENTATION_CONTEXT ( 'NONE', 'WORKASPACE' ) );
#1533 = FILL_AREA_STYLE_COLOUR ( '', #884 ) ;
#1534 = FACE_OUTER_BOUND ( 'NONE', #4377, .T. ) ;
#1535 = EDGE_LOOP ( 'NONE', ( #548, #3891, #898, #3609 ) ) ;
#1536 = EDGE_CURVE ( 'NONE', #826, #3158, #909, .T. ) ;
#1537 = PRESENTATION_LAYER_ASSIGNMENT (  '', '', ( #3905 ) ) ;
#1538 = ORIENTED_EDGE ( 'NONE', *, *, #1664, .T. ) ;
#1539 = PRESENTATION_LAYER_ASSIGNMENT (  '', '', ( #2186 ) ) ;
#1540 = PLANE ( 'NONE',  #2302 ) ;
#1541 = FACE_OUTER_BOUND ( 'NONE', #3963, .T. ) ;
#1542 = ORIENTED_EDGE ( 'NONE', *, *, #1559, .T. ) ;
#1543 = DIRECTION ( 'NONE',  ( 0.000000000000000000, 0.000000000000000000, -1.000000000000000000 ) ) ;
#1544 = CARTESIAN_POINT ( 'NONE',  ( -0.9700000000000003064, 0.2000000000000000111, 0.6530306154330092205 ) ) ;
#1545 = PRODUCT_DEFINITION_FORMATION_WITH_SPECIFIED_SOURCE ( 'ANY', '', #3637, .NOT_KNOWN. ) ;
#1546 = DIRECTION ( 'NONE',  ( -0.000000000000000000, 1.000000000000000000, 0.000000000000000000 ) ) ;
#1547 = ORIENTED_EDGE ( 'NONE', *, *, #1936, .T. ) ;
#1548 = CARTESIAN_POINT ( 'NONE',  ( -0.7500000000000001110, 0.3499999999999999778, -0.5499999999999996003 ) ) ;
#1549 = CARTESIAN_POINT ( 'NONE',  ( -1.000000000000000222, 0.2000000000000000111, -0.8000000000000001554 ) ) ;
#1550 = PRESENTATION_STYLE_ASSIGNMENT (( #1205 ) ) ;
#1551 = CARTESIAN_POINT ( 'NONE',  ( 0.3500000000000003109, 0.000000000000000000, 0.2500000000000001110 ) ) ;
#1552 = VERTEX_POINT ( 'NONE', #2265 ) ;
#1553 = SURFACE_STYLE_USAGE ( .BOTH. , #2202 ) ;
#1554 = DIRECTION ( 'NONE',  ( -0.000000000000000000, -1.000000000000000000, 0.000000000000000000 ) ) ;
#1555 = SURFACE_SIDE_STYLE ('',( #189 ) ) ;
#1556 = ORIENTED_EDGE ( 'NONE', *, *, #1895, .T. ) ;
#1557 = ORIENTED_EDGE ( 'NONE', *, *, #3570, .T. ) ;
#1558 = FILL_AREA_STYLE_COLOUR ( '', #2970 ) ;
#1559 = EDGE_CURVE ( 'NONE', #4173, #401, #559, .T. ) ;
#1560 = SURFACE_SIDE_STYLE ('',( #1281 ) ) ;
#1561 = ORIENTED_EDGE ( 'NONE', *, *, #1451, .T. ) ;
#1562 = VERTEX_POINT ( 'NONE', #4312 ) ;
#1563 = UNCERTAINTY_MEASURE_WITH_UNIT (LENGTH_MEASURE( 1.000000000000000082E-05 ), #2988, 'distance_accuracy_value', 'NONE');
#1564 = CARTESIAN_POINT ( 'NONE',  ( -0.9000000000000001332, 0.3499999999999999778, -0.6000000000000001998 ) ) ;
#1565 = EDGE_LOOP ( 'NONE', ( #2205, #2047, #897, #3392 ) ) ;
#1566 =( GEOMETRIC_REPRESENTATION_CONTEXT ( 3 ) GLOBAL_UNCERTAINTY_ASSIGNED_CONTEXT ( ( #2997 ) ) GLOBAL_UNIT_ASSIGNED_CONTEXT ( ( #788, #1111, #1088 ) ) REPRESENTATION_CONTEXT ( 'NONE', 'WORKASPACE' ) );
#1567 = CARTESIAN_POINT ( 'NONE',  ( 0.8530306154330092872, 0.2000000000000000111, -0.7700000000000000178 ) ) ;
#1568 = DIRECTION ( 'NONE',  ( 0.000000000000000000, -1.000000000000000000, -0.000000000000000000 ) ) ;
#1569 = EDGE_CURVE ( 'NONE', #2853, #4290, #3573, .T. ) ;
#1570 = CARTESIAN_POINT ( 'NONE',  ( 0.9900000000000002132, 0.2000000000000000111, 0.000000000000000000 ) ) ;
#1571 = LINE ( 'NONE', #599, #220 ) ;
#1572 = AXIS2_PLACEMENT_3D ( 'NONE', #1143, #778, #3130 ) ;
#1573 = EDGE_CURVE ( 'NONE', #1727, #2195, #2872, .T. ) ;
#1574 =( NAMED_UNIT ( * ) SI_UNIT ( $, .STERADIAN. ) SOLID_ANGLE_UNIT ( ) );
#1575 = DIRECTION ( 'NONE',  ( 0.000000000000000000, 0.000000000000000000, 1.000000000000000000 ) ) ;
#1576 = FACE_OUTER_BOUND ( 'NONE', #3600, .T. ) ;
#1577 = ORIENTED_EDGE ( 'NONE', *, *, #308, .F. ) ;
#1578 = AXIS2_PLACEMENT_3D ( 'NONE', #185, #3568, #2598 ) ;
#1579 = VERTEX_POINT ( 'NONE', #1959 ) ;
#1580 = SURFACE_STYLE_FILL_AREA ( #4235 ) ;
#1581 = CARTESIAN_POINT ( 'NONE',  ( -0.9700000000000003064, 0.000000000000000000, 0.6530306154330092205 ) ) ;
#1582 = ORIENTED_EDGE ( 'NONE', *, *, #3187, .T. ) ;
#1583 =( GEOMETRIC_REPRESENTATION_CONTEXT ( 3 ) GLOBAL_UNCERTAINTY_ASSIGNED_CONTEXT ( ( #2859 ) ) GLOBAL_UNIT_ASSIGNED_CONTEXT ( ( #3885, #55, #3164 ) ) REPRESENTATION_CONTEXT ( 'NONE', 'WORKASPACE' ) );
#1584 = EDGE_LOOP ( 'NONE', ( #3046, #279, #1903, #3356 ) ) ;
#1585 = DIRECTION ( 'NONE',  ( 0.000000000000000000, 0.000000000000000000, 1.000000000000000000 ) ) ;
#1586 =( NAMED_UNIT ( * ) PLANE_ANGLE_UNIT ( ) SI_UNIT ( $, .RADIAN. ) );
#1587 = EDGE_LOOP ( 'NONE', ( #537, #497, #4208, #432 ) ) ;
#1588 = ORIENTED_EDGE ( 'NONE', *, *, #3685, .F. ) ;
#1589 = EDGE_CURVE ( 'NONE', #3273, #3201, #2974, .T. ) ;
#1590 = PRESENTATION_STYLE_ASSIGNMENT (( #1932 ) ) ;
#1591 = DIRECTION ( 'NONE',  ( 0.000000000000000000, 0.000000000000000000, 1.000000000000000000 ) ) ;
#1592 = AXIS2_PLACEMENT_3D ( 'NONE', #3180, #516, #496 ) ;
#1593 = FILL_AREA_STYLE ('',( #573 ) ) ;
#1594 = EDGE_CURVE ( 'NONE', #1552, #3627, #4018, .T. ) ;
#1595 = LINE ( 'NONE', #1000, #464 ) ;
#1596 = VECTOR ( 'NONE', #1416, 1000.000000000000000 ) ;
#1597 = COLOUR_RGB ( '',0.7529411764705882248, 0.7529411764705882248, 0.7529411764705882248 ) ;
#1598 = FACE_OUTER_BOUND ( 'NONE', #2012, .T. ) ;
#1599 = ORIENTED_EDGE ( 'NONE', *, *, #624, .F. ) ;
#1600 = EDGE_LOOP ( 'NONE', ( #70, #560, #4073, #1471, #1706, #1177, #2440, #1623 ) ) ;
#1601 = DIRECTION ( 'NONE',  ( 0.000000000000000000, -1.000000000000000000, 0.000000000000000000 ) ) ;
#1602 = EDGE_CURVE ( 'NONE', #4295, #1090, #3622, .T. ) ;
#1603 = VECTOR ( 'NONE', #2140, 1000.000000000000000 ) ;
#1604 = CIRCLE ( 'NONE', #2245, 0.1500000000000001887 ) ;
#1605 = UNCERTAINTY_MEASURE_WITH_UNIT (LENGTH_MEASURE( 1.000000000000000082E-05 ), #2085, 'distance_accuracy_value', 'NONE');
#1606 = FILL_AREA_STYLE ('',( #1922 ) ) ;
#1607 = VERTEX_POINT ( 'NONE', #2601 ) ;
#1608 = STYLED_ITEM ( 'NONE', ( #4369 ), #3914 ) ;
#1609 = EDGE_CURVE ( 'NONE', #3314, #1849, #864, .T. ) ;
#1610 = EDGE_LOOP ( 'NONE', ( #1160, #242, #3232, #3713 ) ) ;
#1611 = DIRECTION ( 'NONE',  ( -0.000000000000000000, -1.000000000000000000, -0.000000000000000000 ) ) ;
#1612 = AXIS2_PLACEMENT_3D ( 'NONE', #2574, #3950, #555 ) ;
#1613 = DIRECTION ( 'NONE',  ( 0.000000000000000000, 0.000000000000000000, -1.000000000000000000 ) ) ;
#1614 = LINE ( 'NONE', #658, #587 ) ;
#1615 = STYLED_ITEM ( 'NONE', ( #1550 ), #4033 ) ;
#1616 = LINE ( 'NONE', #523, #575 ) ;
#1617 = EDGE_CURVE ( 'NONE', #2418, #2609, #2570, .T. ) ;
#1618 =( GEOMETRIC_REPRESENTATION_CONTEXT ( 3 ) GLOBAL_UNCERTAINTY_ASSIGNED_CONTEXT ( ( #3789 ) ) GLOBAL_UNIT_ASSIGNED_CONTEXT ( ( #1365, #78, #3836 ) ) REPRESENTATION_CONTEXT ( 'NONE', 'WORKASPACE' ) );
#1619 = LINE ( 'NONE', #1654, #1124 ) ;
#1620 = CYLINDRICAL_SURFACE ( 'NONE', #295, 0.1500000000000001887 ) ;
#1621 = SURFACE_STYLE_FILL_AREA ( #2663 ) ;
#1622 = DIRECTION ( 'NONE',  ( -0.000000000000000000, 1.000000000000000000, 0.000000000000000000 ) ) ;
#1623 = ORIENTED_EDGE ( 'NONE', *, *, #3697, .T. ) ;
#1624 = VERTEX_POINT ( 'NONE', #2556 ) ;
#1625 =( LENGTH_UNIT ( ) NAMED_UNIT ( * ) SI_UNIT ( .MILLI., .METRE. ) );
#1626 = CARTESIAN_POINT ( 'NONE',  ( 0.7500000000000001110, 0.4500000000000000111, 0.5500000000000001554 ) ) ;
#1627 = ORIENTED_EDGE ( 'NONE', *, *, #3724, .F. ) ;
#1628 = ADVANCED_FACE ( 'NONE', ( #1576 ), #2993, .F. ) ;
#1629 = VERTEX_POINT ( 'NONE', #3277 ) ;
#1630 = CARTESIAN_POINT ( 'NONE',  ( -1.000000000000000222, 0.2000000000000000111, -0.8000000000000001554 ) ) ;
#1631 = DIRECTION ( 'NONE',  ( -0.000000000000000000, 1.000000000000000000, -0.000000000000000000 ) ) ;
#1632 = LINE ( 'NONE', #683, #1821 ) ;
#1633 = DIRECTION ( 'NONE',  ( 1.000000000000000000, 0.000000000000000000, 0.000000000000000000 ) ) ;
#1634 = SURFACE_STYLE_USAGE ( .BOTH. , #3349 ) ;
#1635 = DIRECTION ( 'NONE',  ( 0.000000000000000000, -1.000000000000000000, 0.000000000000000000 ) ) ;
#1636 = ADVANCED_FACE ( 'NONE', ( #1534 ), #885, .F. ) ;
#1637 = CYLINDRICAL_SURFACE ( 'NONE', #4390, 0.1500000000000001887 ) ;
#1638 = DIRECTION ( 'NONE',  ( -0.000000000000000000, 1.000000000000000000, 0.000000000000000000 ) ) ;
#1639 = VERTEX_POINT ( 'NONE', #1682 ) ;
#1640 =( NAMED_UNIT ( * ) SI_UNIT ( $, .STERADIAN. ) SOLID_ANGLE_UNIT ( ) );
#1641 = UNCERTAINTY_MEASURE_WITH_UNIT (LENGTH_MEASURE( 1.000000000000000082E-05 ), #3610, 'distance_accuracy_value', 'NONE');
#1642 = PRESENTATION_LAYER_ASSIGNMENT (  '', '', ( #581 ) ) ;
#1643 = ADVANCED_FACE ( 'NONE', ( #1337 ), #3368, .T. ) ;
#1644 = LINE ( 'NONE', #3283, #2729 ) ;
#1645 = ORIENTED_EDGE ( 'NONE', *, *, #2269, .F. ) ;
#1646 = ORIENTED_EDGE ( 'NONE', *, *, #525, .F. ) ;
#1647 = DIRECTION ( 'NONE',  ( 0.000000000000000000, -1.000000000000000000, 0.000000000000000000 ) ) ;
#1648 = ADVANCED_FACE ( 'NONE', ( #2762 ), #4040, .F. ) ;
#1649 = LINE ( 'NONE', #1264, #2156 ) ;
#1650 = LINE ( 'NONE', #4031, #2220 ) ;
#1651 = SURFACE_STYLE_USAGE ( .BOTH. , #1308 ) ;
#1652 = EDGE_CURVE ( 'NONE', #3025, #486, #2710, .T. ) ;
#1653 = CIRCLE ( 'NONE', #4309, 0.1500000000000001887 ) ;
#1654 = CARTESIAN_POINT ( 'NONE',  ( -0.8530306154330093982, 0.2000000000000000111, -0.7700000000000000178 ) ) ;
#1655 = CARTESIAN_POINT ( 'NONE',  ( 0.9700000000000000844, 0.2000000000000000111, -2.609419897744087001E-16 ) ) ;
#1656 = CARTESIAN_POINT ( 'NONE',  ( -0.8500000000000001998, 0.4500000000000000111, -0.5499999999999996003 ) ) ;
#1657 = VECTOR ( 'NONE', #1716, 1000.000000000000000 ) ;
#1658 =( LENGTH_UNIT ( ) NAMED_UNIT ( * ) SI_UNIT ( .MILLI., .METRE. ) );
#1659 = ORIENTED_EDGE ( 'NONE', *, *, #629, .F. ) ;
#1660 = VECTOR ( 'NONE', #2768, 1000.000000000000000 ) ;
#1661 = PLANE ( 'NONE',  #2118 ) ;
#1662 =( GEOMETRIC_REPRESENTATION_CONTEXT ( 3 ) GLOBAL_UNCERTAINTY_ASSIGNED_CONTEXT ( ( #4093 ) ) GLOBAL_UNIT_ASSIGNED_CONTEXT ( ( #3496, #1459, #3550 ) ) REPRESENTATION_CONTEXT ( 'NONE', 'WORKASPACE' ) );
#1663 = CARTESIAN_POINT ( 'NONE',  ( -0.9700000000000003064, 0.000000000000000000, -0.6530306154330092205 ) ) ;
#1664 = EDGE_CURVE ( 'NONE', #1984, #3493, #17, .T. ) ;
#1665 = DIRECTION ( 'NONE',  ( 0.000000000000000000, 0.000000000000000000, 1.000000000000000000 ) ) ;
#1666 = DIRECTION ( 'NONE',  ( 0.000000000000000000, -1.000000000000000000, 0.000000000000000000 ) ) ;
#1667 = ORIENTED_EDGE ( 'NONE', *, *, #2426, .F. ) ;
#1668 = MECHANICAL_DESIGN_GEOMETRIC_PRESENTATION_REPRESENTATION (  '', ( #2967 ), #4184 ) ;
#1669 = ORIENTED_EDGE ( 'NONE', *, *, #652, .F. ) ;
#1670 = CARTESIAN_POINT ( 'NONE',  ( 0.9000000000000001332, 0.2500000000000000000, 0.7999999999999999334 ) ) ;
#1671 = AXIS2_PLACEMENT_3D ( 'NONE', #2554, #823, #2948 ) ;
#1672 =( NAMED_UNIT ( * ) SI_UNIT ( $, .STERADIAN. ) SOLID_ANGLE_UNIT ( ) );
#1673 = CYLINDRICAL_SURFACE ( 'NONE', #1939, 0.1000000000000000472 ) ;
#1674 = DIRECTION ( 'NONE',  ( 1.000000000000000000, 0.000000000000000000, -0.000000000000000000 ) ) ;
#1675 = AXIS2_PLACEMENT_3D ( 'NONE', #1549, #818, #3910 ) ;
#1676 = PLANE ( 'NONE',  #319 ) ;
#1677 = PRESENTATION_LAYER_ASSIGNMENT (  '', '', ( #1047 ) ) ;
#1678 = CARTESIAN_POINT ( 'NONE',  ( -1.000000000000000222, 0.2000000000000000111, 0.8000000000000001554 ) ) ;
#1679 = PRESENTATION_LAYER_ASSIGNMENT (  '', '', ( #977 ) ) ;
#1680 = VECTOR ( 'NONE', #3423, 1000.000000000000000 ) ;
#1681 = CARTESIAN_POINT ( 'NONE',  ( 0.000000000000000000, 0.2000000000000000111, 0.2500000000000001110 ) ) ;
#1682 = CARTESIAN_POINT ( 'NONE',  ( -0.9900000000000002132, 0.000000000000000000, 0.7005012562893380146 ) ) ;
#1683 = EDGE_LOOP ( 'NONE', ( #2953, #1577, #1627, #1165, #3829, #1667, #1076, #2843, #4231 ) ) ;
#1684 = CARTESIAN_POINT ( 'NONE',  ( -0.8000000000000000444, 0.2500000000000000000, 0.6000000000000001998 ) ) ;
#1685 =( NAMED_UNIT ( * ) SI_UNIT ( $, .STERADIAN. ) SOLID_ANGLE_UNIT ( ) );
#1686 = CARTESIAN_POINT ( 'NONE',  ( 0.8500000000000001998, 0.4500000000000000111, -0.5499999999999999334 ) ) ;
#1687 = PLANE ( 'NONE',  #3911 ) ;
#1688 = VERTEX_POINT ( 'NONE', #3748 ) ;
#1689 = ORIENTED_EDGE ( 'NONE', *, *, #3422, .F. ) ;
#1690 = SURFACE_STYLE_FILL_AREA ( #2983 ) ;
#1691 = ADVANCED_FACE ( 'NONE', ( #953 ), #3705, .F. ) ;
#1692 = LINE ( 'NONE', #3066, #675 ) ;
#1693 = DIRECTION ( 'NONE',  ( -0.000000000000000000, -1.000000000000000000, -0.000000000000000000 ) ) ;
#1694 = DIRECTION ( 'NONE',  ( 1.000000000000000000, 0.000000000000000000, -0.000000000000000000 ) ) ;
#1695 = ADVANCED_FACE ( 'NONE', ( #3350 ), #3077, .F. ) ;
#1696 = CARTESIAN_POINT ( 'NONE',  ( -0.9900000000000002132, 0.000000000000000000, 0.000000000000000000 ) ) ;
#1697 =( GEOMETRIC_REPRESENTATION_CONTEXT ( 3 ) GLOBAL_UNCERTAINTY_ASSIGNED_CONTEXT ( ( #2313 ) ) GLOBAL_UNIT_ASSIGNED_CONTEXT ( ( #2936, #4320, #2211 ) ) REPRESENTATION_CONTEXT ( 'NONE', 'WORKASPACE' ) );
#1698 = EDGE_CURVE ( 'NONE', #1266, #4173, #3240, .T. ) ;
#1699 = CARTESIAN_POINT ( 'NONE',  ( -0.9900000000000002132, 0.2000000000000000111, 0.000000000000000000 ) ) ;
#1700 = PLANE ( 'NONE',  #3541 ) ;
#1701 = PRESENTATION_LAYER_ASSIGNMENT (  '', '', ( #1147 ) ) ;
#1702 = EDGE_CURVE ( 'NONE', #3805, #3342, #2435, .T. ) ;
#1703 = CYLINDRICAL_SURFACE ( 'NONE', #743, 0.1000000000000001582 ) ;
#1704 =( NAMED_UNIT ( * ) SI_UNIT ( $, .STERADIAN. ) SOLID_ANGLE_UNIT ( ) );
#1705 =( GEOMETRIC_REPRESENTATION_CONTEXT ( 3 ) GLOBAL_UNCERTAINTY_ASSIGNED_CONTEXT ( ( #1297 ) ) GLOBAL_UNIT_ASSIGNED_CONTEXT ( ( #1523, #3947, #876 ) ) REPRESENTATION_CONTEXT ( 'NONE', 'WORKASPACE' ) );
#1706 = ORIENTED_EDGE ( 'NONE', *, *, #2750, .T. ) ;
#1707 = CARTESIAN_POINT ( 'NONE',  ( 0.8500000000000001998, 0.4500000000000000111, -0.6500000000000000222 ) ) ;
#1708 = PLANE ( 'NONE',  #3838 ) ;
#1709 = CARTESIAN_POINT ( 'NONE',  ( -0.3500000000000002554, 0.2000000000000000111, -0.7700000000000000178 ) ) ;
#1710 = SURFACE_STYLE_USAGE ( .BOTH. , #2416 ) ;
#1711 =( NAMED_UNIT ( * ) PLANE_ANGLE_UNIT ( ) SI_UNIT ( $, .RADIAN. ) );
#1712 = ORIENTED_EDGE ( 'NONE', *, *, #4062, .T. ) ;
#1713 = UNCERTAINTY_MEASURE_WITH_UNIT (LENGTH_MEASURE( 1.000000000000000082E-05 ), #2357, 'distance_accuracy_value', 'NONE');
#1714 = ORIENTED_EDGE ( 'NONE', *, *, #1791, .F. ) ;
#1715 = CARTESIAN_POINT ( 'NONE',  ( -1.000000000000000222, 0.2500000000000000000, -0.8000000000000001554 ) ) ;
#1716 = DIRECTION ( 'NONE',  ( -2.690123605921739456E-16, 0.000000000000000000, -1.000000000000000000 ) ) ;
#1717 = CARTESIAN_POINT ( 'NONE',  ( -0.7500000000000001110, 0.3499999999999999778, -0.6499999999999996891 ) ) ;
#1718 = CARTESIAN_POINT ( 'NONE',  ( -0.9000000000000001332, 0.3499999999999999778, 0.6000000000000001998 ) ) ;
#1719 = CARTESIAN_POINT ( 'NONE',  ( -0.3500000000000003109, 0.2000000000000000111, -0.2500000000000001110 ) ) ;
#1720 = PRESENTATION_LAYER_ASSIGNMENT (  '', '', ( #1364 ) ) ;
#1721 = CARTESIAN_POINT ( 'NONE',  ( -0.3500000000000002554, 0.2000000000000000111, 0.7700000000000000178 ) ) ;
#1722 = VECTOR ( 'NONE', #1601, 1000.000000000000000 ) ;
#1723 =( LENGTH_UNIT ( ) NAMED_UNIT ( * ) SI_UNIT ( .MILLI., .METRE. ) );
#1724 = MECHANICAL_DESIGN_GEOMETRIC_PRESENTATION_REPRESENTATION (  '', ( #2950 ), #3948 ) ;
#1725 = PRESENTATION_STYLE_ASSIGNMENT (( #4445 ) ) ;
#1726 = LINE ( 'NONE', #16, #817 ) ;
#1727 = VERTEX_POINT ( 'NONE', #3199 ) ;
#1728 = EDGE_CURVE ( 'NONE', #1003, #234, #3168, .T. ) ;
#1729 = CARTESIAN_POINT ( 'NONE',  ( -0.3500000000000002554, 0.000000000000000000, -0.7700000000000000178 ) ) ;
#1730 = AXIS2_PLACEMENT_3D ( 'NONE', #324, #2439, #3774 ) ;
#1731 = DIRECTION ( 'NONE',  ( 0.000000000000000000, 0.000000000000000000, 1.000000000000000000 ) ) ;
#1732 = CYLINDRICAL_SURFACE ( 'NONE', #1730, 0.1500000000000001887 ) ;
#1733 = CARTESIAN_POINT ( 'NONE',  ( 0.000000000000000000, 0.2000000000000000111, -0.2500000000000001110 ) ) ;
#1734 = ORIENTED_EDGE ( 'NONE', *, *, #4084, .F. ) ;
#1735 = AXIS2_PLACEMENT_3D ( 'NONE', #23, #1419, #1665 ) ;
#1736 = EDGE_CURVE ( 'NONE', #85, #3190, #1460, .T. ) ;
#1737 = VERTEX_POINT ( 'NONE', #110 ) ;
#1738 = SURFACE_SIDE_STYLE ('',( #720 ) ) ;
#1739 = MECHANICAL_DESIGN_GEOMETRIC_PRESENTATION_REPRESENTATION (  '', ( #1033 ), #163 ) ;
#1740 = LINE ( 'NONE', #3090, #4315 ) ;
#1741 = ADVANCED_FACE ( 'NONE', ( #1433 ), #4180, .F. ) ;
#1742 = DIRECTION ( 'NONE',  ( 0.000000000000000000, 0.000000000000000000, -1.000000000000000000 ) ) ;
#1743 = CIRCLE ( 'NONE', #3534, 0.1000000000000001582 ) ;
#1744 = DIRECTION ( 'NONE',  ( 0.000000000000000000, -1.000000000000000000, 0.000000000000000000 ) ) ;
#1745 = STYLED_ITEM ( 'NONE', ( #4278 ), #739 ) ;
#1746 = AXIS2_PLACEMENT_3D ( 'NONE', #1463, #2788, #1400 ) ;
#1747 = DIRECTION ( 'NONE',  ( 0.000000000000000000, -1.000000000000000000, 0.000000000000000000 ) ) ;
#1748 = EDGE_CURVE ( 'NONE', #2278, #2744, #660, .T. ) ;
#1749 = VECTOR ( 'NONE', #332, 1000.000000000000000 ) ;
#1750 = ORIENTED_EDGE ( 'NONE', *, *, #445, .F. ) ;
#1751 = MECHANICAL_DESIGN_GEOMETRIC_PRESENTATION_REPRESENTATION (  '', ( #688 ), #468 ) ;
#1752 = MECHANICAL_DESIGN_GEOMETRIC_PRESENTATION_REPRESENTATION (  '', ( #2319 ), #3049 ) ;
#1753 = AXIS2_PLACEMENT_3D ( 'NONE', #987, #1355, #3372 ) ;
#1754 = EDGE_CURVE ( 'NONE', #2939, #1861, #3941, .T. ) ;
#1755 = DIRECTION ( 'NONE',  ( 1.000000000000000000, 0.000000000000000000, -0.000000000000000000 ) ) ;
#1756 = VECTOR ( 'NONE', #1946, 1000.000000000000000 ) ;
#1757 = ORIENTED_EDGE ( 'NONE', *, *, #1163, .T. ) ;
#1758 =( NAMED_UNIT ( * ) SI_UNIT ( $, .STERADIAN. ) SOLID_ANGLE_UNIT ( ) );
#1759 = DIRECTION ( 'NONE',  ( 0.000000000000000000, -1.000000000000000000, 0.000000000000000000 ) ) ;
#1760 = FILL_AREA_STYLE ('',( #3269 ) ) ;
#1761 = LINE ( 'NONE', #2790, #1865 ) ;
#1762 = ORIENTED_EDGE ( 'NONE', *, *, #4303, .T. ) ;
#1763 = ADVANCED_FACE ( 'NONE', ( #3890 ), #1138, .F. ) ;
#1764 = EDGE_LOOP ( 'NONE', ( #4094, #2851, #731, #1582 ) ) ;
#1765 = FILL_AREA_STYLE ('',( #2421 ) ) ;
#1766 =( NAMED_UNIT ( * ) PLANE_ANGLE_UNIT ( ) SI_UNIT ( $, .RADIAN. ) );
#1767 = LINE ( 'NONE', #3185, #3082 ) ;
#1768 = CYLINDRICAL_SURFACE ( 'NONE', #2030, 0.1500000000000001887 ) ;
#1769 = ADVANCED_FACE ( 'NONE', ( #1823 ), #431, .F. ) ;
#1770 = CARTESIAN_POINT ( 'NONE',  ( -0.000000000000000000, 0.000000000000000000, -0.2500000000000001110 ) ) ;
#1771 = ORIENTED_EDGE ( 'NONE', *, *, #3817, .F. ) ;
#1772 = FILL_AREA_STYLE ('',( #409 ) ) ;
#1773 = SURFACE_STYLE_USAGE ( .BOTH. , #410 ) ;
#1774 = UNCERTAINTY_MEASURE_WITH_UNIT (LENGTH_MEASURE( 1.000000000000000082E-05 ), #2413, 'distance_accuracy_value', 'NONE');
#1775 = VECTOR ( 'NONE', #3940, 1000.000000000000000 ) ;
#1776 = CARTESIAN_POINT ( 'NONE',  ( -0.8530306154330093982, 0.2000000000000000111, -0.7700000000000000178 ) ) ;
#1777 = DIRECTION ( 'NONE',  ( -0.000000000000000000, 1.000000000000000000, 0.000000000000000000 ) ) ;
#1778 = ORIENTED_EDGE ( 'NONE', *, *, #1958, .T. ) ;
#1779 = SURFACE_STYLE_FILL_AREA ( #3479 ) ;
#1780 = CARTESIAN_POINT ( 'NONE',  ( 0.8000000000000000444, 0.3499999999999999778, 0.7000000000000001776 ) ) ;
#1781 = FILL_AREA_STYLE_COLOUR ( '', #957 ) ;
#1782 = ORIENTED_EDGE ( 'NONE', *, *, #2519, .F. ) ;
#1783 = VECTOR ( 'NONE', #3406, 1000.000000000000000 ) ;
#1784 = EDGE_CURVE ( 'NONE', #4326, #1145, #3877, .T. ) ;
#1785 = EDGE_LOOP ( 'NONE', ( #618, #910, #3770, #3981 ) ) ;
#1786 = FILL_AREA_STYLE_COLOUR ( '', #4245 ) ;
#1787 = DIRECTION ( 'NONE',  ( 0.000000000000000000, 0.000000000000000000, 1.000000000000000000 ) ) ;
#1788 = DIRECTION ( 'NONE',  ( -2.690123605921739456E-16, -0.000000000000000000, 1.000000000000000000 ) ) ;
#1789 = PRESENTATION_LAYER_ASSIGNMENT (  '', '', ( #3794 ) ) ;
#1790 = CARTESIAN_POINT ( 'NONE',  ( 0.9700000000000003064, 0.2000000000000000111, -0.6530306154330092205 ) ) ;
#1791 = EDGE_CURVE ( 'NONE', #915, #1885, #821, .T. ) ;
#1792 =( GEOMETRIC_REPRESENTATION_CONTEXT ( 3 ) GLOBAL_UNCERTAINTY_ASSIGNED_CONTEXT ( ( #3224 ) ) GLOBAL_UNIT_ASSIGNED_CONTEXT ( ( #667, #1394, #2667 ) ) REPRESENTATION_CONTEXT ( 'NONE', 'WORKASPACE' ) );
#1793 = CLOSED_SHELL ( 'NONE', ( #3020, #1763, #339, #530, #219, #440, #3633, #2161, #4005, #1844, #1409, #670, #2113, #3800, #905, #435, #948, #3935, #1316, #647, #2304, #1979, #2466, #1235, #3197, #3396, #3617, #1981, #53, #4419, #1695, #816, #3262, #3737, #561, #1741, #1219, #1869, #3405, #2664, #294, #1643, #707, #2485, #1691, #2059 ) ) ;
#1794 = VECTOR ( 'NONE', #253, 1000.000000000000000 ) ;
#1795 = EDGE_LOOP ( 'NONE', ( #1284, #267, #3873, #2830, #2532, #2909, #428, #508 ) ) ;
#1796 = FILL_AREA_STYLE_COLOUR ( '', #3323 ) ;
#1797 = CARTESIAN_POINT ( 'NONE',  ( 1.000000000000000222, 0.000000000000000000, 0.8000000000000001554 ) ) ;
#1798 = AXIS2_PLACEMENT_3D ( 'NONE', #2148, #125, #849 ) ;
#1799 = CIRCLE ( 'NONE', #1436, 0.1000000000000001582 ) ;
#1800 = DIRECTION ( 'NONE',  ( -1.000000000000000000, 0.000000000000000000, 0.000000000000000000 ) ) ;
#1801 = FILL_AREA_STYLE ('',( #1781 ) ) ;
#1802 = CARTESIAN_POINT ( 'NONE',  ( -0.8000000000000000444, 0.2500000000000000000, 0.7000000000000001776 ) ) ;
#1803 = ORIENTED_EDGE ( 'NONE', *, *, #249, .T. ) ;
#1804 = ORIENTED_EDGE ( 'NONE', *, *, #2949, .F. ) ;
#1805 = SURFACE_STYLE_FILL_AREA ( #4143 ) ;
#1806 = EDGE_CURVE ( 'NONE', #2029, #3060, #4308, .T. ) ;
#1807 = FILL_AREA_STYLE_COLOUR ( '', #2512 ) ;
#1808 = ORIENTED_EDGE ( 'NONE', *, *, #1864, .F. ) ;
#1809 = LINE ( 'NONE', #1709, #965 ) ;
#1810 = FACE_OUTER_BOUND ( 'NONE', #2442, .T. ) ;
#1811 =( GEOMETRIC_REPRESENTATION_CONTEXT ( 3 ) GLOBAL_UNCERTAINTY_ASSIGNED_CONTEXT ( ( #2745 ) ) GLOBAL_UNIT_ASSIGNED_CONTEXT ( ( #926, #2992, #4017 ) ) REPRESENTATION_CONTEXT ( 'NONE', 'WORKASPACE' ) );
#1812 = LINE ( 'NONE', #51, #1332 ) ;
#1813 = CARTESIAN_POINT ( 'NONE',  ( 0.000000000000000000, 0.2000000000000000111, 0.2500000000000001110 ) ) ;
#1814 = VERTEX_POINT ( 'NONE', #3616 ) ;
#1815 = CARTESIAN_POINT ( 'NONE',  ( 0.9700000000000000844, 0.000000000000000000, -2.609419897744087001E-16 ) ) ;
#1816 =( NAMED_UNIT ( * ) PLANE_ANGLE_UNIT ( ) SI_UNIT ( $, .RADIAN. ) );
#1817 = EDGE_CURVE ( 'NONE', #2418, #3209, #3995, .T. ) ;
#1818 = ORIENTED_EDGE ( 'NONE', *, *, #1151, .T. ) ;
#1819 = MECHANICAL_DESIGN_GEOMETRIC_PRESENTATION_REPRESENTATION (  '', ( #539 ), #4106 ) ;
#1820 = CARTESIAN_POINT ( 'NONE',  ( -0.3500000000000003109, 0.2000000000000000111, 0.2500000000000001110 ) ) ;
#1821 = VECTOR ( 'NONE', #312, 1000.000000000000000 ) ;
#1822 = AXIS2_PLACEMENT_3D ( 'NONE', #2840, #4210, #3459 ) ;
#1823 = FACE_OUTER_BOUND ( 'NONE', #320, .T. ) ;
#1824 = EDGE_LOOP ( 'NONE', ( #2510, #1148, #1254, #463 ) ) ;
#1825 = FILL_AREA_STYLE ('',( #201 ) ) ;
#1826 = MECHANICAL_DESIGN_GEOMETRIC_PRESENTATION_REPRESENTATION (  '', ( #3757 ), #2381 ) ;
#1827 = CARTESIAN_POINT ( 'NONE',  ( 0.000000000000000000, 0.000000000000000000, 0.000000000000000000 ) ) ;
#1828 = UNCERTAINTY_MEASURE_WITH_UNIT (LENGTH_MEASURE( 1.000000000000000082E-05 ), #1915, 'distance_accuracy_value', 'NONE');
#1829 = CARTESIAN_POINT ( 'NONE',  ( -0.9900000000000002132, 0.2000000000000000111, 0.000000000000000000 ) ) ;
#1830 = ORIENTED_EDGE ( 'NONE', *, *, #1988, .T. ) ;
#1831 = COLOUR_RGB ( '',1.000000000000000000, 0.7843137254901960675, 0.000000000000000000 ) ;
#1832 = MECHANICAL_DESIGN_GEOMETRIC_PRESENTATION_REPRESENTATION (  '', ( #1047 ), #2606 ) ;
#1833 = VERTEX_POINT ( 'NONE', #3953 ) ;
#1834 = CIRCLE ( 'NONE', #4268, 0.1000000000000001582 ) ;
#1835 = DIRECTION ( 'NONE',  ( 0.000000000000000000, -1.000000000000000000, 0.000000000000000000 ) ) ;
#1836 = VERTEX_POINT ( 'NONE', #2199 ) ;
#1837 = FACE_OUTER_BOUND ( 'NONE', #2007, .T. ) ;
#1838 = FILL_AREA_STYLE_COLOUR ( '', #2994 ) ;
#1839 = PLANE ( 'NONE',  #1798 ) ;
#1840 = ORIENTED_EDGE ( 'NONE', *, *, #3817, .T. ) ;
#1841 = EDGE_CURVE ( 'NONE', #3249, #4004, #1571, .T. ) ;
#1842 = DIRECTION ( 'NONE',  ( 0.000000000000000000, -1.000000000000000000, 0.000000000000000000 ) ) ;
#1843 = DIRECTION ( 'NONE',  ( 1.000000000000000000, 0.000000000000000000, -1.913297951445007622E-16 ) ) ;
#1844 = ADVANCED_FACE ( 'NONE', ( #158 ), #1892, .F. ) ;
#1845 = DIRECTION ( 'NONE',  ( -1.000000000000000000, -0.000000000000000000, -0.000000000000000000 ) ) ;
#1846 = ORIENTED_EDGE ( 'NONE', *, *, #3655, .F. ) ;
#1847 = LINE ( 'NONE', #114, #2312 ) ;
#1848 = CARTESIAN_POINT ( 'NONE',  ( 0.000000000000000000, 0.000000000000000000, -0.2500000000000001110 ) ) ;
#1849 = VERTEX_POINT ( 'NONE', #2619 ) ;
#1850 = ORIENTED_EDGE ( 'NONE', *, *, #586, .F. ) ;
#1851 = SURFACE_SIDE_STYLE ('',( #2954 ) ) ;
#1852 =( GEOMETRIC_REPRESENTATION_CONTEXT ( 3 ) GLOBAL_UNCERTAINTY_ASSIGNED_CONTEXT ( ( #3354 ) ) GLOBAL_UNIT_ASSIGNED_CONTEXT ( ( #3211, #123, #1217 ) ) REPRESENTATION_CONTEXT ( 'NONE', 'WORKASPACE' ) );
#1853 = LINE ( 'NONE', #2469, #156 ) ;
#1854 = ORIENTED_EDGE ( 'NONE', *, *, #3153, .T. ) ;
#1855 = DIRECTION ( 'NONE',  ( 0.000000000000000000, 0.000000000000000000, -1.000000000000000000 ) ) ;
#1856 = EDGE_CURVE ( 'NONE', #4070, #3946, #3974, .T. ) ;
#1857 = CARTESIAN_POINT ( 'NONE',  ( 1.000000000000000222, 0.000000000000000000, -0.8000000000000001554 ) ) ;
#1858 = MECHANICAL_DESIGN_GEOMETRIC_PRESENTATION_REPRESENTATION (  '', ( #349 ), #2062 ) ;
#1859 = CYLINDRICAL_SURFACE ( 'NONE', #3311, 0.1500000000000001887 ) ;
#1860 = ORIENTED_EDGE ( 'NONE', *, *, #1895, .F. ) ;
#1861 = VERTEX_POINT ( 'NONE', #3588 ) ;
#1862 = LINE ( 'NONE', #3244, #3072 ) ;
#1863 = SURFACE_SIDE_STYLE ('',( #1157 ) ) ;
#1864 = EDGE_CURVE ( 'NONE', #3842, #2885, #2717, .T. ) ;
#1865 = VECTOR ( 'NONE', #3483, 1000.000000000000000 ) ;
#1866 =( NAMED_UNIT ( * ) PLANE_ANGLE_UNIT ( ) SI_UNIT ( $, .RADIAN. ) );
#1867 = COLOUR_RGB ( '',1.000000000000000000, 0.7843137254901960675, 0.000000000000000000 ) ;
#1868 = DIRECTION ( 'NONE',  ( -1.000000000000000000, 0.000000000000000000, 0.000000000000000000 ) ) ;
#1869 = ADVANCED_FACE ( 'NONE', ( #904 ), #3292, .T. ) ;
#1870 = ORIENTED_EDGE ( 'NONE', *, *, #2610, .F. ) ;
#1871 = DIRECTION ( 'NONE',  ( -0.000000000000000000, 1.000000000000000000, 0.000000000000000000 ) ) ;
#1872 = VECTOR ( 'NONE', #4029, 1000.000000000000000 ) ;
#1873 =( LENGTH_UNIT ( ) NAMED_UNIT ( * ) SI_UNIT ( .MILLI., .METRE. ) );
#1874 = SURFACE_STYLE_USAGE ( .BOTH. , #3294 ) ;
#1875 = ORIENTED_EDGE ( 'NONE', *, *, #2998, .T. ) ;
#1876 = ORIENTED_EDGE ( 'NONE', *, *, #445, .T. ) ;
#1877 = VECTOR ( 'NONE', #1242, 1000.000000000000000 ) ;
#1878 = LINE ( 'NONE', #2819, #3256 ) ;
#1879 = VERTEX_POINT ( 'NONE', #507 ) ;
#1880 = ADVANCED_FACE ( 'NONE', ( #2947 ), #4247, .F. ) ;
#1881 = DIRECTION ( 'NONE',  ( 0.000000000000000000, 1.000000000000000000, -0.000000000000000000 ) ) ;
#1882 = DIRECTION ( 'NONE',  ( 0.000000000000000000, 0.000000000000000000, 1.000000000000000000 ) ) ;
#1883 = STYLED_ITEM ( 'NONE', ( #3000 ), #2624 ) ;
#1884 = CARTESIAN_POINT ( 'NONE',  ( 0.3500000000000003109, 0.2000000000000000111, 3.648757311249297561E-17 ) ) ;
#1885 = VERTEX_POINT ( 'NONE', #2222 ) ;
#1886 = ORIENTED_EDGE ( 'NONE', *, *, #2193, .T. ) ;
#1888 = DIRECTION ( 'NONE',  ( -1.042502088928369781E-16, -0.000000000000000000, 1.000000000000000000 ) ) ;
#1887 = VECTOR ( 'NONE', #4065, 1000.000000000000000 ) ;
#1889 = VECTOR ( 'NONE', #1755, 1000.000000000000000 ) ;
#1890 = VECTOR ( 'NONE', #2128, 1000.000000000000000 ) ;
#1891 = FILL_AREA_STYLE_COLOUR ( '', #540 ) ;
#1892 = CYLINDRICAL_SURFACE ( 'NONE', #2497, 0.1000000000000001582 ) ;
#1893 = ADVANCED_FACE ( 'NONE', ( #1527 ), #2903, .F. ) ;
#1894 = EDGE_LOOP ( 'NONE', ( #789, #4085, #2567, #4297 ) ) ;
#1895 = EDGE_CURVE ( 'NONE', #4326, #2680, #2017, .T. ) ;
#1896 = SURFACE_STYLE_USAGE ( .BOTH. , #1940 ) ;
#1897 = ORIENTED_EDGE ( 'NONE', *, *, #2323, .T. ) ;
#1898 = ORIENTED_EDGE ( 'NONE', *, *, #907, .F. ) ;
#1899 = AXIS2_PLACEMENT_3D ( 'NONE', #1132, #3134, #1385 ) ;
#1900 = AXIS2_PLACEMENT_3D ( 'NONE', #2858, #1482, #1591 ) ;
#1901 = AXIS2_PLACEMENT_3D ( 'NONE', #2219, #4162, #3586 ) ;
#1902 =( NAMED_UNIT ( * ) PLANE_ANGLE_UNIT ( ) SI_UNIT ( $, .RADIAN. ) );
#1903 = ORIENTED_EDGE ( 'NONE', *, *, #106, .F. ) ;
#1904 = FACE_OUTER_BOUND ( 'NONE', #3591, .T. ) ;
#1905 = ORIENTED_EDGE ( 'NONE', *, *, #2812, .T. ) ;
#1906 = CARTESIAN_POINT ( 'NONE',  ( 0.8530306154330092872, 0.2000000000000000111, -0.7700000000000000178 ) ) ;
#1907 = CIRCLE ( 'NONE', #902, 0.1000000000000001582 ) ;
#1908 = EDGE_CURVE ( 'NONE', #392, #2210, #687, .T. ) ;
#1909 = CARTESIAN_POINT ( 'NONE',  ( -0.3500000000000003109, 0.2000000000000000111, -0.2500000000000000555 ) ) ;
#1910 = ORIENTED_EDGE ( 'NONE', *, *, #4077, .T. ) ;
#1911 = ORIENTED_EDGE ( 'NONE', *, *, #1589, .F. ) ;
#1912 = SURFACE_STYLE_FILL_AREA ( #2240 ) ;
#1913 = DIRECTION ( 'NONE',  ( -1.042502088928369781E-16, 0.000000000000000000, -1.000000000000000000 ) ) ;
#1914 = SURFACE_STYLE_FILL_AREA ( #1246 ) ;
#1915 =( LENGTH_UNIT ( ) NAMED_UNIT ( * ) SI_UNIT ( .MILLI., .METRE. ) );
#1916 = PLANE ( 'NONE',  #2971 ) ;
#1917 = DIRECTION ( 'NONE',  ( 0.000000000000000000, -1.000000000000000000, 0.000000000000000000 ) ) ;
#1918 = CARTESIAN_POINT ( 'NONE',  ( -0.9999999999999997780, 0.000000000000000000, 0.7999999999999999334 ) ) ;
#1919 = ORIENTED_EDGE ( 'NONE', *, *, #1457, .F. ) ;
#1920 = VERTEX_POINT ( 'NONE', #3767 ) ;
#1921 = AXIS2_PLACEMENT_3D ( 'NONE', #148, #3603, #1218 ) ;
#1922 = FILL_AREA_STYLE_COLOUR ( '', #79 ) ;
#1923 = PRESENTATION_STYLE_ASSIGNMENT (( #213 ) ) ;
#1924 = ORIENTED_EDGE ( 'NONE', *, *, #3546, .F. ) ;
#1925 = ORIENTED_EDGE ( 'NONE', *, *, #4429, .F. ) ;
#1926 = CIRCLE ( 'NONE', #128, 0.1500000000000001887 ) ;
#1927 = UNCERTAINTY_MEASURE_WITH_UNIT (LENGTH_MEASURE( 1.000000000000000082E-05 ), #261, 'distance_accuracy_value', 'NONE');
#1928 = EDGE_LOOP ( 'NONE', ( #139, #2934, #1435, #2332 ) ) ;
#1929 = ORIENTED_EDGE ( 'NONE', *, *, #3957, .F. ) ;
#1930 = COLOUR_RGB ( '',0.7529411764705882248, 0.7529411764705882248, 0.7529411764705882248 ) ;
#1931 = EDGE_CURVE ( 'NONE', #1639, #3314, #1799, .T. ) ;
#1932 = SURFACE_STYLE_USAGE ( .BOTH. , #2898 ) ;
#1933 =( NAMED_UNIT ( * ) SI_UNIT ( $, .STERADIAN. ) SOLID_ANGLE_UNIT ( ) );
#1934 = LINE ( 'NONE', #4370, #3118 ) ;
#1935 = CARTESIAN_POINT ( 'NONE',  ( 0.3500000000000002554, 0.2000000000000000111, 0.7700000000000000178 ) ) ;
#1936 = EDGE_CURVE ( 'NONE', #1579, #2744, #2687, .T. ) ;
#1937 =( GEOMETRIC_REPRESENTATION_CONTEXT ( 3 ) GLOBAL_UNCERTAINTY_ASSIGNED_CONTEXT ( ( #2779 ) ) GLOBAL_UNIT_ASSIGNED_CONTEXT ( ( #887, #466, #192 ) ) REPRESENTATION_CONTEXT ( 'NONE', 'WORKASPACE' ) );
#1938 = STYLED_ITEM ( 'NONE', ( #2184 ), #1513 ) ;
#1939 = AXIS2_PLACEMENT_3D ( 'NONE', #1384, #1744, #3782 ) ;
#1940 = SURFACE_SIDE_STYLE ('',( #576 ) ) ;
#1941 = ORIENTED_EDGE ( 'NONE', *, *, #4429, .T. ) ;
#1942 = STYLED_ITEM ( 'NONE', ( #4225 ), #1769 ) ;
#1943 = ORIENTED_EDGE ( 'NONE', *, *, #3378, .T. ) ;
#1944 = FILL_AREA_STYLE ('',( #2268 ) ) ;
#1945 = DIRECTION ( 'NONE',  ( 0.000000000000000000, -1.000000000000000000, -0.000000000000000000 ) ) ;
#1946 = DIRECTION ( 'NONE',  ( 0.000000000000000000, -1.000000000000000000, 0.000000000000000000 ) ) ;
#1947 = ORIENTED_EDGE ( 'NONE', *, *, #366, .F. ) ;
#1948 = VECTOR ( 'NONE', #3923, 1000.000000000000000 ) ;
#1949 = ORIENTED_EDGE ( 'NONE', *, *, #1806, .F. ) ;
#1950 = EDGE_CURVE ( 'NONE', #719, #2785, #1653, .T. ) ;
#1951 = CARTESIAN_POINT ( 'NONE',  ( 0.8500000000000001998, 0.3499999999999999778, -0.6500000000000000222 ) ) ;
#1952 = ORIENTED_EDGE ( 'NONE', *, *, #2628, .T. ) ;
#1953 = DIRECTION ( 'NONE',  ( 0.000000000000000000, 0.000000000000000000, -1.000000000000000000 ) ) ;
#1954 =( NAMED_UNIT ( * ) SI_UNIT ( $, .STERADIAN. ) SOLID_ANGLE_UNIT ( ) );
#1955 = SURFACE_SIDE_STYLE ('',( #920 ) ) ;
#1956 = MECHANICAL_DESIGN_GEOMETRIC_PRESENTATION_REPRESENTATION (  '', ( #1174 ), #2093 ) ;
#1957 = LINE ( 'NONE', #945, #4264 ) ;
#1958 = EDGE_CURVE ( 'NONE', #4417, #653, #873, .T. ) ;
#1959 = CARTESIAN_POINT ( 'NONE',  ( -0.9005012562893380812, 0.000000000000000000, -0.7900000000000001465 ) ) ;
#1960 = ORIENTED_EDGE ( 'NONE', *, *, #4420, .F. ) ;
#1961 = CIRCLE ( 'NONE', #2171, 0.1000000000000001582 ) ;
#1962 = ORIENTED_EDGE ( 'NONE', *, *, #1784, .T. ) ;
#1963 =( GEOMETRIC_REPRESENTATION_CONTEXT ( 3 ) GLOBAL_UNCERTAINTY_ASSIGNED_CONTEXT ( ( #1299 ) ) GLOBAL_UNIT_ASSIGNED_CONTEXT ( ( #2880, #162, #1574 ) ) REPRESENTATION_CONTEXT ( 'NONE', 'WORKASPACE' ) );
#1964 = UNCERTAINTY_MEASURE_WITH_UNIT (LENGTH_MEASURE( 1.000000000000000082E-05 ), #1498, 'distance_accuracy_value', 'NONE');
#1965 = UNCERTAINTY_MEASURE_WITH_UNIT (LENGTH_MEASURE( 1.000000000000000082E-05 ), #3247, 'distance_accuracy_value', 'NONE');
#1966 = SURFACE_SIDE_STYLE ('',( #3692 ) ) ;
#1967 = CARTESIAN_POINT ( 'NONE',  ( 0.9900000000000002132, 0.000000000000000000, 0.6503337045290422669 ) ) ;
#1968 = ORIENTED_EDGE ( 'NONE', *, *, #1702, .F. ) ;
#1969 = AXIS2_PLACEMENT_3D ( 'NONE', #877, #2154, #1500 ) ;
#1970 = ORIENTED_EDGE ( 'NONE', *, *, #4201, .T. ) ;
#1971 = FILL_AREA_STYLE_COLOUR ( '', #3135 ) ;
#1972 = AXIS2_PLACEMENT_3D ( 'NONE', #1331, #2360, #640 ) ;
#1973 = VECTOR ( 'NONE', #3390, 1000.000000000000000 ) ;
#1974 = SURFACE_STYLE_FILL_AREA ( #567 ) ;
#1975 = CARTESIAN_POINT ( 'NONE',  ( 0.000000000000000000, 0.2000000000000000111, -0.7700000000000000178 ) ) ;
#1976 = MECHANICAL_DESIGN_GEOMETRIC_PRESENTATION_REPRESENTATION (  '', ( #3279 ), #554 ) ;
#1977 = DIRECTION ( 'NONE',  ( 0.000000000000000000, -1.000000000000000000, -0.000000000000000000 ) ) ;
#1978 = PRESENTATION_STYLE_ASSIGNMENT (( #3328 ) ) ;
#1979 = ADVANCED_FACE ( 'NONE', ( #1336 ), #2386, .F. ) ;
#1980 = DIRECTION ( 'NONE',  ( 1.000000000000000000, 0.000000000000000000, -0.000000000000000000 ) ) ;
#1981 = ADVANCED_FACE ( 'NONE', ( #4426 ), #2041, .F. ) ;
#1982 =( LENGTH_UNIT ( ) NAMED_UNIT ( * ) SI_UNIT ( .MILLI., .METRE. ) );
#1983 =( NAMED_UNIT ( * ) PLANE_ANGLE_UNIT ( ) SI_UNIT ( $, .RADIAN. ) );
#1984 = VERTEX_POINT ( 'NONE', #1347 ) ;
#1985 = LINE ( 'NONE', #580, #2877 ) ;
#1986 = ADVANCED_FACE ( 'NONE', ( #3427 ), #1620, .T. ) ;
#1987 =( LENGTH_UNIT ( ) NAMED_UNIT ( * ) SI_UNIT ( .MILLI., .METRE. ) );
#1988 = EDGE_CURVE ( 'NONE', #3047, #1357, #14, .T. ) ;
#1989 = ORIENTED_EDGE ( 'NONE', *, *, #1524, .F. ) ;
#1990 = ORIENTED_EDGE ( 'NONE', *, *, #924, .T. ) ;
#1991 = DIRECTION ( 'NONE',  ( 0.000000000000000000, -1.000000000000000000, 0.000000000000000000 ) ) ;
#1992 = ADVANCED_FACE ( 'NONE', ( #3139 ), #1411, .F. ) ;
#1993 = CARTESIAN_POINT ( 'NONE',  ( 0.9005012562893380812, 0.2000000000000000111, -0.7900000000000001465 ) ) ;
#1994 = DIRECTION ( 'NONE',  ( 0.000000000000000000, 0.000000000000000000, -1.000000000000000000 ) ) ;
#1995 = DIRECTION ( 'NONE',  ( 0.000000000000000000, 0.000000000000000000, -1.000000000000000000 ) ) ;
#1996 = COLOUR_RGB ( '',1.000000000000000000, 0.7843137254901960675, 0.000000000000000000 ) ;
#1997 = PRESENTATION_STYLE_ASSIGNMENT (( #528 ) ) ;
#1998 = EDGE_CURVE ( 'NONE', #1688, #3625, #2477, .T. ) ;
#1999 = CARTESIAN_POINT ( 'NONE',  ( 0.000000000000000000, 0.2000000000000000111, -0.7900000000000001465 ) ) ;
#2000 = VERTEX_POINT ( 'NONE', #4174 ) ;
#2001 = SURFACE_SIDE_STYLE ('',( #3708 ) ) ;
#2002 = VECTOR ( 'NONE', #1845, 1000.000000000000000 ) ;
#2003 = COLOUR_RGB ( '',0.7529411764705882248, 0.7529411764705882248, 0.7529411764705882248 ) ;
#2004 = CYLINDRICAL_SURFACE ( 'NONE', #399, 0.1500000000000001887 ) ;
#2005 = CARTESIAN_POINT ( 'NONE',  ( -0.9700000000000003064, 0.2000000000000000111, -0.6530306154330092205 ) ) ;
#2006 = LINE ( 'NONE', #303, #2682 ) ;
#2007 = EDGE_LOOP ( 'NONE', ( #1279, #493, #3863, #4165 ) ) ;
#2008 = ORIENTED_EDGE ( 'NONE', *, *, #3535, .T. ) ;
#2009 = EDGE_CURVE ( 'NONE', #3492, #4119, #3515, .T. ) ;
#2010 = PRESENTATION_STYLE_ASSIGNMENT (( #221 ) ) ;
#2011 = AXIS2_PLACEMENT_3D ( 'NONE', #2377, #3761, #1103 ) ;
#2012 = EDGE_LOOP ( 'NONE', ( #1803, #1949, #1771, #2930 ) ) ;
#2013 = DIRECTION ( 'NONE',  ( 1.000000000000000000, 0.000000000000000000, 0.000000000000000000 ) ) ;
#2014 = DIRECTION ( 'NONE',  ( -1.000000000000000000, 0.000000000000000000, 0.000000000000000000 ) ) ;
#2015 = PLANE ( 'NONE',  #1267 ) ;
#2016 = STYLED_ITEM ( 'NONE', ( #4371 ), #1986 ) ;
#2017 = LINE ( 'NONE', #293, #3589 ) ;
#2018 = PRESENTATION_STYLE_ASSIGNMENT (( #1294 ) ) ;
#2019 = VECTOR ( 'NONE', #3664, 1000.000000000000000 ) ;
#2020 = CARTESIAN_POINT ( 'NONE',  ( 0.8000000000000000444, 0.2500000000000000000, -0.6000000000000000888 ) ) ;
#2021 = ADVANCED_FACE ( 'NONE', ( #2760 ), #35, .T. ) ;
#2022 = VERTEX_POINT ( 'NONE', #547 ) ;
#2023 = PRESENTATION_STYLE_ASSIGNMENT (( #4410 ) ) ;
#2024 = FILL_AREA_STYLE_COLOUR ( '', #403 ) ;
#2025 = EDGE_CURVE ( 'NONE', #3714, #3627, #1512, .T. ) ;
#2026 = STYLED_ITEM ( 'NONE', ( #3849 ), #2888 ) ;
#2027 = FACE_OUTER_BOUND ( 'NONE', #1255, .T. ) ;
#2028 = PRESENTATION_STYLE_ASSIGNMENT (( #1710 ) ) ;
#2029 = VERTEX_POINT ( 'NONE', #4279 ) ;
#2030 = AXIS2_PLACEMENT_3D ( 'NONE', #1084, #3470, #1063 ) ;
#2031 = PRESENTATION_LAYER_ASSIGNMENT (  '', '', ( #2746 ) ) ;
#2032 = AXIS2_PLACEMENT_3D ( 'NONE', #378, #3092, #1742 ) ;
#2033 = ORIENTED_EDGE ( 'NONE', *, *, #3697, .F. ) ;
#2034 = CARTESIAN_POINT ( 'NONE',  ( 0.9900000000000002132, 0.2000000000000000111, 0.6503337045290422669 ) ) ;
#2035 = VECTOR ( 'NONE', #4083, 1000.000000000000000 ) ;
#2036 = CARTESIAN_POINT ( 'NONE',  ( 0.000000000000000000, 0.2000000000000000111, 0.2500000000000001110 ) ) ;
#2037 = LINE ( 'NONE', #4365, #1293 ) ;
#2038 = VECTOR ( 'NONE', #1180, 1000.000000000000000 ) ;
#2039 = CARTESIAN_POINT ( 'NONE',  ( -0.9999999999999997780, 0.000000000000000000, -0.8000000000000001554 ) ) ;
#2040 = AXIS2_PLACEMENT_3D ( 'NONE', #2684, #996, #3361 ) ;
#2041 = PLANE ( 'NONE',  #4168 ) ;
#2042 = LINE ( 'NONE', #2432, #2452 ) ;
#2043 = CARTESIAN_POINT ( 'NONE',  ( -0.7500000000000001110, 0.4500000000000000111, -0.6499999999999996891 ) ) ;
#2044 = ORIENTED_EDGE ( 'NONE', *, *, #998, .T. ) ;
#2045 = SURFACE_STYLE_FILL_AREA ( #3499 ) ;
#2046 = LINE ( 'NONE', #1686, #814 ) ;
#2047 = ORIENTED_EDGE ( 'NONE', *, *, #2879, .F. ) ;
#2048 = VERTEX_POINT ( 'NONE', #1474 ) ;
#2049 = ADVANCED_BREP_SHAPE_REPRESENTATION ( 'NX2016SA-24M-EXS00A-CS08891', ( #964, #982, #922, #3914, #2419, #936, #954, #978 ), #3691 ) ;
#2050 = EDGE_CURVE ( 'NONE', #1879, #3649, #2850, .T. ) ;
#2051 = DIRECTION ( 'NONE',  ( -0.000000000000000000, 1.000000000000000000, 0.000000000000000000 ) ) ;
#2052 = DIRECTION ( 'NONE',  ( -0.000000000000000000, -1.000000000000000000, -0.000000000000000000 ) ) ;
#2053 =( NAMED_UNIT ( * ) PLANE_ANGLE_UNIT ( ) SI_UNIT ( $, .RADIAN. ) );
#2054 = EDGE_CURVE ( 'NONE', #1737, #3998, #3542, .T. ) ;
#2055 = EDGE_LOOP ( 'NONE', ( #1490, #875, #2124, #1317, #3002, #1910, #3958, #3473 ) ) ;
#2056 = DIRECTION ( 'NONE',  ( 0.000000000000000000, 0.000000000000000000, 1.000000000000000000 ) ) ;
#2057 = DIRECTION ( 'NONE',  ( 1.042502088928369781E-16, 0.000000000000000000, -1.000000000000000000 ) ) ;
#2058 = COLOUR_RGB ( '',0.7529411764705882248, 0.7529411764705882248, 0.7529411764705882248 ) ;
#2059 = ADVANCED_FACE ( 'NONE', ( #3944 ), #2238, .F. ) ;
#2060 = CARTESIAN_POINT ( 'NONE',  ( 0.000000000000000000, 0.000000000000000000, 0.7700000000000000178 ) ) ;
#2061 = DIRECTION ( 'NONE',  ( -1.000000000000000000, 0.000000000000000000, 1.042502088928369904E-16 ) ) ;
#2062 =( GEOMETRIC_REPRESENTATION_CONTEXT ( 3 ) GLOBAL_UNCERTAINTY_ASSIGNED_CONTEXT ( ( #1641 ) ) GLOBAL_UNIT_ASSIGNED_CONTEXT ( ( #3610, #3290, #1954 ) ) REPRESENTATION_CONTEXT ( 'NONE', 'WORKASPACE' ) );
#2063 = ORIENTED_EDGE ( 'NONE', *, *, #3464, .F. ) ;
#2064 = DIRECTION ( 'NONE',  ( -1.000000000000000000, 0.000000000000000000, 0.000000000000000000 ) ) ;
#2065 = CARTESIAN_POINT ( 'NONE',  ( -0.9999999999999997780, 0.2500000000000000000, -0.6999999999999999556 ) ) ;
#2066 = PRESENTATION_STYLE_ASSIGNMENT (( #2394 ) ) ;
#2067 = LINE ( 'NONE', #3414, #3035 ) ;
#2068 = EDGE_LOOP ( 'NONE', ( #4433, #1135, #697, #4280, #266, #955, #1876, #2674, #1153 ) ) ;
#2069 = UNCERTAINTY_MEASURE_WITH_UNIT (LENGTH_MEASURE( 1.000000000000000082E-05 ), #1013, 'distance_accuracy_value', 'NONE');
#2070 = ORIENTED_EDGE ( 'NONE', *, *, #4105, .F. ) ;
#2071 = COLOUR_RGB ( '',0.7529411764705882248, 0.7529411764705882248, 0.7529411764705882248 ) ;
#2072 = VECTOR ( 'NONE', #1164, 1000.000000000000000 ) ;
#2073 = VECTOR ( 'NONE', #2786, 1000.000000000000000 ) ;
#2074 =( NAMED_UNIT ( * ) PLANE_ANGLE_UNIT ( ) SI_UNIT ( $, .RADIAN. ) );
#2075 =( GEOMETRIC_REPRESENTATION_CONTEXT ( 3 ) GLOBAL_UNCERTAINTY_ASSIGNED_CONTEXT ( ( #986 ) ) GLOBAL_UNIT_ASSIGNED_CONTEXT ( ( #3675, #3346, #3009 ) ) REPRESENTATION_CONTEXT ( 'NONE', 'WORKASPACE' ) );
#2076 = CARTESIAN_POINT ( 'NONE',  ( -0.8503337045290424445, 0.000000000000000000, -0.7900000000000002576 ) ) ;
#2077 = FILL_AREA_STYLE ('',( #809 ) ) ;
#2078 = EDGE_CURVE ( 'NONE', #867, #2791, #3213, .T. ) ;
#2079 = CARTESIAN_POINT ( 'NONE',  ( -0.9700000000000003064, 0.2000000000000000111, -0.6530306154330092205 ) ) ;
#2080 = VECTOR ( 'NONE', #1318, 1000.000000000000000 ) ;
#2081 = CARTESIAN_POINT ( 'NONE',  ( 1.000000000000000222, 0.2000000000000000111, 0.8000000000000001554 ) ) ;
#2082 = FACE_OUTER_BOUND ( 'NONE', #1109, .T. ) ;
#2083 = VECTOR ( 'NONE', #3607, 1000.000000000000000 ) ;
#2084 = PRODUCT_DEFINITION_CONTEXT ( 'detailed design', #1484, 'design' ) ;
#2085 =( LENGTH_UNIT ( ) NAMED_UNIT ( * ) SI_UNIT ( .MILLI., .METRE. ) );
#2086 = EDGE_CURVE ( 'NONE', #3578, #1579, #500, .T. ) ;
#2087 =( LENGTH_UNIT ( ) NAMED_UNIT ( * ) SI_UNIT ( .MILLI., .METRE. ) );
#2088 = SURFACE_STYLE_FILL_AREA ( #1480 ) ;
#2089 = ORIENTED_EDGE ( 'NONE', *, *, #47, .F. ) ;
#2090 =( NAMED_UNIT ( * ) PLANE_ANGLE_UNIT ( ) SI_UNIT ( $, .RADIAN. ) );
#2091 = EDGE_CURVE ( 'NONE', #3998, #4092, #4088, .T. ) ;
#2092 = DIRECTION ( 'NONE',  ( -2.690123605921739456E-16, 0.000000000000000000, -1.000000000000000000 ) ) ;
#2093 =( GEOMETRIC_REPRESENTATION_CONTEXT ( 3 ) GLOBAL_UNCERTAINTY_ASSIGNED_CONTEXT ( ( #2 ) ) GLOBAL_UNIT_ASSIGNED_CONTEXT ( ( #2189, #2867, #2141 ) ) REPRESENTATION_CONTEXT ( 'NONE', 'WORKASPACE' ) );
#2094 = DIRECTION ( 'NONE',  ( 0.000000000000000000, 0.000000000000000000, -1.000000000000000000 ) ) ;
#2095 = DIRECTION ( 'NONE',  ( -1.000000000000000000, 0.000000000000000000, 0.000000000000000000 ) ) ;
#2096 = SURFACE_STYLE_FILL_AREA ( #735 ) ;
#2097 = EDGE_LOOP ( 'NONE', ( #1261, #3208, #4362, #2467 ) ) ;
#2098 = VECTOR ( 'NONE', #3063, 1000.000000000000000 ) ;
#2099 = VERTEX_POINT ( 'NONE', #1909 ) ;
#2100 = CARTESIAN_POINT ( 'NONE',  ( 0.3500000000000003109, 0.2000000000000000111, -3.648757311249297561E-17 ) ) ;
#2101 = PRESENTATION_LAYER_ASSIGNMENT (  '', '', ( #1033 ) ) ;
#2102 = VECTOR ( 'NONE', #2713, 1000.000000000000000 ) ;
#2103 =( NAMED_UNIT ( * ) PLANE_ANGLE_UNIT ( ) SI_UNIT ( $, .RADIAN. ) );
#2104 = EDGE_CURVE ( 'NONE', #81, #2609, #2169, .T. ) ;
#2105 = LINE ( 'NONE', #3514, #1890 ) ;
#2106 = STYLED_ITEM ( 'NONE', ( #2191 ), #3366 ) ;
#2107 = CARTESIAN_POINT ( 'NONE',  ( 0.000000000000000000, 0.4500000000000000111, 0.000000000000000000 ) ) ;
#2108 = FILL_AREA_STYLE_COLOUR ( '', #441 ) ;
#2109 = COLOUR_RGB ( '',0.7529411764705882248, 0.7529411764705882248, 0.7529411764705882248 ) ;
#2110 = CYLINDRICAL_SURFACE ( 'NONE', #721, 0.1000000000000000472 ) ;
#2111 = ORIENTED_EDGE ( 'NONE', *, *, #452, .T. ) ;
#2112 = FILL_AREA_STYLE ('',( #3429 ) ) ;
#2113 = ADVANCED_FACE ( 'NONE', ( #2920 ), #1859, .F. ) ;
#2114 = AXIS2_PLACEMENT_3D ( 'NONE', #3084, #2767, #3438 ) ;
#2115 = CYLINDRICAL_SURFACE ( 'NONE', #749, 0.1500000000000001887 ) ;
#2116 = DIRECTION ( 'NONE',  ( 0.000000000000000000, -1.000000000000000000, 0.000000000000000000 ) ) ;
#2117 = MECHANICAL_DESIGN_GEOMETRIC_PRESENTATION_REPRESENTATION (  '', ( #977 ), #1198 ) ;
#2118 = AXIS2_PLACEMENT_3D ( 'NONE', #4449, #20, #2092 ) ;
#2119 = ORIENTED_EDGE ( 'NONE', *, *, #563, .T. ) ;
#2120 = FILL_AREA_STYLE_COLOUR ( '', #1193 ) ;
#2121 = CARTESIAN_POINT ( 'NONE',  ( -0.9900000000000002132, 0.000000000000000000, 0.7005012562893380146 ) ) ;
#2122 = CARTESIAN_POINT ( 'NONE',  ( -0.3500000000000003109, 0.000000000000000000, -0.2500000000000001110 ) ) ;
#2123 = VERTEX_POINT ( 'NONE', #198 ) ;
#2124 = ORIENTED_EDGE ( 'NONE', *, *, #1451, .F. ) ;
#2125 =( NAMED_UNIT ( * ) PLANE_ANGLE_UNIT ( ) SI_UNIT ( $, .RADIAN. ) );
#2126 = CARTESIAN_POINT ( 'NONE',  ( 0.000000000000000000, 0.000000000000000000, 0.7700000000000000178 ) ) ;
#2127 = DIRECTION ( 'NONE',  ( 0.000000000000000000, -1.000000000000000000, 0.000000000000000000 ) ) ;
#2128 = DIRECTION ( 'NONE',  ( 0.000000000000000000, -1.000000000000000000, 0.000000000000000000 ) ) ;
#2129 = ORIENTED_EDGE ( 'NONE', *, *, #727, .T. ) ;
#2130 = ORIENTED_EDGE ( 'NONE', *, *, #2730, .F. ) ;
#2131 = STYLED_ITEM ( 'NONE', ( #3669 ), #878 ) ;
#2132 = DIRECTION ( 'NONE',  ( 0.000000000000000000, -1.000000000000000000, 0.000000000000000000 ) ) ;
#2133 = EDGE_CURVE ( 'NONE', #2363, #1145, #1519, .T. ) ;
#2134 =( NAMED_UNIT ( * ) PLANE_ANGLE_UNIT ( ) SI_UNIT ( $, .RADIAN. ) );
#2135 = DIRECTION ( 'NONE',  ( -0.000000000000000000, 1.000000000000000000, -0.000000000000000000 ) ) ;
#2136 = LINE ( 'NONE', #3149, #1179 ) ;
#2137 = CYLINDRICAL_SURFACE ( 'NONE', #1158, 0.1500000000000001887 ) ;
#2138 = ORIENTED_EDGE ( 'NONE', *, *, #615, .T. ) ;
#2139 = VERTEX_POINT ( 'NONE', #1564 ) ;
#2140 = DIRECTION ( 'NONE',  ( 0.000000000000000000, -1.000000000000000000, 0.000000000000000000 ) ) ;
#2141 =( NAMED_UNIT ( * ) SI_UNIT ( $, .STERADIAN. ) SOLID_ANGLE_UNIT ( ) );
#2142 = ORIENTED_EDGE ( 'NONE', *, *, #3866, .T. ) ;
#2143 = CARTESIAN_POINT ( 'NONE',  ( -0.9900000000000002132, 0.2000000000000000111, 0.000000000000000000 ) ) ;
#2144 = STYLED_ITEM ( 'NONE', ( #1213 ), #964 ) ;
#2145 = SURFACE_STYLE_USAGE ( .BOTH. , #3810 ) ;
#2146 = CIRCLE ( 'NONE', #4160, 0.1500000000000001887 ) ;
#2147 = EDGE_CURVE ( 'NONE', #2609, #1357, #2547, .T. ) ;
#2148 = CARTESIAN_POINT ( 'NONE',  ( 0.000000000000000000, 0.000000000000000000, 0.000000000000000000 ) ) ;
#2149 = VECTOR ( 'NONE', #2116, 1000.000000000000000 ) ;
#2150 = ORIENTED_EDGE ( 'NONE', *, *, #1958, .F. ) ;
#2151 = CARTESIAN_POINT ( 'NONE',  ( -0.7499999999999998890, 0.4500000000000000111, 0.5500000000000002665 ) ) ;
#2152 = FILL_AREA_STYLE_COLOUR ( '', #52 ) ;
#2153 = VERTEX_POINT ( 'NONE', #2496 ) ;
#2154 = DIRECTION ( 'NONE',  ( 0.000000000000000000, 1.000000000000000000, -0.000000000000000000 ) ) ;
#2155 = CARTESIAN_POINT ( 'NONE',  ( 0.9900000000000002132, 0.2000000000000000111, 0.7005012562893380146 ) ) ;
#2156 = VECTOR ( 'NONE', #3030, 1000.000000000000000 ) ;
#2157 = ORIENTED_EDGE ( 'NONE', *, *, #1034, .F. ) ;
#2158 = CARTESIAN_POINT ( 'NONE',  ( 0.8503337045290424445, 0.000000000000000000, 0.7900000000000001465 ) ) ;
#2159 = PRESENTATION_LAYER_ASSIGNMENT (  '', '', ( #3375 ) ) ;
#2160 = DIRECTION ( 'NONE',  ( -0.000000000000000000, -1.000000000000000000, 0.000000000000000000 ) ) ;
#2161 = ADVANCED_FACE ( 'NONE', ( #4300 ), #1839, .F. ) ;
#2162 = ORIENTED_EDGE ( 'NONE', *, *, #4191, .F. ) ;
#2163 = ORIENTED_EDGE ( 'NONE', *, *, #724, .F. ) ;
#2164 =( GEOMETRIC_REPRESENTATION_CONTEXT ( 3 ) GLOBAL_UNCERTAINTY_ASSIGNED_CONTEXT ( ( #3111 ) ) GLOBAL_UNIT_ASSIGNED_CONTEXT ( ( #1625, #1902, #4023 ) ) REPRESENTATION_CONTEXT ( 'NONE', 'WORKASPACE' ) );
#2165 = DIRECTION ( 'NONE',  ( 1.000000000000000000, 0.000000000000000000, 1.042502088928369904E-16 ) ) ;
#2166 = EDGE_LOOP ( 'NONE', ( #4189, #2411, #1515, #235 ) ) ;
#2167 = CARTESIAN_POINT ( 'NONE',  ( 0.000000000000000000, 0.000000000000000000, 0.2500000000000001110 ) ) ;
#2168 = AXIS2_PLACEMENT_3D ( 'NONE', #2434, #4179, #3818 ) ;
#2169 = LINE ( 'NONE', #2937, #3729 ) ;
#2170 = VERTEX_POINT ( 'NONE', #2212 ) ;
#2171 = AXIS2_PLACEMENT_3D ( 'NONE', #4148, #769, #3540 ) ;
#2172 = PRESENTATION_LAYER_ASSIGNMENT (  '', '', ( #539 ) ) ;
#2173 = VECTOR ( 'NONE', #3726, 1000.000000000000000 ) ;
#2174 = FILL_AREA_STYLE_COLOUR ( '', #94 ) ;
#2175 =( LENGTH_UNIT ( ) NAMED_UNIT ( * ) SI_UNIT ( .MILLI., .METRE. ) );
#2176 = AXIS2_PLACEMENT_3D ( 'NONE', #1413, #2407, #338 ) ;
#2177 = CARTESIAN_POINT ( 'NONE',  ( 0.9000000000000002442, 0.3499999999999999778, 0.6000000000000001998 ) ) ;
#2178 = VERTEX_POINT ( 'NONE', #2873 ) ;
#2179 = AXIS2_PLACEMENT_3D ( 'NONE', #301, #2349, #3926 ) ;
#2180 = SHAPE_DEFINITION_REPRESENTATION ( #844, #2049 ) ;
#2181 = UNCERTAINTY_MEASURE_WITH_UNIT (LENGTH_MEASURE( 1.000000000000000082E-05 ), #138, 'distance_accuracy_value', 'NONE');
#2182 = FILL_AREA_STYLE_COLOUR ( '', #3612 ) ;
#2183 = CARTESIAN_POINT ( 'NONE',  ( -0.8503337045290424445, 0.2000000000000000111, -0.7900000000000002576 ) ) ;
#2184 = PRESENTATION_STYLE_ASSIGNMENT (( #3850 ) ) ;
#2185 = ORIENTED_EDGE ( 'NONE', *, *, #1105, .F. ) ;
#2186 = STYLED_ITEM ( 'NONE', ( #433 ), #1137 ) ;
#2187 = ORIENTED_EDGE ( 'NONE', *, *, #3187, .F. ) ;
#2188 = SURFACE_STYLE_USAGE ( .BOTH. , #1168 ) ;
#2189 =( LENGTH_UNIT ( ) NAMED_UNIT ( * ) SI_UNIT ( .MILLI., .METRE. ) );
#2190 = ORIENTED_EDGE ( 'NONE', *, *, #2395, .F. ) ;
#2191 = PRESENTATION_STYLE_ASSIGNMENT (( #1150 ) ) ;
#2192 = PRESENTATION_STYLE_ASSIGNMENT (( #2518 ) ) ;
#2193 = EDGE_CURVE ( 'NONE', #3649, #392, #4241, .T. ) ;
#2194 = CARTESIAN_POINT ( 'NONE',  ( -1.000000000000000222, 0.2000000000000000111, 0.8000000000000001554 ) ) ;
#2195 = VERTEX_POINT ( 'NONE', #1152 ) ;
#2196 = CARTESIAN_POINT ( 'NONE',  ( 1.000000000000000222, 0.2500000000000000000, 0.7999999999999999334 ) ) ;
#2197 = PLANE ( 'NONE',  #1901 ) ;
#2198 = LINE ( 'NONE', #752, #2822 ) ;
#2199 = CARTESIAN_POINT ( 'NONE',  ( -0.3500000000000002554, 0.000000000000000000, 0.7700000000000000178 ) ) ;
#2200 = ADVANCED_FACE ( 'NONE', ( #1175 ), #3906, .T. ) ;
#2201 = AXIS2_PLACEMENT_3D ( 'NONE', #4050, #3377, #963 ) ;
#2202 = SURFACE_SIDE_STYLE ('',( #488 ) ) ;
#2203 = LINE ( 'NONE', #2536, #606 ) ;
#2204 = PRESENTATION_STYLE_ASSIGNMENT (( #1874 ) ) ;
#2205 = ORIENTED_EDGE ( 'NONE', *, *, #1326, .F. ) ;
#2206 = ORIENTED_EDGE ( 'NONE', *, *, #4191, .T. ) ;
#2207 = LINE ( 'NONE', #1487, #4322 ) ;
#2208 = PRESENTATION_LAYER_ASSIGNMENT (  '', '', ( #278 ) ) ;
#2209 = DIRECTION ( 'NONE',  ( 1.000000000000000000, 0.000000000000000000, 0.000000000000000000 ) ) ;
#2210 = VERTEX_POINT ( 'NONE', #591 ) ;
#2211 =( NAMED_UNIT ( * ) SI_UNIT ( $, .STERADIAN. ) SOLID_ANGLE_UNIT ( ) );
#2212 = CARTESIAN_POINT ( 'NONE',  ( -0.8503337045290424445, 0.000000000000000000, 0.7900000000000001465 ) ) ;
#2213 = EDGE_CURVE ( 'NONE', #2029, #1984, #3989, .T. ) ;
#2214 = ORIENTED_EDGE ( 'NONE', *, *, #2519, .T. ) ;
#2215 = VERTEX_POINT ( 'NONE', #3630 ) ;
#2216 = PLANE ( 'NONE',  #2863 ) ;
#2217 = EDGE_CURVE ( 'NONE', #455, #2234, #4006, .T. ) ;
#2218 = CARTESIAN_POINT ( 'NONE',  ( 0.8503337045290424445, 0.000000000000000000, -0.7900000000000002576 ) ) ;
#2219 = CARTESIAN_POINT ( 'NONE',  ( -0.9000000000000001332, 0.3499999999999999778, 0.7000000000000001776 ) ) ;
#2220 = VECTOR ( 'NONE', #3325, 1000.000000000000000 ) ;
#2221 = CARTESIAN_POINT ( 'NONE',  ( 0.9005012562893380812, 0.000000000000000000, -0.7900000000000001465 ) ) ;
#2222 = CARTESIAN_POINT ( 'NONE',  ( 0.9000000000000002442, 0.2500000000000000000, 0.6000000000000001998 ) ) ;
#2223 = ORIENTED_EDGE ( 'NONE', *, *, #998, .F. ) ;
#2224 = DIRECTION ( 'NONE',  ( -0.000000000000000000, 1.000000000000000000, 0.000000000000000000 ) ) ;
#2225 = CIRCLE ( 'NONE', #3371, 0.1000000000000000472 ) ;
#2226 =( NAMED_UNIT ( * ) PLANE_ANGLE_UNIT ( ) SI_UNIT ( $, .RADIAN. ) );
#2227 = FILL_AREA_STYLE_COLOUR ( '', #2793 ) ;
#2228 = ORIENTED_EDGE ( 'NONE', *, *, #2380, .T. ) ;
#2229 = ORIENTED_EDGE ( 'NONE', *, *, #1064, .T. ) ;
#2230 = SURFACE_STYLE_FILL_AREA ( #1191 ) ;
#2231 = LINE ( 'NONE', #3577, #231 ) ;
#2232 = PLANE ( 'NONE',  #2905 ) ;
#2233 = EDGE_CURVE ( 'NONE', #3739, #492, #2225, .T. ) ;
#2234 = VERTEX_POINT ( 'NONE', #3359 ) ;
#2235 = ORIENTED_EDGE ( 'NONE', *, *, #2923, .T. ) ;
#2236 = SURFACE_STYLE_USAGE ( .BOTH. , #3922 ) ;
#2237 = CIRCLE ( 'NONE', #1592, 0.1500000000000001887 ) ;
#2238 = PLANE ( 'NONE',  #149 ) ;
#2239 = ORIENTED_EDGE ( 'NONE', *, *, #99, .F. ) ;
#2240 = FILL_AREA_STYLE ('',( #153 ) ) ;
#2241 = AXIS2_PLACEMENT_3D ( 'NONE', #3844, #1182, #411 ) ;
#2242 = CARTESIAN_POINT ( 'NONE',  ( 0.3500000000000002554, 0.000000000000000000, 0.7700000000000000178 ) ) ;
#2243 = CARTESIAN_POINT ( 'NONE',  ( 0.9700000000000000844, 0.000000000000000000, 2.609419897744087001E-16 ) ) ;
#2244 =( GEOMETRIC_REPRESENTATION_CONTEXT ( 3 ) GLOBAL_UNCERTAINTY_ASSIGNED_CONTEXT ( ( #2999 ) ) GLOBAL_UNIT_ASSIGNED_CONTEXT ( ( #820, #3912, #2925 ) ) REPRESENTATION_CONTEXT ( 'NONE', 'WORKASPACE' ) );
#2245 = AXIS2_PLACEMENT_3D ( 'NONE', #4053, #2700, #2301 ) ;
#2246 = DIRECTION ( 'NONE',  ( -0.000000000000000000, 1.000000000000000000, 0.000000000000000000 ) ) ;
#2247 = STYLED_ITEM ( 'NONE', ( #4286 ), #3636 ) ;
#2248 = CARTESIAN_POINT ( 'NONE',  ( 0.000000000000000000, 0.2000000000000000111, 0.7700000000000000178 ) ) ;
#2249 = DIRECTION ( 'NONE',  ( 1.042502088928369781E-16, 0.000000000000000000, 1.000000000000000000 ) ) ;
#2250 =( GEOMETRIC_REPRESENTATION_CONTEXT ( 3 ) GLOBAL_UNCERTAINTY_ASSIGNED_CONTEXT ( ( #2627 ) ) GLOBAL_UNIT_ASSIGNED_CONTEXT ( ( #3584, #482, #3194 ) ) REPRESENTATION_CONTEXT ( 'NONE', 'WORKASPACE' ) );
#2251 = ORIENTED_EDGE ( 'NONE', *, *, #330, .T. ) ;
#2252 = PLANE ( 'NONE',  #1499 ) ;
#2253 = AXIS2_PLACEMENT_3D ( 'NONE', #1626, #2585, #1258 ) ;
#2254 = COLOUR_RGB ( '',1.000000000000000000, 0.7843137254901960675, 0.000000000000000000 ) ;
#2255 = EDGE_LOOP ( 'NONE', ( #3102, #3554, #3852, #2809 ) ) ;
#2256 = ORIENTED_EDGE ( 'NONE', *, *, #205, .T. ) ;
#2257 = CARTESIAN_POINT ( 'NONE',  ( 0.000000000000000000, 0.2000000000000000111, 0.2500000000000001110 ) ) ;
#2258 = ORIENTED_EDGE ( 'NONE', *, *, #2387, .F. ) ;
#2259 = EDGE_LOOP ( 'NONE', ( #1071, #3417, #3319, #1207 ) ) ;
#2260 = CARTESIAN_POINT ( 'NONE',  ( 0.000000000000000000, 0.2000000000000000111, 0.7900000000000001465 ) ) ;
#2261 = DIRECTION ( 'NONE',  ( 0.000000000000000000, 0.000000000000000000, 1.000000000000000000 ) ) ;
#2262 = DIRECTION ( 'NONE',  ( 1.000000000000000000, 0.000000000000000000, -0.000000000000000000 ) ) ;
#2263 = CARTESIAN_POINT ( 'NONE',  ( 0.3500000000000003109, 0.2000000000000000111, -3.648757311249297561E-17 ) ) ;
#2264 =( LENGTH_UNIT ( ) NAMED_UNIT ( * ) SI_UNIT ( .MILLI., .METRE. ) );
#2265 = CARTESIAN_POINT ( 'NONE',  ( 0.9900000000000002132, 0.2000000000000000111, -0.6503337045290422669 ) ) ;
#2266 = ORIENTED_EDGE ( 'NONE', *, *, #3205, .F. ) ;
#2267 = ORIENTED_EDGE ( 'NONE', *, *, #3338, .T. ) ;
#2268 = FILL_AREA_STYLE_COLOUR ( '', #941 ) ;
#2269 = EDGE_CURVE ( 'NONE', #3919, #283, #2985, .T. ) ;
#2270 =( NAMED_UNIT ( * ) SI_UNIT ( $, .STERADIAN. ) SOLID_ANGLE_UNIT ( ) );
#2271 = CARTESIAN_POINT ( 'NONE',  ( -0.9700000000000000844, 0.000000000000000000, 2.609419897744087001E-16 ) ) ;
#2272 = ORIENTED_EDGE ( 'NONE', *, *, #1275, .F. ) ;
#2273 = ORIENTED_EDGE ( 'NONE', *, *, #3250, .F. ) ;
#2274 = DIRECTION ( 'NONE',  ( 0.000000000000000000, 0.000000000000000000, -1.000000000000000000 ) ) ;
#2275 = AXIS2_PLACEMENT_3D ( 'NONE', #3193, #1431, #3862 ) ;
#2276 = EDGE_CURVE ( 'NONE', #208, #3303, #2335, .T. ) ;
#2277 = SURFACE_STYLE_FILL_AREA ( #918 ) ;
#2278 = VERTEX_POINT ( 'NONE', #288 ) ;
#2279 = LINE ( 'NONE', #1975, #2287 ) ;
#2280 = MECHANICAL_DESIGN_GEOMETRIC_PRESENTATION_REPRESENTATION (  '', ( #2489 ), #1705 ) ;
#2281 = DIRECTION ( 'NONE',  ( 0.000000000000000000, 0.000000000000000000, -1.000000000000000000 ) ) ;
#2282 = CARTESIAN_POINT ( 'NONE',  ( 0.000000000000000000, 0.2000000000000000111, -0.7900000000000001465 ) ) ;
#2283 = SURFACE_SIDE_STYLE ('',( #292 ) ) ;
#2284 = CYLINDRICAL_SURFACE ( 'NONE', #2032, 0.1500000000000001887 ) ;
#2285 = CIRCLE ( 'NONE', #1572, 0.1000000000000001582 ) ;
#2286 = FACE_OUTER_BOUND ( 'NONE', #375, .T. ) ;
#2287 = VECTOR ( 'NONE', #3653, 1000.000000000000000 ) ;
#2288 = DIRECTION ( 'NONE',  ( 0.000000000000000000, 0.000000000000000000, 1.000000000000000000 ) ) ;
#2289 = ORIENTED_EDGE ( 'NONE', *, *, #4420, .T. ) ;
#2290 = VERTEX_POINT ( 'NONE', #4346 ) ;
#2291 = CARTESIAN_POINT ( 'NONE',  ( 0.9005012562893380812, 0.2000000000000000111, 0.7900000000000001465 ) ) ;
#2292 = VECTOR ( 'NONE', #3040, 1000.000000000000000 ) ;
#2293 = CYLINDRICAL_SURFACE ( 'NONE', #2758, 0.1000000000000000472 ) ;
#2294 = ORIENTED_EDGE ( 'NONE', *, *, #1536, .T. ) ;
#2295 = EDGE_CURVE ( 'NONE', #2632, #719, #3672, .T. ) ;
#2296 = AXIS2_PLACEMENT_3D ( 'NONE', #2151, #3242, #3263 ) ;
#2297 = EDGE_LOOP ( 'NONE', ( #4205, #518, #4339, #3897 ) ) ;
#2298 = EDGE_CURVE ( 'NONE', #2385, #579, #1649, .T. ) ;
#2299 = DIRECTION ( 'NONE',  ( -0.000000000000000000, -1.000000000000000000, 0.000000000000000000 ) ) ;
#2300 = FILL_AREA_STYLE ('',( #1329 ) ) ;
#2301 = DIRECTION ( 'NONE',  ( 0.000000000000000000, 0.000000000000000000, 1.000000000000000000 ) ) ;
#2302 = AXIS2_PLACEMENT_3D ( 'NONE', #4193, #2165, #3854 ) ;
#2303 = DIRECTION ( 'NONE',  ( 0.000000000000000000, -1.000000000000000000, 0.000000000000000000 ) ) ;
#2304 = ADVANCED_FACE ( 'NONE', ( #3970 ), #896, .F. ) ;
#2305 = AXIS2_PLACEMENT_3D ( 'NONE', #2396, #3461, #4139 ) ;
#2306 =( NAMED_UNIT ( * ) SI_UNIT ( $, .STERADIAN. ) SOLID_ANGLE_UNIT ( ) );
#2307 = DIRECTION ( 'NONE',  ( 0.000000000000000000, 0.000000000000000000, 1.000000000000000000 ) ) ;
#2308 = CIRCLE ( 'NONE', #382, 0.1000000000000000472 ) ;
#2309 = DIRECTION ( 'NONE',  ( 1.000000000000000000, 0.000000000000000000, -0.000000000000000000 ) ) ;
#2310 = ORIENTED_EDGE ( 'NONE', *, *, #4291, .F. ) ;
#2311 = CARTESIAN_POINT ( 'NONE',  ( -0.9900000000000002132, 0.000000000000000000, -0.6503337045290422669 ) ) ;
#2312 = VECTOR ( 'NONE', #3571, 1000.000000000000000 ) ;
#2313 = UNCERTAINTY_MEASURE_WITH_UNIT (LENGTH_MEASURE( 1.000000000000000082E-05 ), #2936, 'distance_accuracy_value', 'NONE');
#2314 = UNCERTAINTY_MEASURE_WITH_UNIT (LENGTH_MEASURE( 1.000000000000000082E-05 ), #1982, 'distance_accuracy_value', 'NONE');
#2315 = FACE_OUTER_BOUND ( 'NONE', #1055, .T. ) ;
#2316 = ORIENTED_EDGE ( 'NONE', *, *, #724, .T. ) ;
#2317 = ORIENTED_EDGE ( 'NONE', *, *, #3369, .F. ) ;
#2318 = SURFACE_STYLE_USAGE ( .BOTH. , #2355 ) ;
#2319 = STYLED_ITEM ( 'NONE', ( #4361 ), #1286 ) ;
#2320 = VECTOR ( 'NONE', #4064, 1000.000000000000000 ) ;
#2321 = VECTOR ( 'NONE', #3448, 1000.000000000000000 ) ;
#2322 = DIRECTION ( 'NONE',  ( 0.000000000000000000, 1.000000000000000000, 0.000000000000000000 ) ) ;
#2323 = EDGE_CURVE ( 'NONE', #3333, #1624, #4388, .T. ) ;
#2324 = SURFACE_STYLE_USAGE ( .BOTH. , #226 ) ;
#2325 = SURFACE_STYLE_FILL_AREA ( #3367 ) ;
#2326 = CARTESIAN_POINT ( 'NONE',  ( 0.000000000000000000, 0.2000000000000000111, -0.7700000000000000178 ) ) ;
#2327 = ORIENTED_EDGE ( 'NONE', *, *, #334, .T. ) ;
#2328 = LINE ( 'NONE', #3104, #2461 ) ;
#2329 = DIRECTION ( 'NONE',  ( 0.000000000000000000, 0.000000000000000000, 1.000000000000000000 ) ) ;
#2330 = EDGE_LOOP ( 'NONE', ( #1259, #4000, #1542, #3827 ) ) ;
#2331 = ADVANCED_FACE ( 'NONE', ( #2679 ), #993, .F. ) ;
#2332 = ORIENTED_EDGE ( 'NONE', *, *, #2881, .T. ) ;
#2333 = CARTESIAN_POINT ( 'NONE',  ( 1.000000000000000222, 0.2500000000000000000, -0.6999999999999999556 ) ) ;
#2334 = MECHANICAL_DESIGN_GEOMETRIC_PRESENTATION_REPRESENTATION (  '', ( #46 ), #4141 ) ;
#2335 = LINE ( 'NONE', #1951, #2427 ) ;
#2336 = EDGE_LOOP ( 'NONE', ( #217, #3166, #3126, #122 ) ) ;
#2337 = CARTESIAN_POINT ( 'NONE',  ( 0.000000000000000000, 0.2000000000000000111, 0.7900000000000001465 ) ) ;
#2338 = PRESENTATION_LAYER_ASSIGNMENT (  '', '', ( #2557 ) ) ;
#2339 = EDGE_CURVE ( 'NONE', #795, #1296, #4145, .T. ) ;
#2340 = DIRECTION ( 'NONE',  ( 0.000000000000000000, 0.000000000000000000, 1.000000000000000000 ) ) ;
#2341 =( LENGTH_UNIT ( ) NAMED_UNIT ( * ) SI_UNIT ( .MILLI., .METRE. ) );
#2342 = DIRECTION ( 'NONE',  ( 0.000000000000000000, 0.000000000000000000, -1.000000000000000000 ) ) ;
#2343 = DIRECTION ( 'NONE',  ( -0.000000000000000000, -1.000000000000000000, -0.000000000000000000 ) ) ;
#2344 = PRESENTATION_STYLE_ASSIGNMENT (( #341 ) ) ;
#2345 = VERTEX_POINT ( 'NONE', #766 ) ;
#2346 =( NAMED_UNIT ( * ) SI_UNIT ( $, .STERADIAN. ) SOLID_ANGLE_UNIT ( ) );
#2347 = CARTESIAN_POINT ( 'NONE',  ( 0.000000000000000000, 0.000000000000000000, 0.2500000000000001110 ) ) ;
#2348 = VECTOR ( 'NONE', #4262, 1000.000000000000000 ) ;
#2349 = DIRECTION ( 'NONE',  ( 0.000000000000000000, -1.000000000000000000, 0.000000000000000000 ) ) ;
#2350 = COLOUR_RGB ( '',1.000000000000000000, 0.7843137254901960675, 0.000000000000000000 ) ;
#2351 = CARTESIAN_POINT ( 'NONE',  ( -0.8499999999999999778, 0.4500000000000000111, 0.5500000000000002665 ) ) ;
#2352 = FACE_OUTER_BOUND ( 'NONE', #802, .T. ) ;
#2353 = ORIENTED_EDGE ( 'NONE', *, *, #106, .T. ) ;
#2354 = ORIENTED_EDGE ( 'NONE', *, *, #2298, .F. ) ;
#2355 = SURFACE_SIDE_STYLE ('',( #1690 ) ) ;
#2356 = EDGE_CURVE ( 'NONE', #3778, #1920, #3444, .T. ) ;
#2357 =( LENGTH_UNIT ( ) NAMED_UNIT ( * ) SI_UNIT ( .MILLI., .METRE. ) );
#2358 = SURFACE_STYLE_FILL_AREA ( #1015 ) ;
#2359 = CARTESIAN_POINT ( 'NONE',  ( 0.7500000000000001110, 0.3499999999999999778, 0.6500000000000001332 ) ) ;
#2360 = DIRECTION ( 'NONE',  ( 0.000000000000000000, 1.000000000000000000, -0.000000000000000000 ) ) ;
#2361 = COLOUR_RGB ( '',1.000000000000000000, 0.7843137254901960675, 0.000000000000000000 ) ;
#2362 = CARTESIAN_POINT ( 'NONE',  ( 0.000000000000000000, 0.2000000000000000111, 0.7900000000000001465 ) ) ;
#2363 = VERTEX_POINT ( 'NONE', #701 ) ;
#2364 = FILL_AREA_STYLE_COLOUR ( '', #3673 ) ;
#2365 = VERTEX_POINT ( 'NONE', #3468 ) ;
#2366 = DIRECTION ( 'NONE',  ( -0.000000000000000000, -1.000000000000000000, -0.000000000000000000 ) ) ;
#2367 = LINE ( 'NONE', #2347, #2759 ) ;
#2368 = CIRCLE ( 'NONE', #1035, 0.1000000000000001582 ) ;
#2369 = CYLINDRICAL_SURFACE ( 'NONE', #1753, 0.1000000000000001582 ) ;
#2370 = CARTESIAN_POINT ( 'NONE',  ( 0.000000000000000000, 0.000000000000000000, -0.2500000000000001110 ) ) ;
#2371 = ORIENTED_EDGE ( 'NONE', *, *, #1856, .T. ) ;
#2372 = UNCERTAINTY_MEASURE_WITH_UNIT (LENGTH_MEASURE( 1.000000000000000082E-05 ), #1723, 'distance_accuracy_value', 'NONE');
#2373 = AXIS2_PLACEMENT_3D ( 'NONE', #3576, #2865, #494 ) ;
#2374 = ORIENTED_EDGE ( 'NONE', *, *, #1728, .F. ) ;
#2375 = EDGE_CURVE ( 'NONE', #1287, #2365, #4437, .T. ) ;
#2376 = AXIS2_PLACEMENT_3D ( 'NONE', #2263, #2641, #664 ) ;
#2377 = CARTESIAN_POINT ( 'NONE',  ( 0.000000000000000000, 0.3499999999999999778, 0.000000000000000000 ) ) ;
#2378 = DIRECTION ( 'NONE',  ( 0.000000000000000000, 0.000000000000000000, -1.000000000000000000 ) ) ;
#2379 = CARTESIAN_POINT ( 'NONE',  ( -0.9000000000000001332, 0.2500000000000000000, 0.6000000000000001998 ) ) ;
#2380 = EDGE_CURVE ( 'NONE', #1237, #2365, #2657, .T. ) ;
#2381 =( GEOMETRIC_REPRESENTATION_CONTEXT ( 3 ) GLOBAL_UNCERTAINTY_ASSIGNED_CONTEXT ( ( #582 ) ) GLOBAL_UNIT_ASSIGNED_CONTEXT ( ( #1348, #625, #4057 ) ) REPRESENTATION_CONTEXT ( 'NONE', 'WORKASPACE' ) );
#2382 = CARTESIAN_POINT ( 'NONE',  ( 0.8000000000000000444, 0.2500000000000000000, -0.7000000000000000666 ) ) ;
#2383 = PRESENTATION_LAYER_ASSIGNMENT (  '', '', ( #974 ) ) ;
#2384 = COLOUR_RGB ( '',0.7529411764705882248, 0.7529411764705882248, 0.7529411764705882248 ) ;
#2385 = VERTEX_POINT ( 'NONE', #1080 ) ;
#2386 = PLANE ( 'NONE',  #1367 ) ;
#2387 = EDGE_CURVE ( 'NONE', #4277, #4416, #1740, .T. ) ;
#2388 = CARTESIAN_POINT ( 'NONE',  ( 0.8503337045290424445, 0.2000000000000000111, 0.7900000000000001465 ) ) ;
#2389 = DIRECTION ( 'NONE',  ( 0.000000000000000000, -1.000000000000000000, -0.000000000000000000 ) ) ;
#2390 = DIRECTION ( 'NONE',  ( -1.000000000000000000, 0.000000000000000000, -0.000000000000000000 ) ) ;
#2391 = ORIENTED_EDGE ( 'NONE', *, *, #1208, .F. ) ;
#2392 = CARTESIAN_POINT ( 'NONE',  ( -0.8000000000000000444, 0.2500000000000000000, -0.7000000000000000666 ) ) ;
#2393 = DIRECTION ( 'NONE',  ( -1.000000000000000000, 0.000000000000000000, -0.000000000000000000 ) ) ;
#2394 = SURFACE_STYLE_USAGE ( .BOTH. , #733 ) ;
#2395 = EDGE_CURVE ( 'NONE', #4421, #4344, #3115, .T. ) ;
#2396 = CARTESIAN_POINT ( 'NONE',  ( -1.000000000000000222, 0.2000000000000000111, -0.8000000000000001554 ) ) ;
#2397 = FILL_AREA_STYLE ('',( #1054 ) ) ;
#2398 = ORIENTED_EDGE ( 'NONE', *, *, #4265, .F. ) ;
#2399 = ORIENTED_EDGE ( 'NONE', *, *, #3685, .T. ) ;
#2400 = DIRECTION ( 'NONE',  ( -0.000000000000000000, -1.000000000000000000, 0.000000000000000000 ) ) ;
#2401 = FACE_OUTER_BOUND ( 'NONE', #2652, .T. ) ;
#2402 = LINE ( 'NONE', #3488, #4434 ) ;
#2403 = FACE_OUTER_BOUND ( 'NONE', #754, .T. ) ;
#2404 = AXIS2_PLACEMENT_3D ( 'NONE', #992, #635, #4345 ) ;
#2405 = LINE ( 'NONE', #1770, #2612 ) ;
#2406 = CARTESIAN_POINT ( 'NONE',  ( -0.9700000000000001954, 0.2000000000000000111, 0.2500000000000001110 ) ) ;
#2407 = DIRECTION ( 'NONE',  ( 0.000000000000000000, -1.000000000000000000, 0.000000000000000000 ) ) ;
#2408 = MECHANICAL_DESIGN_GEOMETRIC_PRESENTATION_REPRESENTATION (  '', ( #3141 ), #1852 ) ;
#2409 =( NAMED_UNIT ( * ) SI_UNIT ( $, .STERADIAN. ) SOLID_ANGLE_UNIT ( ) );
#2410 = DIRECTION ( 'NONE',  ( -0.000000000000000000, 1.000000000000000000, -0.000000000000000000 ) ) ;
#2411 = ORIENTED_EDGE ( 'NONE', *, *, #3033, .F. ) ;
#2412 = DIRECTION ( 'NONE',  ( 0.000000000000000000, 0.000000000000000000, 1.000000000000000000 ) ) ;
#2413 =( LENGTH_UNIT ( ) NAMED_UNIT ( * ) SI_UNIT ( .MILLI., .METRE. ) );
#2414 = CARTESIAN_POINT ( 'NONE',  ( -0.9900000000000002132, 0.000000000000000000, 0.000000000000000000 ) ) ;
#2415 = PLANE ( 'NONE',  #2114 ) ;
#2416 = SURFACE_SIDE_STYLE ('',( #1074 ) ) ;
#2417 = DIRECTION ( 'NONE',  ( 0.000000000000000000, 0.000000000000000000, 1.000000000000000000 ) ) ;
#2418 = VERTEX_POINT ( 'NONE', #49 ) ;
#2419 = MANIFOLD_SOLID_BREP ( 'Mirror3[1]', #4444 ) ;
#2420 = ORIENTED_EDGE ( 'NONE', *, *, #2633, .T. ) ;
#2421 = FILL_AREA_STYLE_COLOUR ( '', #3178 ) ;
#2422 = VECTOR ( 'NONE', #3997, 1000.000000000000000 ) ;
#2423 = AXIS2_PLACEMENT_3D ( 'NONE', #2472, #3133, #3762 ) ;
#2424 = CARTESIAN_POINT ( 'NONE',  ( -0.9700000000000000844, 0.000000000000000000, 2.609419897744087001E-16 ) ) ;
#2425 =( NAMED_UNIT ( * ) PLANE_ANGLE_UNIT ( ) SI_UNIT ( $, .RADIAN. ) );
#2426 = EDGE_CURVE ( 'NONE', #3060, #3152, #30, .T. ) ;
#2427 = VECTOR ( 'NONE', #3345, 1000.000000000000000 ) ;
#2428 = EDGE_CURVE ( 'NONE', #3249, #3574, #1692, .T. ) ;
#2429 = DIRECTION ( 'NONE',  ( -0.000000000000000000, -1.000000000000000000, -0.000000000000000000 ) ) ;
#2430 = CARTESIAN_POINT ( 'NONE',  ( -1.000000000000000222, 0.2000000000000000111, 0.8000000000000001554 ) ) ;
#2431 = MECHANICAL_DESIGN_GEOMETRIC_PRESENTATION_REPRESENTATION (  '', ( #3734 ), #3521 ) ;
#2432 = CARTESIAN_POINT ( 'NONE',  ( -0.9700000000000000844, 0.000000000000000000, -2.609419897744087001E-16 ) ) ;
#2433 = EDGE_CURVE ( 'NONE', #3243, #3919, #541, .T. ) ;
#2434 = CARTESIAN_POINT ( 'NONE',  ( 1.000000000000000222, 0.2000000000000000111, 0.8000000000000001554 ) ) ;
#2435 = LINE ( 'NONE', #3477, #2002 ) ;
#2436 = ORIENTED_EDGE ( 'NONE', *, *, #2720, .F. ) ;
#2437 = FACE_OUTER_BOUND ( 'NONE', #3884, .T. ) ;
#2438 = CARTESIAN_POINT ( 'NONE',  ( -0.8499999999999999778, 0.3499999999999999778, 0.6500000000000002442 ) ) ;
#2439 = DIRECTION ( 'NONE',  ( 0.000000000000000000, -1.000000000000000000, 0.000000000000000000 ) ) ;
#2440 = ORIENTED_EDGE ( 'NONE', *, *, #1702, .T. ) ;
#2441 = PRESENTATION_LAYER_ASSIGNMENT (  '', '', ( #3670 ) ) ;
#2442 = EDGE_LOOP ( 'NONE', ( #342, #3475, #3380, #2089 ) ) ;
#2443 =( LENGTH_UNIT ( ) NAMED_UNIT ( * ) SI_UNIT ( .MILLI., .METRE. ) );
#2444 = PRESENTATION_LAYER_ASSIGNMENT (  '', '', ( #1379 ) ) ;
#2445 =( LENGTH_UNIT ( ) NAMED_UNIT ( * ) SI_UNIT ( .MILLI., .METRE. ) );
#2446 = STYLED_ITEM ( 'NONE', ( #1479 ), #3235 ) ;
#2447 = DIRECTION ( 'NONE',  ( 0.000000000000000000, 0.000000000000000000, -1.000000000000000000 ) ) ;
#2448 = CARTESIAN_POINT ( 'NONE',  ( -0.9700000000000000844, 0.2000000000000000111, -2.609419897744087001E-16 ) ) ;
#2449 = MECHANICAL_DESIGN_GEOMETRIC_PRESENTATION_REPRESENTATION (  '', ( #2106 ), #1532 ) ;
#2450 = LINE ( 'NONE', #3785, #1680 ) ;
#2451 = PRESENTATION_LAYER_ASSIGNMENT (  '', '', ( #4041 ) ) ;
#2452 = VECTOR ( 'NONE', #1043, 1000.000000000000000 ) ;
#2453 = FACE_OUTER_BOUND ( 'NONE', #2625, .T. ) ;
#2454 = VERTEX_POINT ( 'NONE', #169 ) ;
#2455 = DIRECTION ( 'NONE',  ( 0.000000000000000000, -1.000000000000000000, 0.000000000000000000 ) ) ;
#2456 = COLOUR_RGB ( '',1.000000000000000000, 0.7843137254901960675, 0.000000000000000000 ) ;
#2457 = CIRCLE ( 'NONE', #975, 0.1000000000000001582 ) ;
#2458 = DIRECTION ( 'NONE',  ( -0.000000000000000000, -1.000000000000000000, 0.000000000000000000 ) ) ;
#2459 = DIRECTION ( 'NONE',  ( 0.000000000000000000, 0.000000000000000000, 1.000000000000000000 ) ) ;
#2460 = COLOUR_RGB ( '',0.7529411764705882248, 0.7529411764705882248, 0.7529411764705882248 ) ;
#2461 = VECTOR ( 'NONE', #2765, 1000.000000000000000 ) ;
#2462 = CARTESIAN_POINT ( 'NONE',  ( -0.9700000000000003064, 0.000000000000000000, 0.6530306154330092205 ) ) ;
#2463 = SURFACE_STYLE_USAGE ( .BOTH. , #1121 ) ;
#2464 = FILL_AREA_STYLE_COLOUR ( '', #2942 ) ;
#2465 = ORIENTED_EDGE ( 'NONE', *, *, #3225, .T. ) ;
#2466 = ADVANCED_FACE ( 'NONE', ( #469 ), #1540, .F. ) ;
#2467 = ORIENTED_EDGE ( 'NONE', *, *, #1998, .T. ) ;
#2468 = CARTESIAN_POINT ( 'NONE',  ( -0.9900000000000002132, 0.2000000000000000111, 0.7005012562893380146 ) ) ;
#2469 = CARTESIAN_POINT ( 'NONE',  ( -0.9000000000000001332, 0.000000000000000000, -0.8000000000000001554 ) ) ;
#2470 = ORIENTED_EDGE ( 'NONE', *, *, #1908, .T. ) ;
#2471 = DIRECTION ( 'NONE',  ( -0.000000000000000000, -1.000000000000000000, -0.000000000000000000 ) ) ;
#2472 = CARTESIAN_POINT ( 'NONE',  ( -1.000000000000000222, 0.000000000000000000, 0.8000000000000001554 ) ) ;
#2473 =( LENGTH_UNIT ( ) NAMED_UNIT ( * ) SI_UNIT ( .MILLI., .METRE. ) );
#2474 = DIRECTION ( 'NONE',  ( 0.000000000000000000, 0.000000000000000000, 1.000000000000000000 ) ) ;
#2475 = EDGE_CURVE ( 'NONE', #3333, #2178, #2846, .T. ) ;
#2476 = ORIENTED_EDGE ( 'NONE', *, *, #2375, .F. ) ;
#2477 = LINE ( 'NONE', #2852, #663 ) ;
#2478 = SURFACE_STYLE_FILL_AREA ( #4204 ) ;
#2479 = ADVANCED_FACE ( 'NONE', ( #3878 ), #3258, .F. ) ;
#2480 = FILL_AREA_STYLE ('',( #2174 ) ) ;
#2481 = VECTOR ( 'NONE', #1991, 1000.000000000000000 ) ;
#2482 = CARTESIAN_POINT ( 'NONE',  ( 1.000000000000000222, 0.000000000000000000, -0.8000000000000001554 ) ) ;
#2483 = ORIENTED_EDGE ( 'NONE', *, *, #4233, .T. ) ;
#2484 = CARTESIAN_POINT ( 'NONE',  ( -0.9999999999999997780, 0.2500000000000000000, 0.7999999999999999334 ) ) ;
#2485 = ADVANCED_FACE ( 'NONE', ( #121 ), #3157, .T. ) ;
#2486 = LINE ( 'NONE', #3869, #4188 ) ;
#2487 = PLANE ( 'NONE',  #742 ) ;
#2488 = VERTEX_POINT ( 'NONE', #2561 ) ;
#2489 = STYLED_ITEM ( 'NONE', ( #56 ), #388 ) ;
#2490 = ORIENTED_EDGE ( 'NONE', *, *, #2475, .T. ) ;
#2491 = SURFACE_SIDE_STYLE ('',( #2230 ) ) ;
#2492 = CARTESIAN_POINT ( 'NONE',  ( -0.3500000000000003109, 0.2000000000000000111, -3.648757311249297561E-17 ) ) ;
#2493 = ORIENTED_EDGE ( 'NONE', *, *, #1418, .T. ) ;
#2494 = CARTESIAN_POINT ( 'NONE',  ( 0.7500000000000001110, 0.4500000000000000111, -0.6500000000000000222 ) ) ;
#2495 =( GEOMETRIC_REPRESENTATION_CONTEXT ( 3 ) GLOBAL_UNCERTAINTY_ASSIGNED_CONTEXT ( ( #487 ) ) GLOBAL_UNIT_ASSIGNED_CONTEXT ( ( #3979, #233, #258 ) ) REPRESENTATION_CONTEXT ( 'NONE', 'WORKASPACE' ) );
#2496 = CARTESIAN_POINT ( 'NONE',  ( -0.9900000000000002132, 0.000000000000000000, -0.7005012562893380146 ) ) ;
#2497 = AXIS2_PLACEMENT_3D ( 'NONE', #1249, #3272, #4284 ) ;
#2498 = EDGE_LOOP ( 'NONE', ( #1511, #3921, #4391, #994, #93, #2228, #2476, #759, #736, #3288, #4253, #3426, #1659, #3176, #1171, #3896, #2235, #2289, #3289, #422, #2371, #2129, #822, #1778, #335, #450, #2354, #699, #1342, #608, #2995, #1860, #1962, #3928, #2982, #2538, #3746, #1557, #2981, #3900, #3749, #2727, #4166, #4061 ) ) ;
#2499 = CARTESIAN_POINT ( 'NONE',  ( 0.9700000000000000844, 0.2000000000000000111, -2.609419897744087001E-16 ) ) ;
#2500 = AXIS2_PLACEMENT_3D ( 'NONE', #1026, #2412, #3079 ) ;
#2501 = CARTESIAN_POINT ( 'NONE',  ( 0.9005012562893380812, 0.2000000000000000111, -0.7900000000000001465 ) ) ;
#2502 = DIRECTION ( 'NONE',  ( 0.000000000000000000, -1.000000000000000000, 0.000000000000000000 ) ) ;
#2503 = DIRECTION ( 'NONE',  ( 0.000000000000000000, 1.000000000000000000, 0.000000000000000000 ) ) ;
#2504 = ORIENTED_EDGE ( 'NONE', *, *, #2433, .F. ) ;
#2505 = LINE ( 'NONE', #901, #178 ) ;
#2506 = SURFACE_SIDE_STYLE ('',( #3226 ) ) ;
#2507 = CARTESIAN_POINT ( 'NONE',  ( 0.8503337045290424445, 0.000000000000000000, -0.7900000000000002576 ) ) ;
#2508 =( NAMED_UNIT ( * ) SI_UNIT ( $, .STERADIAN. ) SOLID_ANGLE_UNIT ( ) );
#2509 = ORIENTED_EDGE ( 'NONE', *, *, #1908, .F. ) ;
#2510 = ORIENTED_EDGE ( 'NONE', *, *, #2078, .F. ) ;
#2511 = LINE ( 'NONE', #4256, #3968 ) ;
#2512 = COLOUR_RGB ( '',1.000000000000000000, 0.7843137254901960675, 0.000000000000000000 ) ;
#2513 = VECTOR ( 'NONE', #3572, 1000.000000000000000 ) ;
#2514 = CARTESIAN_POINT ( 'NONE',  ( -0.9700000000000000844, 0.2000000000000000111, -2.609419897744087001E-16 ) ) ;
#2515 = ORIENTED_EDGE ( 'NONE', *, *, #907, .T. ) ;
#2516 = FILL_AREA_STYLE ('',( #1172 ) ) ;
#2517 =( NAMED_UNIT ( * ) SI_UNIT ( $, .STERADIAN. ) SOLID_ANGLE_UNIT ( ) );
#2518 = SURFACE_STYLE_USAGE ( .BOTH. , #3903 ) ;
#2519 = EDGE_CURVE ( 'NONE', #1441, #141, #1878, .T. ) ;
#2520 = AXIS2_PLACEMENT_3D ( 'NONE', #3183, #97, #2870 ) ;
#2521 = DIRECTION ( 'NONE',  ( 0.000000000000000000, 1.000000000000000000, -0.000000000000000000 ) ) ;
#2522 = ORIENTED_EDGE ( 'NONE', *, *, #3029, .F. ) ;
#2523 = ORIENTED_EDGE ( 'NONE', *, *, #1067, .T. ) ;
#2524 = AXIS2_PLACEMENT_3D ( 'NONE', #77, #1449, #2825 ) ;
#2525 = CARTESIAN_POINT ( 'NONE',  ( 0.000000000000000000, 0.000000000000000000, 0.7900000000000001465 ) ) ;
#2526 = EDGE_CURVE ( 'NONE', #3695, #826, #2231, .T. ) ;
#2527 = CIRCLE ( 'NONE', #4107, 0.1500000000000001887 ) ;
#2528 =( GEOMETRIC_REPRESENTATION_CONTEXT ( 3 ) GLOBAL_UNCERTAINTY_ASSIGNED_CONTEXT ( ( #630 ) ) GLOBAL_UNIT_ASSIGNED_CONTEXT ( ( #4440, #2053, #616 ) ) REPRESENTATION_CONTEXT ( 'NONE', 'WORKASPACE' ) );
#2529 = PLANE ( 'NONE',  #1334 ) ;
#2530 = CARTESIAN_POINT ( 'NONE',  ( -0.3500000000000003109, 0.2000000000000000111, -0.2500000000000001110 ) ) ;
#2531 = PRESENTATION_STYLE_ASSIGNMENT (( #4333 ) ) ;
#2532 = ORIENTED_EDGE ( 'NONE', *, *, #2217, .T. ) ;
#2533 = STYLED_ITEM ( 'NONE', ( #595 ), #1149 ) ;
#2534 = UNCERTAINTY_MEASURE_WITH_UNIT (LENGTH_MEASURE( 1.000000000000000082E-05 ), #391, 'distance_accuracy_value', 'NONE');
#2535 = LINE ( 'NONE', #863, #3188 ) ;
#2536 = CARTESIAN_POINT ( 'NONE',  ( -0.9000000000000001332, 0.3499999999999999778, -0.6000000000000001998 ) ) ;
#2537 = DIRECTION ( 'NONE',  ( 0.000000000000000000, 0.000000000000000000, 1.000000000000000000 ) ) ;
#2538 = ORIENTED_EDGE ( 'NONE', *, *, #4115, .F. ) ;
#2539 = AXIS2_PLACEMENT_3D ( 'NONE', #4118, #3803, #1075 ) ;
#2540 = ORIENTED_EDGE ( 'NONE', *, *, #1698, .T. ) ;
#2541 = DIRECTION ( 'NONE',  ( 1.000000000000000000, 0.000000000000000000, -0.000000000000000000 ) ) ;
#2542 = EDGE_CURVE ( 'NONE', #4234, #2699, #2237, .T. ) ;
#2543 = DIRECTION ( 'NONE',  ( 0.000000000000000000, -1.000000000000000000, 0.000000000000000000 ) ) ;
#2544 = EDGE_LOOP ( 'NONE', ( #2251, #919, #2258, #1875 ) ) ;
#2545 = SURFACE_SIDE_STYLE ('',( #147 ) ) ;
#2546 = FILL_AREA_STYLE ('',( #1838 ) ) ;
#2547 = LINE ( 'NONE', #446, #1948 ) ;
#2548 = ORIENTED_EDGE ( 'NONE', *, *, #4360, .F. ) ;
#2549 = LINE ( 'NONE', #614, #3154 ) ;
#2550 = CARTESIAN_POINT ( 'NONE',  ( -0.9900000000000002132, 0.2000000000000000111, 0.7005012562893380146 ) ) ;
#2551 = LINE ( 'NONE', #1567, #2038 ) ;
#2552 =( NAMED_UNIT ( * ) PLANE_ANGLE_UNIT ( ) SI_UNIT ( $, .RADIAN. ) );
#2553 = SURFACE_STYLE_FILL_AREA ( #1206 ) ;
#2554 = CARTESIAN_POINT ( 'NONE',  ( 1.000000000000000222, 0.2000000000000000111, 0.8000000000000001554 ) ) ;
#2555 = CARTESIAN_POINT ( 'NONE',  ( 1.000000000000000222, 0.000000000000000000, -0.8000000000000001554 ) ) ;
#2556 = CARTESIAN_POINT ( 'NONE',  ( -0.8503337045290424445, 0.2000000000000000111, 0.7900000000000002576 ) ) ;
#2557 = STYLED_ITEM ( 'NONE', ( #712 ), #1110 ) ;
#2558 = ORIENTED_EDGE ( 'NONE', *, *, #861, .T. ) ;
#2559 = EDGE_CURVE ( 'NONE', #2215, #3484, #1853, .T. ) ;
#2560 = MECHANICAL_DESIGN_GEOMETRIC_PRESENTATION_REPRESENTATION (  '', ( #1147 ), #1566 ) ;
#2561 = CARTESIAN_POINT ( 'NONE',  ( -0.9999999999999997780, 0.2500000000000000000, 0.6999999999999999556 ) ) ;
#2562 = ORIENTED_EDGE ( 'NONE', *, *, #4397, .T. ) ;
#2563 = EDGE_LOOP ( 'NONE', ( #529, #4226, #3560, #2490 ) ) ;
#2564 = FILL_AREA_STYLE ('',( #3987 ) ) ;
#2565 = MECHANICAL_DESIGN_GEOMETRIC_PRESENTATION_REPRESENTATION (  '', ( #2557 ), #1467 ) ;
#2566 = ORIENTED_EDGE ( 'NONE', *, *, #1506, .T. ) ;
#2567 = ORIENTED_EDGE ( 'NONE', *, *, #2705, .F. ) ;
#2568 = EDGE_CURVE ( 'NONE', #3278, #3243, #95, .T. ) ;
#2569 = DIRECTION ( 'NONE',  ( 0.000000000000000000, -1.000000000000000000, 0.000000000000000000 ) ) ;
#2570 = CIRCLE ( 'NONE', #1501, 0.1500000000000001887 ) ;
#2571 = ORIENTED_EDGE ( 'NONE', *, *, #3338, .F. ) ;
#2572 = PLANE ( 'NONE',  #1189 ) ;
#2573 = VECTOR ( 'NONE', #3454, 1000.000000000000000 ) ;
#2574 = CARTESIAN_POINT ( 'NONE',  ( -1.000000000000000222, 0.000000000000000000, -0.8000000000000001554 ) ) ;
#2575 = DIRECTION ( 'NONE',  ( 0.000000000000000000, -1.000000000000000000, 0.000000000000000000 ) ) ;
#2576 = DIRECTION ( 'NONE',  ( 0.000000000000000000, 0.000000000000000000, 1.000000000000000000 ) ) ;
#2577 = CARTESIAN_POINT ( 'NONE',  ( -0.8503337045290424445, 0.000000000000000000, 0.7900000000000002576 ) ) ;
#2578 = VECTOR ( 'NONE', #1060, 1000.000000000000000 ) ;
#2579 = CARTESIAN_POINT ( 'NONE',  ( 0.3500000000000003109, 0.000000000000000000, -3.648757311249297561E-17 ) ) ;
#2580 = CARTESIAN_POINT ( 'NONE',  ( 0.9900000000000002132, 0.2000000000000000111, -0.6503337045290422669 ) ) ;
#2581 = ORIENTED_EDGE ( 'NONE', *, *, #1056, .F. ) ;
#2582 = ORIENTED_EDGE ( 'NONE', *, *, #2133, .T. ) ;
#2583 =( LENGTH_UNIT ( ) NAMED_UNIT ( * ) SI_UNIT ( .MILLI., .METRE. ) );
#2584 = DIRECTION ( 'NONE',  ( 1.000000000000000000, 0.000000000000000000, -0.000000000000000000 ) ) ;
#2585 = DIRECTION ( 'NONE',  ( 0.000000000000000000, 1.000000000000000000, -0.000000000000000000 ) ) ;
#2586 = ORIENTED_EDGE ( 'NONE', *, *, #3563, .T. ) ;
#2587 = CARTESIAN_POINT ( 'NONE',  ( 0.9700000000000001954, 0.2000000000000000111, -0.2500000000000001110 ) ) ;
#2588 =( GEOMETRIC_REPRESENTATION_CONTEXT ( 3 ) GLOBAL_UNCERTAINTY_ASSIGNED_CONTEXT ( ( #1713 ) ) GLOBAL_UNIT_ASSIGNED_CONTEXT ( ( #2357, #423, #377 ) ) REPRESENTATION_CONTEXT ( 'NONE', 'WORKASPACE' ) );
#2589 = UNCERTAINTY_MEASURE_WITH_UNIT (LENGTH_MEASURE( 1.000000000000000082E-05 ), #3012, 'distance_accuracy_value', 'NONE');
#2590 = VERTEX_POINT ( 'NONE', #1514 ) ;
#2591 = ORIENTED_EDGE ( 'NONE', *, *, #1495, .T. ) ;
#2592 = CARTESIAN_POINT ( 'NONE',  ( 0.9700000000000001954, 0.2000000000000000111, 0.2500000000000001110 ) ) ;
#2593 =( LENGTH_UNIT ( ) NAMED_UNIT ( * ) SI_UNIT ( .MILLI., .METRE. ) );
#2594 = VECTOR ( 'NONE', #3747, 1000.000000000000000 ) ;
#2595 = SURFACE_SIDE_STYLE ('',( #1914 ) ) ;
#2596 = CIRCLE ( 'NONE', #3110, 0.1000000000000001582 ) ;
#2597 = DIRECTION ( 'NONE',  ( -1.000000000000000000, 0.000000000000000000, 0.000000000000000000 ) ) ;
#2598 = DIRECTION ( 'NONE',  ( 0.000000000000000000, 0.000000000000000000, 1.000000000000000000 ) ) ;
#2599 = VECTOR ( 'NONE', #2160, 1000.000000000000000 ) ;
#2600 = DIRECTION ( 'NONE',  ( 1.000000000000000000, 0.000000000000000000, 0.000000000000000000 ) ) ;
#2601 = CARTESIAN_POINT ( 'NONE',  ( -0.9005012562893380812, 0.000000000000000000, 0.7900000000000001465 ) ) ;
#2602 = ORIENTED_EDGE ( 'NONE', *, *, #2621, .T. ) ;
#2603 = COLOUR_RGB ( '',1.000000000000000000, 0.7843137254901960675, 0.000000000000000000 ) ;
#2604 = EDGE_LOOP ( 'NONE', ( #2816, #1420, #2724, #2864 ) ) ;
#2605 = DIRECTION ( 'NONE',  ( 0.000000000000000000, 1.000000000000000000, 0.000000000000000000 ) ) ;
#2606 =( GEOMETRIC_REPRESENTATION_CONTEXT ( 3 ) GLOBAL_UNCERTAINTY_ASSIGNED_CONTEXT ( ( #1113 ) ) GLOBAL_UNIT_ASSIGNED_CONTEXT ( ( #2692, #3062, #1685 ) ) REPRESENTATION_CONTEXT ( 'NONE', 'WORKASPACE' ) );
#2607 = CARTESIAN_POINT ( 'NONE',  ( 1.000000000000000222, 0.000000000000000000, 0.8000000000000001554 ) ) ;
#2608 = DIRECTION ( 'NONE',  ( 0.000000000000000000, -1.000000000000000000, 0.000000000000000000 ) ) ;
#2609 = VERTEX_POINT ( 'NONE', #2889 ) ;
#2610 = EDGE_CURVE ( 'NONE', #151, #4417, #4257, .T. ) ;
#2611 = ORIENTED_EDGE ( 'NONE', *, *, #2009, .T. ) ;
#2612 = VECTOR ( 'NONE', #3403, 1000.000000000000000 ) ;
#2613 = FILL_AREA_STYLE_COLOUR ( '', #4372 ) ;
#2614 = VERTEX_POINT ( 'NONE', #1581 ) ;
#2615 = ORIENTED_EDGE ( 'NONE', *, *, #509, .F. ) ;
#2616 = CARTESIAN_POINT ( 'NONE',  ( 0.000000000000000000, 0.2000000000000000111, -0.2500000000000001110 ) ) ;
#2617 = FILL_AREA_STYLE_COLOUR ( '', #1392 ) ;
#2618 = FACE_OUTER_BOUND ( 'NONE', #1099, .T. ) ;
#2619 = CARTESIAN_POINT ( 'NONE',  ( -0.9999999999999997780, 0.000000000000000000, -0.6999999999999999556 ) ) ;
#2620 = LINE ( 'NONE', #4015, #1458 ) ;
#2621 = EDGE_CURVE ( 'NONE', #2022, #4221, #1102, .T. ) ;
#2622 = CARTESIAN_POINT ( 'NONE',  ( -0.3500000000000003109, 0.2000000000000000111, -3.648757311249297561E-17 ) ) ;
#2623 = ORIENTED_EDGE ( 'NONE', *, *, #3075, .T. ) ;
#2624 = ADVANCED_FACE ( 'NONE', ( #3317 ), #959, .T. ) ;
#2625 = EDGE_LOOP ( 'NONE', ( #3804, #2896, #1216, #4121 ) ) ;
#2626 =( LENGTH_UNIT ( ) NAMED_UNIT ( * ) SI_UNIT ( .MILLI., .METRE. ) );
#2627 = UNCERTAINTY_MEASURE_WITH_UNIT (LENGTH_MEASURE( 1.000000000000000082E-05 ), #3584, 'distance_accuracy_value', 'NONE');
#2628 = EDGE_CURVE ( 'NONE', #3574, #3966, #3983, .T. ) ;
#2629 = PRESENTATION_STYLE_ASSIGNMENT (( #281 ) ) ;
#2630 = SURFACE_STYLE_FILL_AREA ( #195 ) ;
#2631 = VERTEX_POINT ( 'NONE', #913 ) ;
#2632 = VERTEX_POINT ( 'NONE', #3646 ) ;
#2633 = EDGE_CURVE ( 'NONE', #4025, #2153, #1644, .T. ) ;
#2634 = CARTESIAN_POINT ( 'NONE',  ( 0.000000000000000000, 0.2000000000000000111, 0.7700000000000000178 ) ) ;
#2635 = DIRECTION ( 'NONE',  ( 0.000000000000000000, -1.000000000000000000, 0.000000000000000000 ) ) ;
#2636 = CIRCLE ( 'NONE', #2704, 0.09999999999999999167 ) ;
#2637 = DIRECTION ( 'NONE',  ( 0.000000000000000000, 0.000000000000000000, 1.000000000000000000 ) ) ;
#2638 = LINE ( 'NONE', #1935, #3329 ) ;
#2639 = EDGE_CURVE ( 'NONE', #4344, #1836, #583, .T. ) ;
#2640 = AXIS2_PLACEMENT_3D ( 'NONE', #2326, #3409, #2309 ) ;
#2641 = DIRECTION ( 'NONE',  ( 1.000000000000000000, 0.000000000000000000, -1.042502088928369904E-16 ) ) ;
#2642 = CLOSED_SHELL ( 'NONE', ( #3870, #3764, #417, #1371, #4171, #2331, #2021, #140, #388, #3235 ) ) ;
#2643 =( NAMED_UNIT ( * ) SI_UNIT ( $, .STERADIAN. ) SOLID_ANGLE_UNIT ( ) );
#2644 = FILL_AREA_STYLE ('',( #2908 ) ) ;
#2645 = PRODUCT_DEFINITION ( 'UNKNOWN', '', #1545, #2084 ) ;
#2646 = ORIENTED_EDGE ( 'NONE', *, *, #205, .F. ) ;
#2647 = FILL_AREA_STYLE_COLOUR ( '', #3652 ) ;
#2648 = ADVANCED_FACE ( 'NONE', ( #238 ), #4381, .T. ) ;
#2649 = PLANE ( 'NONE',  #1123 ) ;
#2650 = EDGE_LOOP ( 'NONE', ( #18, #3163, #1058, #865 ) ) ;
#2651 = MECHANICAL_DESIGN_GEOMETRIC_PRESENTATION_REPRESENTATION (  '', ( #4306 ), #3091 ) ;
#2652 = EDGE_LOOP ( 'NONE', ( #1782, #1278, #1929, #513, #2820, #3394, #2162, #1376 ) ) ;
#2653 = CYLINDRICAL_SURFACE ( 'NONE', #4035, 0.1000000000000001582 ) ;
#2654 = CARTESIAN_POINT ( 'NONE',  ( 0.000000000000000000, 0.2000000000000000111, 0.7900000000000001465 ) ) ;
#2655 = LINE ( 'NONE', #637, #656 ) ;
#2656 = LINE ( 'NONE', #3360, #1041 ) ;
#2657 = CIRCLE ( 'NONE', #4175, 0.1500000000000001887 ) ;
#2658 = CARTESIAN_POINT ( 'NONE',  ( -0.9005012562893380812, 0.2000000000000000111, 0.7900000000000001465 ) ) ;
#2659 =( NAMED_UNIT ( * ) SI_UNIT ( $, .STERADIAN. ) SOLID_ANGLE_UNIT ( ) );
#2660 = EDGE_CURVE ( 'NONE', #3175, #566, #3711, .T. ) ;
#2661 = CARTESIAN_POINT ( 'NONE',  ( 0.8500000000000001998, 0.3499999999999999778, 0.6500000000000001332 ) ) ;
#2662 = CIRCLE ( 'NONE', #3820, 0.1000000000000001582 ) ;
#2663 = FILL_AREA_STYLE ('',( #3365 ) ) ;
#2664 = ADVANCED_FACE ( 'NONE', ( #4117 ), #1732, .F. ) ;
#2665 = PRESENTATION_LAYER_ASSIGNMENT (  '', '', ( #2893 ) ) ;
#2666 = DIRECTION ( 'NONE',  ( 0.000000000000000000, 0.000000000000000000, 1.000000000000000000 ) ) ;
#2667 =( NAMED_UNIT ( * ) SI_UNIT ( $, .STERADIAN. ) SOLID_ANGLE_UNIT ( ) );
#2668 = VERTEX_POINT ( 'NONE', #4431 ) ;
#2669 = AXIS2_PLACEMENT_3D ( 'NONE', #3105, #4161, #344 ) ;
#2670 = UNCERTAINTY_MEASURE_WITH_UNIT (LENGTH_MEASURE( 1.000000000000000082E-05 ), #4218, 'distance_accuracy_value', 'NONE');
#2671 = CARTESIAN_POINT ( 'NONE',  ( -0.9000000000000001332, 0.2500000000000000000, 0.7000000000000001776 ) ) ;
#2672 = CARTESIAN_POINT ( 'NONE',  ( -0.8000000000000000444, 0.3499999999999999778, 0.6000000000000001998 ) ) ;
#2673 =( NAMED_UNIT ( * ) PLANE_ANGLE_UNIT ( ) SI_UNIT ( $, .RADIAN. ) );
#2674 = ORIENTED_EDGE ( 'NONE', *, *, #3951, .T. ) ;
#2675 = COLOUR_RGB ( '',1.000000000000000000, 0.7843137254901960675, 0.000000000000000000 ) ;
#2676 = ORIENTED_EDGE ( 'NONE', *, *, #891, .T. ) ;
#2677 = CARTESIAN_POINT ( 'NONE',  ( 0.9900000000000002132, 0.2000000000000000111, -0.7005012562893380146 ) ) ;
#2678 = EDGE_CURVE ( 'NONE', #2791, #4004, #672, .T. ) ;
#2679 = FACE_OUTER_BOUND ( 'NONE', #2055, .T. ) ;
#2680 = VERTEX_POINT ( 'NONE', #345 ) ;
#2681 = PRESENTATION_STYLE_ASSIGNMENT (( #1307 ) ) ;
#2682 = VECTOR ( 'NONE', #1666, 1000.000000000000000 ) ;
#2683 = DIRECTION ( 'NONE',  ( 0.000000000000000000, 0.000000000000000000, 1.000000000000000000 ) ) ;
#2684 = CARTESIAN_POINT ( 'NONE',  ( 1.000000000000000222, 0.2000000000000000111, 0.8000000000000001554 ) ) ;
#2685 = PRESENTATION_STYLE_ASSIGNMENT (( #2324 ) ) ;
#2686 = EDGE_CURVE ( 'NONE', #3175, #2048, #1107, .T. ) ;
#2687 = LINE ( 'NONE', #706, #229 ) ;
#2688 = EDGE_CURVE ( 'NONE', #4301, #2365, #2789, .T. ) ;
#2689 = SURFACE_SIDE_STYLE ('',( #710 ) ) ;
#2690 = ORIENTED_EDGE ( 'NONE', *, *, #4084, .T. ) ;
#2691 = PLANE ( 'NONE',  #2500 ) ;
#2692 =( LENGTH_UNIT ( ) NAMED_UNIT ( * ) SI_UNIT ( .MILLI., .METRE. ) );
#2693 = DIRECTION ( 'NONE',  ( -0.000000000000000000, 1.000000000000000000, -0.000000000000000000 ) ) ;
#2694 = SURFACE_SIDE_STYLE ('',( #2096 ) ) ;
#2695 = ORIENTED_EDGE ( 'NONE', *, *, #109, .F. ) ;
#2696 = ORIENTED_EDGE ( 'NONE', *, *, #1617, .T. ) ;
#2697 = ADVANCED_FACE ( 'NONE', ( #4453 ), #734, .F. ) ;
#2698 = SURFACE_SIDE_STYLE ('',( #678 ) ) ;
#2699 = VERTEX_POINT ( 'NONE', #2743 ) ;
#2700 = DIRECTION ( 'NONE',  ( -0.000000000000000000, 1.000000000000000000, 0.000000000000000000 ) ) ;
#2701 = LINE ( 'NONE', #272, #4407 ) ;
#2702 = MECHANICAL_DESIGN_GEOMETRIC_PRESENTATION_REPRESENTATION (  '', ( #278 ), #1223 ) ;
#2703 = CARTESIAN_POINT ( 'NONE',  ( 0.9700000000000001954, 0.000000000000000000, -0.2500000000000001110 ) ) ;
#2704 = AXIS2_PLACEMENT_3D ( 'NONE', #1548, #639, #2683 ) ;
#2705 = EDGE_CURVE ( 'NONE', #3222, #4025, #2067, .T. ) ;
#2706 = FILL_AREA_STYLE_COLOUR ( '', #2361 ) ;
#2707 = EDGE_CURVE ( 'NONE', #3966, #1003, #2732, .T. ) ;
#2708 =( NAMED_UNIT ( * ) PLANE_ANGLE_UNIT ( ) SI_UNIT ( $, .RADIAN. ) );
#2709 = DIRECTION ( 'NONE',  ( 0.000000000000000000, 0.000000000000000000, -1.000000000000000000 ) ) ;
#2710 = LINE ( 'NONE', #981, #3504 ) ;
#2711 =( GEOMETRIC_REPRESENTATION_CONTEXT ( 3 ) GLOBAL_UNCERTAINTY_ASSIGNED_CONTEXT ( ( #33 ) ) GLOBAL_UNIT_ASSIGNED_CONTEXT ( ( #2583, #3533, #868 ) ) REPRESENTATION_CONTEXT ( 'NONE', 'WORKASPACE' ) );
#2712 = ORIENTED_EDGE ( 'NONE', *, *, #3629, .F. ) ;
#2713 = DIRECTION ( 'NONE',  ( 0.000000000000000000, -1.000000000000000000, 0.000000000000000000 ) ) ;
#2714 = CARTESIAN_POINT ( 'NONE',  ( 0.9005012562893380812, 0.2000000000000000111, 0.7900000000000001465 ) ) ;
#2715 = AXIS2_PLACEMENT_3D ( 'NONE', #1343, #2635, #4099 ) ;
#2716 = LINE ( 'NONE', #3413, #2320 ) ;
#2717 = CIRCLE ( 'NONE', #1578, 0.1500000000000001887 ) ;
#2718 = SURFACE_STYLE_USAGE ( .BOTH. , #696 ) ;
#2719 = ORIENTED_EDGE ( 'NONE', *, *, #99, .T. ) ;
#2720 = EDGE_CURVE ( 'NONE', #603, #208, #371, .T. ) ;
#2721 = ORIENTED_EDGE ( 'NONE', *, *, #3899, .T. ) ;
#2722 =( GEOMETRIC_REPRESENTATION_CONTEXT ( 3 ) GLOBAL_UNCERTAINTY_ASSIGNED_CONTEXT ( ( #3943 ) ) GLOBAL_UNIT_ASSIGNED_CONTEXT ( ( #4135, #2134, #1118 ) ) REPRESENTATION_CONTEXT ( 'NONE', 'WORKASPACE' ) );
#2723 = PLANE ( 'NONE',  #2520 ) ;
#2724 = ORIENTED_EDGE ( 'NONE', *, *, #1173, .T. ) ;
#2725 = FACE_OUTER_BOUND ( 'NONE', #828, .T. ) ;
#2726 = AXIS2_PLACEMENT_3D ( 'NONE', #1183, #838, #1868 ) ;
#2727 = ORIENTED_EDGE ( 'NONE', *, *, #4069, .T. ) ;
#2728 =( NAMED_UNIT ( * ) PLANE_ANGLE_UNIT ( ) SI_UNIT ( $, .RADIAN. ) );
#2729 = VECTOR ( 'NONE', #4047, 1000.000000000000000 ) ;
#2730 = EDGE_CURVE ( 'NONE', #1562, #4416, #2046, .T. ) ;
#2731 = CARTESIAN_POINT ( 'NONE',  ( 0.9000000000000001332, 0.000000000000000000, 0.7999999999999999334 ) ) ;
#2732 = CIRCLE ( 'NONE', #1735, 0.1500000000000001887 ) ;
#2733 = EDGE_CURVE ( 'NONE', #2099, #1, #3108, .T. ) ;
#2734 = CARTESIAN_POINT ( 'NONE',  ( -0.9900000000000002132, 0.000000000000000000, 0.000000000000000000 ) ) ;
#2735 = DIRECTION ( 'NONE',  ( 0.000000000000000000, -1.000000000000000000, 0.000000000000000000 ) ) ;
#2736 = VECTOR ( 'NONE', #1917, 1000.000000000000000 ) ;
#2737 = ORIENTED_EDGE ( 'NONE', *, *, #3605, .T. ) ;
#2738 = CARTESIAN_POINT ( 'NONE',  ( -0.8000000000000000444, 0.3499999999999999778, -0.7000000000000000666 ) ) ;
#2739 = DIRECTION ( 'NONE',  ( 0.000000000000000000, 1.000000000000000000, 0.000000000000000000 ) ) ;
#2740 = CARTESIAN_POINT ( 'NONE',  ( -0.9700000000000000844, 0.2000000000000000111, -2.609419897744087001E-16 ) ) ;
#2741 = MECHANICAL_DESIGN_GEOMETRIC_PRESENTATION_REPRESENTATION (  '', ( #168 ), #609 ) ;
#2742 = DIRECTION ( 'NONE',  ( 0.000000000000000000, 0.000000000000000000, 1.000000000000000000 ) ) ;
#2743 = CARTESIAN_POINT ( 'NONE',  ( 0.8530306154330092872, 0.000000000000000000, 0.7700000000000000178 ) ) ;
#2744 = VERTEX_POINT ( 'NONE', #649 ) ;
#2745 = UNCERTAINTY_MEASURE_WITH_UNIT (LENGTH_MEASURE( 1.000000000000000082E-05 ), #926, 'distance_accuracy_value', 'NONE');
#2746 = STYLED_ITEM ( 'NONE', ( #781 ), #922 ) ;
#2747 = CIRCLE ( 'NONE', #824, 0.1000000000000001582 ) ;
#2748 = ORIENTED_EDGE ( 'NONE', *, *, #2356, .T. ) ;
#2749 = SURFACE_SIDE_STYLE ('',( #28 ) ) ;
#2750 = EDGE_CURVE ( 'NONE', #915, #585, #3044, .T. ) ;
#2751 = PRESENTATION_LAYER_ASSIGNMENT (  '', '', ( #1608 ) ) ;
#2752 = CARTESIAN_POINT ( 'NONE',  ( -0.000000000000000000, 0.2000000000000000111, 0.2500000000000001110 ) ) ;
#2753 = FILL_AREA_STYLE ('',( #2821 ) ) ;
#2754 = PLANE ( 'NONE',  #3580 ) ;
#2755 = DIRECTION ( 'NONE',  ( -1.000000000000000000, 0.000000000000000000, 0.000000000000000000 ) ) ;
#2756 = STYLED_ITEM ( 'NONE', ( #3567 ), #4027 ) ;
#2757 = LINE ( 'NONE', #3752, #3624 ) ;
#2758 = AXIS2_PLACEMENT_3D ( 'NONE', #4316, #2608, #3001 ) ;
#2759 = VECTOR ( 'NONE', #4430, 1000.000000000000000 ) ;
#2760 = FACE_OUTER_BOUND ( 'NONE', #1587, .T. ) ;
#2761 =( LENGTH_UNIT ( ) NAMED_UNIT ( * ) SI_UNIT ( .MILLI., .METRE. ) );
#2762 = FACE_OUTER_BOUND ( 'NONE', #2604, .T. ) ;
#2763 = EDGE_LOOP ( 'NONE', ( #651, #2187, #2792, #3839 ) ) ;
#2764 = LINE ( 'NONE', #3457, #1596 ) ;
#2765 = DIRECTION ( 'NONE',  ( 1.000000000000000000, 0.000000000000000000, -0.000000000000000000 ) ) ;
#2766 = CARTESIAN_POINT ( 'NONE',  ( 0.000000000000000000, 0.000000000000000000, -0.7700000000000000178 ) ) ;
#2767 = DIRECTION ( 'NONE',  ( -1.000000000000000000, 0.000000000000000000, 1.042502088928369904E-16 ) ) ;
#2768 = DIRECTION ( 'NONE',  ( 0.000000000000000000, -1.000000000000000000, 0.000000000000000000 ) ) ;
#2769 = ORIENTED_EDGE ( 'NONE', *, *, #26, .T. ) ;
#2770 = EDGE_CURVE ( 'NONE', #1814, #3998, #1007, .T. ) ;
#2771 = EDGE_LOOP ( 'NONE', ( #442, #1077, #3498, #96 ) ) ;
#2772 = EDGE_CURVE ( 'NONE', #1861, #3551, #4090, .T. ) ;
#2773 = DIRECTION ( 'NONE',  ( -2.690123605921739456E-16, 0.000000000000000000, -1.000000000000000000 ) ) ;
#2774 = FILL_AREA_STYLE_COLOUR ( '', #1597 ) ;
#2775 = DIRECTION ( 'NONE',  ( 0.000000000000000000, 0.000000000000000000, -1.000000000000000000 ) ) ;
#2776 = FACE_OUTER_BOUND ( 'NONE', #2890, .T. ) ;
#2777 = PRESENTATION_LAYER_ASSIGNMENT (  '', '', ( #200 ) ) ;
#2778 = EDGE_CURVE ( 'NONE', #214, #1003, #436, .T. ) ;
#2779 = UNCERTAINTY_MEASURE_WITH_UNIT (LENGTH_MEASURE( 1.000000000000000082E-05 ), #887, 'distance_accuracy_value', 'NONE');
#2780 = DIRECTION ( 'NONE',  ( 0.000000000000000000, 0.000000000000000000, -1.000000000000000000 ) ) ;
#2781 =( NAMED_UNIT ( * ) SI_UNIT ( $, .STERADIAN. ) SOLID_ANGLE_UNIT ( ) );
#2782 = STYLED_ITEM ( 'NONE', ( #384 ), #361 ) ;
#2783 = FACE_OUTER_BOUND ( 'NONE', #2650, .T. ) ;
#2784 = CARTESIAN_POINT ( 'NONE',  ( -1.000000000000000222, 0.000000000000000000, -0.8000000000000001554 ) ) ;
#2785 = VERTEX_POINT ( 'NONE', #511 ) ;
#2786 = DIRECTION ( 'NONE',  ( -0.000000000000000000, 1.000000000000000000, -0.000000000000000000 ) ) ;
#2787 = APPLICATION_PROTOCOL_DEFINITION ( 'draft international standard', 'automotive_design', 1998, #810 ) ;
#2788 = DIRECTION ( 'NONE',  ( -0.000000000000000000, 1.000000000000000000, -0.000000000000000000 ) ) ;
#2789 = LINE ( 'NONE', #2005, #1887 ) ;
#2790 = CARTESIAN_POINT ( 'NONE',  ( 0.9700000000000003064, 0.2000000000000000111, -0.6530306154330092205 ) ) ;
#2791 = VERTEX_POINT ( 'NONE', #2122 ) ;
#2792 = ORIENTED_EDGE ( 'NONE', *, *, #2395, .T. ) ;
#2793 = COLOUR_RGB ( '',1.000000000000000000, 0.7843137254901960675, 0.000000000000000000 ) ;
#2794 = PRESENTATION_LAYER_ASSIGNMENT (  '', '', ( #3436 ) ) ;
#2795 =( NAMED_UNIT ( * ) SI_UNIT ( $, .STERADIAN. ) SOLID_ANGLE_UNIT ( ) );
#2796 = CARTESIAN_POINT ( 'NONE',  ( -0.9999999999999997780, 0.2500000000000000000, -0.8000000000000001554 ) ) ;
#2797 = CARTESIAN_POINT ( 'NONE',  ( -0.9999999999999997780, 0.000000000000000000, -0.6999999999999999556 ) ) ;
#2798 = DIRECTION ( 'NONE',  ( 0.000000000000000000, 0.000000000000000000, -1.000000000000000000 ) ) ;
#2799 = ORIENTED_EDGE ( 'NONE', *, *, #1289, .F. ) ;
#2800 = CARTESIAN_POINT ( 'NONE',  ( 1.000000000000000222, 0.2000000000000000111, -0.8000000000000001554 ) ) ;
#2801 = SURFACE_STYLE_FILL_AREA ( #3841 ) ;
#2802 = ORIENTED_EDGE ( 'NONE', *, *, #3535, .F. ) ;
#2803 = VECTOR ( 'NONE', #448, 1000.000000000000000 ) ;
#2804 = UNCERTAINTY_MEASURE_WITH_UNIT (LENGTH_MEASURE( 1.000000000000000082E-05 ), #3634, 'distance_accuracy_value', 'NONE');
#2805 = FILL_AREA_STYLE_COLOUR ( '', #2109 ) ;
#2806 = ADVANCED_FACE ( 'NONE', ( #3871 ), #2487, .F. ) ;
#2807 = PRESENTATION_STYLE_ASSIGNMENT (( #83 ) ) ;
#2808 = DIRECTION ( 'NONE',  ( 0.000000000000000000, 0.000000000000000000, -1.000000000000000000 ) ) ;
#2809 = ORIENTED_EDGE ( 'NONE', *, *, #2610, .T. ) ;
#2810 = CARTESIAN_POINT ( 'NONE',  ( 0.3500000000000003109, 0.2000000000000000111, 0.2500000000000000555 ) ) ;
#2811 = MECHANICAL_DESIGN_GEOMETRIC_PRESENTATION_REPRESENTATION (  '', ( #1883 ), #4383 ) ;
#2812 = EDGE_CURVE ( 'NONE', #2139, #3517, #2203, .T. ) ;
#2813 = LINE ( 'NONE', #4137, #3267 ) ;
#2814 = PLANE ( 'NONE',  #1450 ) ;
#2815 = VERTEX_POINT ( 'NONE', #1464 ) ;
#2816 = ORIENTED_EDGE ( 'NONE', *, *, #563, .F. ) ;
#2817 = CARTESIAN_POINT ( 'NONE',  ( 1.000000000000000222, 0.2000000000000000111, 0.8000000000000001554 ) ) ;
#2818 = VECTOR ( 'NONE', #2882, 1000.000000000000000 ) ;
#2819 = CARTESIAN_POINT ( 'NONE',  ( -0.9000000000000001332, 0.2500000000000000000, 0.7000000000000001776 ) ) ;
#2820 = ORIENTED_EDGE ( 'NONE', *, *, #1602, .F. ) ;
#2821 = FILL_AREA_STYLE_COLOUR ( '', #3106 ) ;
#2822 = VECTOR ( 'NONE', #3142, 1000.000000000000000 ) ;
#2823 = SURFACE_STYLE_FILL_AREA ( #1131 ) ;
#2824 = EDGE_CURVE ( 'NONE', #4428, #1, #3916, .T. ) ;
#2825 = DIRECTION ( 'NONE',  ( 1.000000000000000000, 0.000000000000000000, -0.000000000000000000 ) ) ;
#2826 = VECTOR ( 'NONE', #2014, 1000.000000000000000 ) ;
#2827 = DIRECTION ( 'NONE',  ( -1.000000000000000000, 0.000000000000000000, 0.000000000000000000 ) ) ;
#2828 = VERTEX_POINT ( 'NONE', #2507 ) ;
#2829 = AXIS2_PLACEMENT_3D ( 'NONE', #3268, #3565, #1843 ) ;
#2830 = ORIENTED_EDGE ( 'NONE', *, *, #4270, .T. ) ;
#2831 = DIRECTION ( 'NONE',  ( 0.000000000000000000, -1.000000000000000000, 0.000000000000000000 ) ) ;
#2832 = COLOUR_RGB ( '',0.7529411764705882248, 0.7529411764705882248, 0.7529411764705882248 ) ;
#2833 = MECHANICAL_DESIGN_GEOMETRIC_PRESENTATION_REPRESENTATION (  '', ( #2756 ), #761 ) ;
#2834 = CARTESIAN_POINT ( 'NONE',  ( 0.3500000000000003109, 0.2000000000000000111, -0.2500000000000001110 ) ) ;
#2835 = DIRECTION ( 'NONE',  ( -0.000000000000000000, 1.000000000000000000, 0.000000000000000000 ) ) ;
#2836 = AXIS2_PLACEMENT_3D ( 'NONE', #1684, #1050, #3061 ) ;
#2837 = ORIENTED_EDGE ( 'NONE', *, *, #853, .F. ) ;
#2838 = SURFACE_SIDE_STYLE ('',( #943 ) ) ;
#2839 = EDGE_CURVE ( 'NONE', #1727, #3313, #3894, .T. ) ;
#2840 = CARTESIAN_POINT ( 'NONE',  ( 0.000000000000000000, 0.2000000000000000111, 0.7900000000000001465 ) ) ;
#2841 = DIRECTION ( 'NONE',  ( 0.000000000000000000, -1.000000000000000000, -0.000000000000000000 ) ) ;
#2842 = LINE ( 'NONE', #3872, #2072 ) ;
#2843 = ORIENTED_EDGE ( 'NONE', *, *, #394, .F. ) ;
#2844 = ORIENTED_EDGE ( 'NONE', *, *, #3945, .F. ) ;
#2845 =( LENGTH_UNIT ( ) NAMED_UNIT ( * ) SI_UNIT ( .MILLI., .METRE. ) );
#2846 = LINE ( 'NONE', #3598, #2959 ) ;
#2847 = VERTEX_POINT ( 'NONE', #3826 ) ;
#2848 = SURFACE_STYLE_USAGE ( .BOTH. , #1472 ) ;
#2849 = CARTESIAN_POINT ( 'NONE',  ( 0.9000000000000002442, 0.3499999999999999778, -0.6000000000000001998 ) ) ;
#2850 = LINE ( 'NONE', #1884, #1310 ) ;
#2851 = ORIENTED_EDGE ( 'NONE', *, *, #1344, .F. ) ;
#2852 = CARTESIAN_POINT ( 'NONE',  ( -0.9005012562893380812, 0.2000000000000000111, -0.7900000000000001465 ) ) ;
#2853 = VERTEX_POINT ( 'NONE', #3553 ) ;
#2854 = DIRECTION ( 'NONE',  ( 0.000000000000000000, 0.000000000000000000, -1.000000000000000000 ) ) ;
#2855 = LINE ( 'NONE', #484, #1528 ) ;
#2856 = FILL_AREA_STYLE_COLOUR ( '', #2350 ) ;
#2857 = EDGE_LOOP ( 'NONE', ( #501, #2398, #2696, #549 ) ) ;
#2858 = CARTESIAN_POINT ( 'NONE',  ( 1.000000000000000222, 0.2000000000000000111, -0.8000000000000001554 ) ) ;
#2859 = UNCERTAINTY_MEASURE_WITH_UNIT (LENGTH_MEASURE( 1.000000000000000082E-05 ), #3885, 'distance_accuracy_value', 'NONE');
#2860 = DIRECTION ( 'NONE',  ( 0.000000000000000000, 0.000000000000000000, 1.000000000000000000 ) ) ;
#2861 = LINE ( 'NONE', #4230, #3120 ) ;
#2862 = ORIENTED_EDGE ( 'NONE', *, *, #4062, .F. ) ;
#2863 = AXIS2_PLACEMENT_3D ( 'NONE', #3327, #3583, #503 ) ;
#2864 = ORIENTED_EDGE ( 'NONE', *, *, #525, .T. ) ;
#2865 = DIRECTION ( 'NONE',  ( -1.000000000000000000, 0.000000000000000000, -2.690123605921739456E-16 ) ) ;
#2866 = EDGE_CURVE ( 'NONE', #1, #1287, #490, .T. ) ;
#2867 =( NAMED_UNIT ( * ) PLANE_ANGLE_UNIT ( ) SI_UNIT ( $, .RADIAN. ) );
#2868 = ORIENTED_EDGE ( 'NONE', *, *, #3378, .F. ) ;
#2869 = EDGE_CURVE ( 'NONE', #2170, #911, #3816, .T. ) ;
#2870 = DIRECTION ( 'NONE',  ( 0.000000000000000000, -0.000000000000000000, -1.000000000000000000 ) ) ;
#2871 = FACE_OUTER_BOUND ( 'NONE', #2975, .T. ) ;
#2872 = CIRCLE ( 'NONE', #4366, 0.1500000000000001887 ) ;
#2873 = CARTESIAN_POINT ( 'NONE',  ( -0.9005012562893380812, 0.000000000000000000, 0.7900000000000001465 ) ) ;
#2874 = EDGE_LOOP ( 'NONE', ( #2646, #3776, #2523, #3285 ) ) ;
#2875 = ORIENTED_EDGE ( 'NONE', *, *, #2428, .F. ) ;
#2876 = SURFACE_SIDE_STYLE ('',( #3864 ) ) ;
#2877 = VECTOR ( 'NONE', #3662, 1000.000000000000000 ) ;
#2878 = CARTESIAN_POINT ( 'NONE',  ( 0.9700000000000001954, 0.2000000000000000111, -0.2500000000000001110 ) ) ;
#2879 = EDGE_CURVE ( 'NONE', #492, #465, #840, .T. ) ;
#2880 =( LENGTH_UNIT ( ) NAMED_UNIT ( * ) SI_UNIT ( .MILLI., .METRE. ) );
#2881 = EDGE_CURVE ( 'NONE', #2590, #3938, #2136, .T. ) ;
#2882 = DIRECTION ( 'NONE',  ( -0.000000000000000000, 1.000000000000000000, -0.000000000000000000 ) ) ;
#2883 =( NAMED_UNIT ( * ) PLANE_ANGLE_UNIT ( ) SI_UNIT ( $, .RADIAN. ) );
#2884 = ORIENTED_EDGE ( 'NONE', *, *, #1806, .T. ) ;
#2885 = VERTEX_POINT ( 'NONE', #3252 ) ;
#2886 = FACE_OUTER_BOUND ( 'NONE', #711, .T. ) ;
#2887 = VECTOR ( 'NONE', #1340, 1000.000000000000000 ) ;
#2888 = ADVANCED_FACE ( 'NONE', ( #67 ), #2814, .F. ) ;
#2889 = CARTESIAN_POINT ( 'NONE',  ( 0.9700000000000003064, 0.2000000000000000111, 0.6530306154330092205 ) ) ;
#2890 = EDGE_LOOP ( 'NONE', ( #1422, #2844, #2916, #786 ) ) ;
#2891 = DIRECTION ( 'NONE',  ( -1.000000000000000000, 0.000000000000000000, 0.000000000000000000 ) ) ;
#2892 = MECHANICAL_DESIGN_GEOMETRIC_PRESENTATION_REPRESENTATION (  '', ( #1251 ), #1811 ) ;
#2893 = STYLED_ITEM ( 'NONE', ( #527 ), #3282 ) ;
#2894 = DIRECTION ( 'NONE',  ( -1.000000000000000000, -0.000000000000000000, 0.000000000000000000 ) ) ;
#2895 = ORIENTED_EDGE ( 'NONE', *, *, #2526, .T. ) ;
#2896 = ORIENTED_EDGE ( 'NONE', *, *, #4105, .T. ) ;
#2897 = MECHANICAL_DESIGN_GEOMETRIC_PRESENTATION_REPRESENTATION (  '', ( #1745 ), #1697 ) ;
#2898 = SURFACE_SIDE_STYLE ('',( #1912 ) ) ;
#2899 = CIRCLE ( 'NONE', #1671, 0.1000000000000001582 ) ;
#2900 = DIRECTION ( 'NONE',  ( 1.042502088928369781E-16, 0.000000000000000000, 1.000000000000000000 ) ) ;
#2901 = AXIS2_PLACEMENT_3D ( 'NONE', #995, #4032, #3068 ) ;
#2902 = CIRCLE ( 'NONE', #1468, 0.1500000000000001887 ) ;
#2903 = PLANE ( 'NONE',  #3315 ) ;
#2904 = ORIENTED_EDGE ( 'NONE', *, *, #2660, .F. ) ;
#2905 = AXIS2_PLACEMENT_3D ( 'NONE', #4294, #3647, #4342 ) ;
#2906 = PLANE ( 'NONE',  #4400 ) ;
#2907 = SURFACE_STYLE_FILL_AREA ( #4185 ) ;
#2908 = FILL_AREA_STYLE_COLOUR ( '', #1360 ) ;
#2909 = ORIENTED_EDGE ( 'NONE', *, *, #3899, .F. ) ;
#2910 = COLOUR_RGB ( '',1.000000000000000000, 0.7843137254901960675, 0.000000000000000000 ) ;
#2911 = STYLED_ITEM ( 'NONE', ( #1005 ), #4404 ) ;
#2912 = ORIENTED_EDGE ( 'NONE', *, *, #2025, .T. ) ;
#2913 = PRESENTATION_STYLE_ASSIGNMENT (( #2188 ) ) ;
#2914 = EDGE_CURVE ( 'NONE', #4142, #565, #3931, .T. ) ;
#2915 = SURFACE_STYLE_USAGE ( .BOTH. , #3341 ) ;
#2916 = ORIENTED_EDGE ( 'NONE', *, *, #2295, .F. ) ;
#2917 = SURFACE_STYLE_USAGE ( .BOTH. , #2545 ) ;
#2918 = DIRECTION ( 'NONE',  ( 0.000000000000000000, -1.000000000000000000, 0.000000000000000000 ) ) ;
#2919 = UNCERTAINTY_MEASURE_WITH_UNIT (LENGTH_MEASURE( 1.000000000000000082E-05 ), #2593, 'distance_accuracy_value', 'NONE');
#2920 = FACE_OUTER_BOUND ( 'NONE', #2922, .T. ) ;
#2921 = ORIENTED_EDGE ( 'NONE', *, *, #3422, .T. ) ;
#2922 = EDGE_LOOP ( 'NONE', ( #3039, #2695, #717, #2316 ) ) ;
#2923 = EDGE_CURVE ( 'NONE', #2828, #3596, #4030, .T. ) ;
#2924 = CARTESIAN_POINT ( 'NONE',  ( -0.3500000000000003109, 0.000000000000000000, 3.648757311249297561E-17 ) ) ;
#2925 =( NAMED_UNIT ( * ) SI_UNIT ( $, .STERADIAN. ) SOLID_ANGLE_UNIT ( ) );
#2926 = DIRECTION ( 'NONE',  ( 0.000000000000000000, 0.000000000000000000, 1.000000000000000000 ) ) ;
#2927 = CARTESIAN_POINT ( 'NONE',  ( 0.9900000000000002132, 0.2000000000000000111, -0.6503337045290422669 ) ) ;
#2928 = SURFACE_STYLE_USAGE ( .BOTH. , #1555 ) ;
#2929 = ORIENTED_EDGE ( 'NONE', *, *, #193, .F. ) ;
#2930 = ORIENTED_EDGE ( 'NONE', *, *, #3700, .T. ) ;
#2931 = FILL_AREA_STYLE_COLOUR ( '', #2071 ) ;
#2932 = AXIS2_PLACEMENT_3D ( 'NONE', #9, #1083, #2447 ) ;
#2933 = FILL_AREA_STYLE_COLOUR ( '', #1831 ) ;
#2934 = ORIENTED_EDGE ( 'NONE', *, *, #3760, .F. ) ;
#2935 =( NAMED_UNIT ( * ) PLANE_ANGLE_UNIT ( ) SI_UNIT ( $, .RADIAN. ) );
#2936 =( LENGTH_UNIT ( ) NAMED_UNIT ( * ) SI_UNIT ( .MILLI., .METRE. ) );
#2937 = CARTESIAN_POINT ( 'NONE',  ( 0.9700000000000000844, 0.2000000000000000111, -2.609419897744087001E-16 ) ) ;
#2938 = PRESENTATION_LAYER_ASSIGNMENT (  '', '', ( #2144 ) ) ;
#2939 = VERTEX_POINT ( 'NONE', #1231 ) ;
#2940 = ORIENTED_EDGE ( 'NONE', *, *, #3645, .T. ) ;
#2941 = DIRECTION ( 'NONE',  ( 0.000000000000000000, -1.000000000000000000, 0.000000000000000000 ) ) ;
#2942 = COLOUR_RGB ( '',1.000000000000000000, 0.7843137254901960675, 0.000000000000000000 ) ;
#2943 = PRESENTATION_LAYER_ASSIGNMENT (  '', '', ( #142 ) ) ;
#2944 = AXIS2_PLACEMENT_3D ( 'NONE', #453, #2503, #135 ) ;
#2945 = LINE ( 'NONE', #2501, #4408 ) ;
#2946 = CARTESIAN_POINT ( 'NONE',  ( 0.7500000000000001110, 0.4500000000000000111, 0.5500000000000001554 ) ) ;
#2947 = FACE_OUTER_BOUND ( 'NONE', #2336, .T. ) ;
#2948 = DIRECTION ( 'NONE',  ( 0.000000000000000000, 0.000000000000000000, 1.000000000000000000 ) ) ;
#2949 = EDGE_CURVE ( 'NONE', #3778, #2454, #4311, .T. ) ;
#2950 = STYLED_ITEM ( 'NONE', ( #1424 ), #2331 ) ;
#2951 = DIRECTION ( 'NONE',  ( -0.000000000000000000, 1.000000000000000000, 0.000000000000000000 ) ) ;
#2952 = CARTESIAN_POINT ( 'NONE',  ( 1.000000000000000222, 0.2000000000000000111, 0.8000000000000001554 ) ) ;
#2953 = ORIENTED_EDGE ( 'NONE', *, *, #4282, .F. ) ;
#2954 = SURFACE_STYLE_FILL_AREA ( #3556 ) ;
#2955 = PRESENTATION_LAYER_ASSIGNMENT (  '', '', ( #2016 ) ) ;
#2956 = SURFACE_STYLE_USAGE ( .BOTH. , #1966 ) ;
#2957 = ORIENTED_EDGE ( 'NONE', *, *, #1931, .F. ) ;
#2958 = ORIENTED_EDGE ( 'NONE', *, *, #4077, .F. ) ;
#2959 = VECTOR ( 'NONE', #1835, 1000.000000000000000 ) ;
#2960 = CARTESIAN_POINT ( 'NONE',  ( -1.000000000000000222, 0.2000000000000000111, 0.8000000000000001554 ) ) ;
#2961 = EDGE_CURVE ( 'NONE', #455, #653, #3019, .T. ) ;
#2962 = VECTOR ( 'NONE', #2666, 1000.000000000000000 ) ;
#2963 = ORIENTED_EDGE ( 'NONE', *, *, #633, .F. ) ;
#2964 = DIRECTION ( 'NONE',  ( 0.000000000000000000, 0.000000000000000000, 1.000000000000000000 ) ) ;
#2965 = DIRECTION ( 'NONE',  ( -6.377659838150026227E-17, 0.000000000000000000, -1.000000000000000000 ) ) ;
#2966 = FACE_OUTER_BOUND ( 'NONE', #3689, .T. ) ;
#2967 = STYLED_ITEM ( 'NONE', ( #1272 ), #3300 ) ;
#2968 = CIRCLE ( 'NONE', #3604, 0.1500000000000001887 ) ;
#2969 = SURFACE_STYLE_FILL_AREA ( #1593 ) ;
#2970 = COLOUR_RGB ( '',1.000000000000000000, 0.7843137254901960675, 0.000000000000000000 ) ;
#2971 = AXIS2_PLACEMENT_3D ( 'NONE', #532, #2246, #457 ) ;
#2972 = EDGE_CURVE ( 'NONE', #3938, #1366, #3593, .T. ) ;
#2973 = DIRECTION ( 'NONE',  ( 0.000000000000000000, 0.000000000000000000, -1.000000000000000000 ) ) ;
#2974 = LINE ( 'NONE', #2622, #356 ) ;
#2975 = EDGE_LOOP ( 'NONE', ( #3138, #1804, #2748, #893 ) ) ;
#2976 = VERTEX_POINT ( 'NONE', #206 ) ;
#2977 = CARTESIAN_POINT ( 'NONE',  ( -0.9000000000000001332, 0.3499999999999999778, 0.7000000000000001776 ) ) ;
#2978 = AXIS2_PLACEMENT_3D ( 'NONE', #4209, #1140, #3202 ) ;
#2979 = COLOUR_RGB ( '',0.7529411764705882248, 0.7529411764705882248, 0.7529411764705882248 ) ;
#2980 = FILL_AREA_STYLE_COLOUR ( '', #4101 ) ;
#2981 = ORIENTED_EDGE ( 'NONE', *, *, #2869, .T. ) ;
#2982 = ORIENTED_EDGE ( 'NONE', *, *, #145, .F. ) ;
#2983 = FILL_AREA_STYLE ('',( #1971 ) ) ;
#2984 = AXIS2_PLACEMENT_3D ( 'NONE', #2107, #4172, #704 ) ;
#2985 = LINE ( 'NONE', #938, #3023 ) ;
#2986 = ORIENTED_EDGE ( 'NONE', *, *, #2086, .F. ) ;
#2987 = FACE_OUTER_BOUND ( 'NONE', #870, .T. ) ;
#2988 =( LENGTH_UNIT ( ) NAMED_UNIT ( * ) SI_UNIT ( .MILLI., .METRE. ) );
#2989 = FACE_OUTER_BOUND ( 'NONE', #2563, .T. ) ;
#2990 = EDGE_CURVE ( 'NONE', #2785, #3602, #4374, .T. ) ;
#2991 = LINE ( 'NONE', #4402, #972 ) ;
#2992 =( NAMED_UNIT ( * ) PLANE_ANGLE_UNIT ( ) SI_UNIT ( $, .RADIAN. ) );
#2993 = PLANE ( 'NONE',  #4009 ) ;
#2994 = COLOUR_RGB ( '',1.000000000000000000, 0.7843137254901960675, 0.000000000000000000 ) ;
#2995 = ORIENTED_EDGE ( 'NONE', *, *, #4233, .F. ) ;
#2996 = DIRECTION ( 'NONE',  ( -0.000000000000000000, -1.000000000000000000, 0.000000000000000000 ) ) ;
#2997 = UNCERTAINTY_MEASURE_WITH_UNIT (LENGTH_MEASURE( 1.000000000000000082E-05 ), #788, 'distance_accuracy_value', 'NONE');
#2998 = EDGE_CURVE ( 'NONE', #4277, #3739, #908, .T. ) ;
#2999 = UNCERTAINTY_MEASURE_WITH_UNIT (LENGTH_MEASURE( 1.000000000000000082E-05 ), #820, 'distance_accuracy_value', 'NONE');
#3000 = PRESENTATION_STYLE_ASSIGNMENT (( #2956 ) ) ;
#3001 = DIRECTION ( 'NONE',  ( 0.000000000000000000, 0.000000000000000000, -1.000000000000000000 ) ) ;
#3002 = ORIENTED_EDGE ( 'NONE', *, *, #2276, .F. ) ;
#3003 = ORIENTED_EDGE ( 'NONE', *, *, #483, .T. ) ;
#3004 = DIRECTION ( 'NONE',  ( 0.000000000000000000, 0.000000000000000000, -1.000000000000000000 ) ) ;
#3005 = ADVANCED_FACE ( 'NONE', ( #1598 ), #1637, .T. ) ;
#3006 = VECTOR ( 'NONE', #2057, 1000.000000000000000 ) ;
#3007 = EDGE_CURVE ( 'NONE', #771, #1814, #2308, .T. ) ;
#3008 = CARTESIAN_POINT ( 'NONE',  ( -0.9700000000000000844, 0.2000000000000000111, 2.609419897744087001E-16 ) ) ;
#3009 =( NAMED_UNIT ( * ) SI_UNIT ( $, .STERADIAN. ) SOLID_ANGLE_UNIT ( ) );
#3010 = PRESENTATION_LAYER_ASSIGNMENT (  '', '', ( #3297 ) ) ;
#3011 = FILL_AREA_STYLE_COLOUR ( '', #3786 ) ;
#3012 =( LENGTH_UNIT ( ) NAMED_UNIT ( * ) SI_UNIT ( .MILLI., .METRE. ) );
#3013 = EDGE_CURVE ( 'NONE', #4295, #705, #3036, .T. ) ;
#3014 = DIRECTION ( 'NONE',  ( -0.000000000000000000, -1.000000000000000000, 0.000000000000000000 ) ) ;
#3015 =( LENGTH_UNIT ( ) NAMED_UNIT ( * ) SI_UNIT ( .MILLI., .METRE. ) );
#3016 = STYLED_ITEM ( 'NONE', ( #4288 ), #1636 ) ;
#3017 = DIRECTION ( 'NONE',  ( 0.000000000000000000, 1.000000000000000000, -0.000000000000000000 ) ) ;
#3018 = AXIS2_PLACEMENT_3D ( 'NONE', #1425, #2052, #2775 ) ;
#3019 = LINE ( 'NONE', #626, #680 ) ;
#3020 = ADVANCED_FACE ( 'NONE', ( #340 ), #296, .F. ) ;
#3021 = EDGE_LOOP ( 'NONE', ( #1960, #2163, #2895, #2138 ) ) ;
#3022 = SURFACE_SIDE_STYLE ('',( #1339 ) ) ;
#3023 = VECTOR ( 'NONE', #636, 1000.000000000000000 ) ;
#3024 =( LENGTH_UNIT ( ) NAMED_UNIT ( * ) SI_UNIT ( .MILLI., .METRE. ) );
#3025 = VERTEX_POINT ( 'NONE', #4446 ) ;
#3026 = COLOUR_RGB ( '',1.000000000000000000, 0.7843137254901960675, 0.000000000000000000 ) ;
#3027 = EDGE_LOOP ( 'NONE', ( #2799, #126, #657, #1952 ) ) ;
#3028 = CARTESIAN_POINT ( 'NONE',  ( -0.3500000000000002554, 0.000000000000000000, -0.7700000000000000178 ) ) ;
#3029 = EDGE_CURVE ( 'NONE', #841, #1029, #1350, .T. ) ;
#3030 = DIRECTION ( 'NONE',  ( 0.000000000000000000, 0.000000000000000000, 1.000000000000000000 ) ) ;
#3031 = DIRECTION ( 'NONE',  ( -0.000000000000000000, 1.000000000000000000, -0.000000000000000000 ) ) ;
#3032 = CARTESIAN_POINT ( 'NONE',  ( -1.000000000000000222, 0.000000000000000000, 0.8000000000000001554 ) ) ;
#3033 = EDGE_CURVE ( 'NONE', #3209, #579, #3769, .T. ) ;
#3034 = DIRECTION ( 'NONE',  ( 0.000000000000000000, -1.000000000000000000, 0.000000000000000000 ) ) ;
#3035 = VECTOR ( 'NONE', #3086, 1000.000000000000000 ) ;
#3036 = CIRCLE ( 'NONE', #1525, 0.1000000000000000472 ) ;
#3037 = AXIS2_PLACEMENT_3D ( 'NONE', #2257, #1882, #499 ) ;
#3038 = VECTOR ( 'NONE', #1787, 1000.000000000000000 ) ;
#3039 = ORIENTED_EDGE ( 'NONE', *, *, #2923, .F. ) ;
#3040 = DIRECTION ( 'NONE',  ( -0.000000000000000000, -0.000000000000000000, 1.000000000000000000 ) ) ;
#3041 = STYLED_ITEM ( 'NONE', ( #906 ), #3590 ) ;
#3042 = SURFACE_STYLE_USAGE ( .BOTH. , #1027 ) ;
#3043 = FACE_OUTER_BOUND ( 'NONE', #4024, .T. ) ;
#3044 = LINE ( 'NONE', #4414, #2887 ) ;
#3045 = CYLINDRICAL_SURFACE ( 'NONE', #1126, 0.1000000000000001582 ) ;
#3046 = ORIENTED_EDGE ( 'NONE', *, *, #4386, .T. ) ;
#3047 = VERTEX_POINT ( 'NONE', #318 ) ;
#3048 = LINE ( 'NONE', #654, #421 ) ;
#3049 =( GEOMETRIC_REPRESENTATION_CONTEXT ( 3 ) GLOBAL_UNCERTAINTY_ASSIGNED_CONTEXT ( ( #1220 ) ) GLOBAL_UNIT_ASSIGNED_CONTEXT ( ( #3284, #1215, #3599 ) ) REPRESENTATION_CONTEXT ( 'NONE', 'WORKASPACE' ) );
#3050 = AXIS2_PLACEMENT_3D ( 'NONE', #1346, #315, #2637 ) ;
#3051 = CARTESIAN_POINT ( 'NONE',  ( -0.9700000000000000844, 0.2000000000000000111, -2.609419897744087001E-16 ) ) ;
#3052 = ORIENTED_EDGE ( 'NONE', *, *, #72, .T. ) ;
#3053 = SURFACE_STYLE_FILL_AREA ( #2300 ) ;
#3054 = PRESENTATION_LAYER_ASSIGNMENT (  '', '', ( #4267 ) ) ;
#3055 = CARTESIAN_POINT ( 'NONE',  ( -0.3500000000000002554, 0.2000000000000000111, -0.7700000000000000178 ) ) ;
#3056 =( NAMED_UNIT ( * ) SI_UNIT ( $, .STERADIAN. ) SOLID_ANGLE_UNIT ( ) );
#3057 =( LENGTH_UNIT ( ) NAMED_UNIT ( * ) SI_UNIT ( .MILLI., .METRE. ) );
#3058 = DIRECTION ( 'NONE',  ( -1.000000000000000000, 0.000000000000000000, 0.000000000000000000 ) ) ;
#3059 = FILL_AREA_STYLE ('',( #4375 ) ) ;
#3060 = VERTEX_POINT ( 'NONE', #3430 ) ;
#3061 = DIRECTION ( 'NONE',  ( 0.000000000000000000, 0.000000000000000000, -1.000000000000000000 ) ) ;
#3062 =( NAMED_UNIT ( * ) PLANE_ANGLE_UNIT ( ) SI_UNIT ( $, .RADIAN. ) );
#3063 = DIRECTION ( 'NONE',  ( -0.000000000000000000, 1.000000000000000000, -0.000000000000000000 ) ) ;
#3064 = ORIENTED_EDGE ( 'NONE', *, *, #3231, .F. ) ;
#3065 = VERTEX_POINT ( 'NONE', #2043 ) ;
#3066 = CARTESIAN_POINT ( 'NONE',  ( -0.9700000000000000844, 0.2000000000000000111, 2.609419897744087001E-16 ) ) ;
#3067 = DIRECTION ( 'NONE',  ( 0.000000000000000000, 0.000000000000000000, 1.000000000000000000 ) ) ;
#3068 = DIRECTION ( 'NONE',  ( 0.000000000000000000, 0.000000000000000000, 1.000000000000000000 ) ) ;
#3069 = VECTOR ( 'NONE', #2127, 1000.000000000000000 ) ;
#3070 = ADVANCED_FACE ( 'NONE', ( #3408 ), #1703, .F. ) ;
#3071 = DIRECTION ( 'NONE',  ( -0.000000000000000000, 1.000000000000000000, 0.000000000000000000 ) ) ;
#3072 = VECTOR ( 'NONE', #3266, 1000.000000000000000 ) ;
#3073 = ORIENTED_EDGE ( 'NONE', *, *, #1265, .T. ) ;
#3074 = CARTESIAN_POINT ( 'NONE',  ( 0.000000000000000000, 0.2000000000000000111, -0.2500000000000001110 ) ) ;
#3075 = EDGE_CURVE ( 'NONE', #3273, #867, #390, .T. ) ;
#3076 = DIRECTION ( 'NONE',  ( 0.000000000000000000, 0.000000000000000000, 1.000000000000000000 ) ) ;
#3077 = PLANE ( 'NONE',  #3364 ) ;
#3078 = ORIENTED_EDGE ( 'NONE', *, *, #3791, .T. ) ;
#3079 = DIRECTION ( 'NONE',  ( 1.000000000000000000, 0.000000000000000000, -0.000000000000000000 ) ) ;
#3080 = MECHANICAL_DESIGN_GEOMETRIC_PRESENTATION_REPRESENTATION (  '', ( #581 ), #4232 ) ;
#3081 = CARTESIAN_POINT ( 'NONE',  ( 1.000000000000000222, 0.000000000000000000, 0.8000000000000001554 ) ) ;
#3082 = VECTOR ( 'NONE', #1407, 1000.000000000000000 ) ;
#3083 = CARTESIAN_POINT ( 'NONE',  ( 0.000000000000000000, 0.2000000000000000111, -0.7900000000000001465 ) ) ;
#3084 = CARTESIAN_POINT ( 'NONE',  ( -0.3500000000000003109, 0.2000000000000000111, 3.648757311249297561E-17 ) ) ;
#3085 = AXIS2_PLACEMENT_3D ( 'NONE', #1227, #2262, #3913 ) ;
#3086 = DIRECTION ( 'NONE',  ( 0.000000000000000000, 0.000000000000000000, -1.000000000000000000 ) ) ;
#3087 = DIRECTION ( 'NONE',  ( 1.000000000000000000, 0.000000000000000000, 0.000000000000000000 ) ) ;
#3088 = EDGE_LOOP ( 'NONE', ( #1415, #3064, #562, #990 ) ) ;
#3089 = ORIENTED_EDGE ( 'NONE', *, *, #400, .T. ) ;
#3090 = CARTESIAN_POINT ( 'NONE',  ( 0.8500000000000001998, 0.4500000000000000111, 0.6500000000000001332 ) ) ;
#3091 =( GEOMETRIC_REPRESENTATION_CONTEXT ( 3 ) GLOBAL_UNCERTAINTY_ASSIGNED_CONTEXT ( ( #698 ) ) GLOBAL_UNIT_ASSIGNED_CONTEXT ( ( #3717, #1586, #1672 ) ) REPRESENTATION_CONTEXT ( 'NONE', 'WORKASPACE' ) );
#3092 = DIRECTION ( 'NONE',  ( -0.000000000000000000, -1.000000000000000000, -0.000000000000000000 ) ) ;
#3093 = CARTESIAN_POINT ( 'NONE',  ( -0.9900000000000002132, 0.000000000000000000, -0.7005012562893380146 ) ) ;
#3094 = UNCERTAINTY_MEASURE_WITH_UNIT (LENGTH_MEASURE( 1.000000000000000082E-05 ), #3579, 'distance_accuracy_value', 'NONE');
#3095 = LINE ( 'NONE', #54, #623 ) ;
#3096 = DIRECTION ( 'NONE',  ( 0.000000000000000000, 0.000000000000000000, -1.000000000000000000 ) ) ;
#3097 = CARTESIAN_POINT ( 'NONE',  ( 0.8500000000000001998, 0.3499999999999999778, 0.5500000000000001554 ) ) ;
#3098 = EDGE_CURVE ( 'NONE', #3625, #234, #2662, .T. ) ;
#3099 = VECTOR ( 'NONE', #418, 1000.000000000000000 ) ;
#3100 = CARTESIAN_POINT ( 'NONE',  ( -1.000000000000000222, 0.000000000000000000, -0.8000000000000001554 ) ) ;
#3101 = DIRECTION ( 'NONE',  ( 1.000000000000000000, 0.000000000000000000, 0.000000000000000000 ) ) ;
#3102 = ORIENTED_EDGE ( 'NONE', *, *, #1014, .F. ) ;
#3103 = DIRECTION ( 'NONE',  ( 0.000000000000000000, 0.000000000000000000, -1.000000000000000000 ) ) ;
#3104 = CARTESIAN_POINT ( 'NONE',  ( -0.000000000000000000, 0.2000000000000000111, -0.2500000000000001110 ) ) ;
#3105 = CARTESIAN_POINT ( 'NONE',  ( 1.000000000000000222, 0.000000000000000000, 0.8000000000000001554 ) ) ;
#3106 = COLOUR_RGB ( '',1.000000000000000000, 0.7843137254901960675, 0.000000000000000000 ) ;
#3107 = CARTESIAN_POINT ( 'NONE',  ( -0.9700000000000001954, 0.000000000000000000, -0.2500000000000001110 ) ) ;
#3108 = LINE ( 'NONE', #1401, #1660 ) ;
#3109 = ORIENTED_EDGE ( 'NONE', *, *, #1728, .T. ) ;
#3110 = AXIS2_PLACEMENT_3D ( 'NONE', #894, #831, #3650 ) ;
#3111 = UNCERTAINTY_MEASURE_WITH_UNIT (LENGTH_MEASURE( 1.000000000000000082E-05 ), #1625, 'distance_accuracy_value', 'NONE');
#3112 = VECTOR ( 'NONE', #757, 1000.000000000000000 ) ;
#3113 = ORIENTED_EDGE ( 'NONE', *, *, #3655, .T. ) ;
#3114 = DIRECTION ( 'NONE',  ( -1.000000000000000000, 0.000000000000000000, 0.000000000000000000 ) ) ;
#3115 = LINE ( 'NONE', #741, #3449 ) ;
#3116 = CARTESIAN_POINT ( 'NONE',  ( 0.9900000000000002132, 0.2000000000000000111, -0.7005012562893380146 ) ) ;
#3117 = DIRECTION ( 'NONE',  ( 0.000000000000000000, 0.000000000000000000, 1.000000000000000000 ) ) ;
#3118 = VECTOR ( 'NONE', #3348, 1000.000000000000000 ) ;
#3119 = DIRECTION ( 'NONE',  ( 0.000000000000000000, 0.000000000000000000, 1.000000000000000000 ) ) ;
#3120 = VECTOR ( 'NONE', #1098, 1000.000000000000000 ) ;
#3121 = DIRECTION ( 'NONE',  ( -0.000000000000000000, -1.000000000000000000, 0.000000000000000000 ) ) ;
#3122 = UNCERTAINTY_MEASURE_WITH_UNIT (LENGTH_MEASURE( 1.000000000000000082E-05 ), #693, 'distance_accuracy_value', 'NONE');
#3123 = SURFACE_STYLE_FILL_AREA ( #2112 ) ;
#3124 = LINE ( 'NONE', #2734, #2962 ) ;
#3125 = EDGE_CURVE ( 'NONE', #3990, #1639, #3124, .T. ) ;
#3126 = ORIENTED_EDGE ( 'NONE', *, *, #159, .T. ) ;
#3127 =( NAMED_UNIT ( * ) SI_UNIT ( $, .STERADIAN. ) SOLID_ANGLE_UNIT ( ) );
#3128 = CARTESIAN_POINT ( 'NONE',  ( 0.000000000000000000, 0.2000000000000000111, -0.2500000000000001110 ) ) ;
#3129 = FILL_AREA_STYLE_COLOUR ( '', #4248 ) ;
#3130 = DIRECTION ( 'NONE',  ( 0.000000000000000000, 0.000000000000000000, 1.000000000000000000 ) ) ;
#3131 = ORIENTED_EDGE ( 'NONE', *, *, #1067, .F. ) ;
#3132 = ORIENTED_EDGE ( 'NONE', *, *, #2380, .F. ) ;
#3133 = DIRECTION ( 'NONE',  ( -0.000000000000000000, 1.000000000000000000, 0.000000000000000000 ) ) ;
#3134 = DIRECTION ( 'NONE',  ( -0.000000000000000000, 1.000000000000000000, 0.000000000000000000 ) ) ;
#3135 = COLOUR_RGB ( '',1.000000000000000000, 0.7843137254901960675, 0.000000000000000000 ) ;
#3136 = EDGE_CURVE ( 'NONE', #911, #1836, #1368, .T. ) ;
#3137 = DIRECTION ( 'NONE',  ( -1.000000000000000000, 0.000000000000000000, 0.000000000000000000 ) ) ;
#3138 = ORIENTED_EDGE ( 'NONE', *, *, #4069, .F. ) ;
#3139 = FACE_OUTER_BOUND ( 'NONE', #1509, .T. ) ;
#3140 = PRESENTATION_STYLE_ASSIGNMENT (( #15 ) ) ;
#3141 = STYLED_ITEM ( 'NONE', ( #3260 ), #287 ) ;
#3142 = DIRECTION ( 'NONE',  ( 0.000000000000000000, -1.000000000000000000, 0.000000000000000000 ) ) ;
#3143 = CARTESIAN_POINT ( 'NONE',  ( 0.000000000000000000, 0.2000000000000000111, -0.7900000000000001465 ) ) ;
#3144 = EDGE_LOOP ( 'NONE', ( #45, #1947, #3971, #2929, #2070, #2267, #2044, #2957 ) ) ;
#3145 = SURFACE_SIDE_STYLE ('',( #1779 ) ) ;
#3146 = DIRECTION ( 'NONE',  ( 1.000000000000000000, 0.000000000000000000, -6.377659838150026227E-17 ) ) ;
#3147 = EDGE_CURVE ( 'NONE', #2488, #3531, #4108, .T. ) ;
#3148 = MECHANICAL_DESIGN_GEOMETRIC_PRESENTATION_REPRESENTATION (  '', ( #3239 ), #1510 ) ;
#3149 = CARTESIAN_POINT ( 'NONE',  ( 0.3500000000000002554, 0.2000000000000000111, -0.7700000000000000178 ) ) ;
#3150 = CARTESIAN_POINT ( 'NONE',  ( 1.000000000000000222, 0.2000000000000000111, 0.8000000000000001554 ) ) ;
#3151 = ORIENTED_EDGE ( 'NONE', *, *, #47, .T. ) ;
#3152 = VERTEX_POINT ( 'NONE', #362 ) ;
#3153 = EDGE_CURVE ( 'NONE', #81, #3047, #1726, .T. ) ;
#3154 = VECTOR ( 'NONE', #3031, 1000.000000000000000 ) ;
#3155 = MECHANICAL_DESIGN_GEOMETRIC_PRESENTATION_REPRESENTATION (  '', ( #1942 ), #1016 ) ;
#3156 = ADVANCED_FACE ( 'NONE', ( #644 ), #4405, .T. ) ;
#3157 = PLANE ( 'NONE',  #305 ) ;
#3158 = VERTEX_POINT ( 'NONE', #2834 ) ;
#3159 = PLANE ( 'NONE',  #3223 ) ;
#3160 = DIRECTION ( 'NONE',  ( -0.000000000000000000, 1.000000000000000000, 0.000000000000000000 ) ) ;
#3161 = MECHANICAL_DESIGN_GEOMETRIC_PRESENTATION_REPRESENTATION (  '', ( #4450 ), #4016 ) ;
#3162 = CARTESIAN_POINT ( 'NONE',  ( 0.9900000000000002132, 0.2000000000000000111, 0.6503337045290422669 ) ) ;
#3163 = ORIENTED_EDGE ( 'NONE', *, *, #4096, .F. ) ;
#3164 =( NAMED_UNIT ( * ) SI_UNIT ( $, .STERADIAN. ) SOLID_ANGLE_UNIT ( ) );
#3165 = CYLINDRICAL_SURFACE ( 'NONE', #2275, 0.1000000000000000472 ) ;
#3166 = ORIENTED_EDGE ( 'NONE', *, *, #1998, .F. ) ;
#3167 = VECTOR ( 'NONE', #3404, 1000.000000000000000 ) ;
#3168 = LINE ( 'NONE', #730, #60 ) ;
#3169 = DIRECTION ( 'NONE',  ( 1.000000000000000000, 0.000000000000000000, -6.377659838150026227E-17 ) ) ;
#3170 = DIRECTION ( 'NONE',  ( 0.000000000000000000, 0.000000000000000000, 1.000000000000000000 ) ) ;
#3171 = STYLED_ITEM ( 'NONE', ( #2629 ), #2648 ) ;
#3172 = LINE ( 'NONE', #3128, #3112 ) ;
#3173 = PRESENTATION_STYLE_ASSIGNMENT (( #1142 ) ) ;
#3174 = PRESENTATION_STYLE_ASSIGNMENT (( #116 ) ) ;
#3175 = VERTEX_POINT ( 'NONE', #1776 ) ;
#3176 = ORIENTED_EDGE ( 'NONE', *, *, #4276, .T. ) ;
#3177 = PRESENTATION_STYLE_ASSIGNMENT (( #1078 ) ) ;
#3178 = COLOUR_RGB ( '',0.2509803921568627416, 0.2509803921568627416, 0.2509803921568627416 ) ;
#3179 = VECTOR ( 'NONE', #1252, 1000.000000000000000 ) ;
#3180 = CARTESIAN_POINT ( 'NONE',  ( 1.000000000000000222, 0.000000000000000000, 0.8000000000000001554 ) ) ;
#3181 = ORIENTED_EDGE ( 'NONE', *, *, #1020, .F. ) ;
#3182 =( GEOMETRIC_REPRESENTATION_CONTEXT ( 3 ) GLOBAL_UNCERTAINTY_ASSIGNED_CONTEXT ( ( #3765 ) ) GLOBAL_UNIT_ASSIGNED_CONTEXT ( ( #2845, #1423, #1443 ) ) REPRESENTATION_CONTEXT ( 'NONE', 'WORKASPACE' ) );
#3183 = CARTESIAN_POINT ( 'NONE',  ( 0.000000000000000000, 0.2500000000000000000, 0.000000000000000000 ) ) ;
#3184 = PRESENTATION_LAYER_ASSIGNMENT (  '', '', ( #88 ) ) ;
#3185 = CARTESIAN_POINT ( 'NONE',  ( 0.000000000000000000, 0.2000000000000000111, -0.7900000000000001465 ) ) ;
#3186 = LINE ( 'NONE', #1790, #4395 ) ;
#3187 = EDGE_CURVE ( 'NONE', #4421, #911, #4207, .T. ) ;
#3188 = VECTOR ( 'NONE', #3204, 1000.000000000000000 ) ;
#3189 = DIRECTION ( 'NONE',  ( 0.000000000000000000, 0.000000000000000000, 1.000000000000000000 ) ) ;
#3190 = VERTEX_POINT ( 'NONE', #1414 ) ;
#3191 = PRESENTATION_STYLE_ASSIGNMENT (( #1087 ) ) ;
#3192 = MECHANICAL_DESIGN_GEOMETRIC_PRESENTATION_REPRESENTATION (  '', ( #3905 ), #1263 ) ;
#3193 = CARTESIAN_POINT ( 'NONE',  ( -0.8000000000000000444, 0.3499999999999999778, -0.6000000000000001998 ) ) ;
#3194 =( NAMED_UNIT ( * ) SI_UNIT ( $, .STERADIAN. ) SOLID_ANGLE_UNIT ( ) );
#3195 = AXIS2_PLACEMENT_3D ( 'NONE', #2282, #552, #3892 ) ;
#3196 = COLOUR_RGB ( '',1.000000000000000000, 0.7843137254901960675, 0.000000000000000000 ) ;
#3197 = ADVANCED_FACE ( 'NONE', ( #2783 ), #2115, .F. ) ;
#3198 = SURFACE_SIDE_STYLE ('',( #3522 ) ) ;
#3199 = CARTESIAN_POINT ( 'NONE',  ( -0.8503337045290424445, 0.2000000000000000111, -0.7900000000000002576 ) ) ;
#3200 = VECTOR ( 'NONE', #2798, 1000.000000000000000 ) ;
#3201 = VERTEX_POINT ( 'NONE', #2530 ) ;
#3202 = DIRECTION ( 'NONE',  ( 0.000000000000000000, 0.000000000000000000, -1.000000000000000000 ) ) ;
#3203 = PRODUCT_CONTEXT ( 'NONE', #810, 'mechanical' ) ;
#3204 = DIRECTION ( 'NONE',  ( 0.000000000000000000, -1.000000000000000000, 0.000000000000000000 ) ) ;
#3205 = EDGE_CURVE ( 'NONE', #3575, #3735, #1323, .T. ) ;
#3206 = DIRECTION ( 'NONE',  ( 1.000000000000000000, 0.000000000000000000, -2.690123605921739456E-16 ) ) ;
#3207 = DIRECTION ( 'NONE',  ( 0.000000000000000000, -1.000000000000000000, 0.000000000000000000 ) ) ;
#3208 = ORIENTED_EDGE ( 'NONE', *, *, #467, .F. ) ;
#3209 = VERTEX_POINT ( 'NONE', #3476 ) ;
#3210 = ORIENTED_EDGE ( 'NONE', *, *, #1418, .F. ) ;
#3211 =( LENGTH_UNIT ( ) NAMED_UNIT ( * ) SI_UNIT ( .MILLI., .METRE. ) );
#3212 = SURFACE_STYLE_FILL_AREA ( #2564 ) ;
#3213 = LINE ( 'NONE', #175, #368 ) ;
#3214 = EDGE_CURVE ( 'NONE', #2000, #2828, #2855, .T. ) ;
#3215 = ORIENTED_EDGE ( 'NONE', *, *, #1151, .F. ) ;
#3216 = ORIENTED_EDGE ( 'NONE', *, *, #2568, .T. ) ;
#3217 = PRESENTATION_LAYER_ASSIGNMENT (  '', '', ( #46 ) ) ;
#3218 = FILL_AREA_STYLE_COLOUR ( '', #1002 ) ;
#3219 = DIRECTION ( 'NONE',  ( 0.000000000000000000, 0.000000000000000000, 1.000000000000000000 ) ) ;
#3220 = DIRECTION ( 'NONE',  ( -1.000000000000000000, 0.000000000000000000, 0.000000000000000000 ) ) ;
#3221 = FILL_AREA_STYLE_COLOUR ( '', #4323 ) ;
#3222 = VERTEX_POINT ( 'NONE', #4224 ) ;
#3223 = AXIS2_PLACEMENT_3D ( 'NONE', #1516, #871, #847 ) ;
#3224 = UNCERTAINTY_MEASURE_WITH_UNIT (LENGTH_MEASURE( 1.000000000000000082E-05 ), #667, 'distance_accuracy_value', 'NONE');
#3225 = EDGE_CURVE ( 'NONE', #4119, #4221, #793, .T. ) ;
#3226 = SURFACE_STYLE_FILL_AREA ( #3955 ) ;
#3227 = DIRECTION ( 'NONE',  ( -0.000000000000000000, 1.000000000000000000, 0.000000000000000000 ) ) ;
#3228 = DIRECTION ( 'NONE',  ( 0.000000000000000000, 0.000000000000000000, -1.000000000000000000 ) ) ;
#3229 = ORIENTED_EDGE ( 'NONE', *, *, #1082, .F. ) ;
#3230 = VECTOR ( 'NONE', #593, 1000.000000000000000 ) ;
#3231 = EDGE_CURVE ( 'NONE', #3575, #4326, #2198, .T. ) ;
#3232 = ORIENTED_EDGE ( 'NONE', *, *, #1059, .F. ) ;
#3233 = SURFACE_STYLE_USAGE ( .BOTH. , #1851 ) ;
#3234 = CARTESIAN_POINT ( 'NONE',  ( 0.3500000000000003109, 0.000000000000000000, 3.648757311249297561E-17 ) ) ;
#3235 = ADVANCED_FACE ( 'NONE', ( #506 ), #62, .T. ) ;
#3236 = EDGE_LOOP ( 'NONE', ( #3301, #4213, #1943, #4317 ) ) ;
#3237 = SURFACE_STYLE_FILL_AREA ( #2516 ) ;
#3238 = FACE_OUTER_BOUND ( 'NONE', #2763, .T. ) ;
#3239 = STYLED_ITEM ( 'NONE', ( #4340 ), #982 ) ;
#3240 = CIRCLE ( 'NONE', #862, 0.1500000000000001887 ) ;
#3241 = CLOSED_SHELL ( 'NONE', ( #3366, #1438, #4110, #3005, #314, #3988, #1628, #594, #2648, #2200, #474 ) ) ;
#3242 = DIRECTION ( 'NONE',  ( 0.000000000000000000, -1.000000000000000000, 0.000000000000000000 ) ) ;
#3243 = VERTEX_POINT ( 'NONE', #1551 ) ;
#3244 = CARTESIAN_POINT ( 'NONE',  ( 0.9700000000000000844, 0.2000000000000000111, 2.609419897744087001E-16 ) ) ;
#3245 = SURFACE_STYLE_USAGE ( .BOTH. , #1863 ) ;
#3246 =( NAMED_UNIT ( * ) SI_UNIT ( $, .STERADIAN. ) SOLID_ANGLE_UNIT ( ) );
#3247 =( LENGTH_UNIT ( ) NAMED_UNIT ( * ) SI_UNIT ( .MILLI., .METRE. ) );
#3248 = DIRECTION ( 'NONE',  ( 0.000000000000000000, -1.000000000000000000, 0.000000000000000000 ) ) ;
#3249 = VERTEX_POINT ( 'NONE', #3952 ) ;
#3250 = EDGE_CURVE ( 'NONE', #1529, #2680, #2638, .T. ) ;
#3251 = SURFACE_STYLE_USAGE ( .BOTH. , #2506 ) ;
#3252 = CARTESIAN_POINT ( 'NONE',  ( 0.8530306154330092872, 0.000000000000000000, -0.7700000000000000178 ) ) ;
#3253 = DIRECTION ( 'NONE',  ( 1.000000000000000000, 0.000000000000000000, 0.000000000000000000 ) ) ;
#3254 = ORIENTED_EDGE ( 'NONE', *, *, #1573, .F. ) ;
#3255 = EDGE_LOOP ( 'NONE', ( #4363, #3623, #2294, #830 ) ) ;
#3256 = VECTOR ( 'NONE', #869, 1000.000000000000000 ) ;
#3257 = EDGE_CURVE ( 'NONE', #1552, #3295, #1226, .T. ) ;
#3258 = PLANE ( 'NONE',  #1030 ) ;
#3259 = VERTEX_POINT ( 'NONE', #2221 ) ;
#3260 = PRESENTATION_STYLE_ASSIGNMENT (( #2848 ) ) ;
#3261 = COLOUR_RGB ( '',1.000000000000000000, 0.7843137254901960675, 0.000000000000000000 ) ;
#3262 = ADVANCED_FACE ( 'NONE', ( #4307 ), #3271, .F. ) ;
#3263 = DIRECTION ( 'NONE',  ( 0.000000000000000000, 0.000000000000000000, -1.000000000000000000 ) ) ;
#3264 = ORIENTED_EDGE ( 'NONE', *, *, #1736, .F. ) ;
#3265 = ORIENTED_EDGE ( 'NONE', *, *, #3013, .F. ) ;
#3266 = DIRECTION ( 'NONE',  ( 2.690123605921739456E-16, 0.000000000000000000, -1.000000000000000000 ) ) ;
#3267 = VECTOR ( 'NONE', #66, 1000.000000000000000 ) ;
#3268 = CARTESIAN_POINT ( 'NONE',  ( 0.8500000000000001998, 0.4500000000000000111, -0.6500000000000000222 ) ) ;
#3269 = FILL_AREA_STYLE_COLOUR ( '', #2384 ) ;
#3270 = COLOUR_RGB ( '',0.7529411764705882248, 0.7529411764705882248, 0.7529411764705882248 ) ;
#3271 = PLANE ( 'NONE',  #3969 ) ;
#3272 = DIRECTION ( 'NONE',  ( -0.000000000000000000, 1.000000000000000000, -0.000000000000000000 ) ) ;
#3273 = VERTEX_POINT ( 'NONE', #3587 ) ;
#3274 = MECHANICAL_DESIGN_GEOMETRIC_PRESENTATION_REPRESENTATION (  '', ( #4334 ), #3909 ) ;
#3275 = DIRECTION ( 'NONE',  ( -0.000000000000000000, 1.000000000000000000, 0.000000000000000000 ) ) ;
#3276 = DIRECTION ( 'NONE',  ( 0.000000000000000000, -1.000000000000000000, 0.000000000000000000 ) ) ;
#3277 = CARTESIAN_POINT ( 'NONE',  ( -0.9000000000000001332, 0.000000000000000000, 0.7999999999999999334 ) ) ;
#3278 = VERTEX_POINT ( 'NONE', #2242 ) ;
#3279 = STYLED_ITEM ( 'NONE', ( #3174 ), #1438 ) ;
#3280 = VECTOR ( 'NONE', #34, 1000.000000000000000 ) ;
#3281 = ORIENTED_EDGE ( 'NONE', *, *, #4360, .T. ) ;
#3282 = ADVANCED_FACE ( 'NONE', ( #1248 ), #203, .F. ) ;
#3283 = CARTESIAN_POINT ( 'NONE',  ( -0.9900000000000002132, 0.2000000000000000111, -0.7005012562893380146 ) ) ;
#3284 =( LENGTH_UNIT ( ) NAMED_UNIT ( * ) SI_UNIT ( .MILLI., .METRE. ) );
#3285 = ORIENTED_EDGE ( 'NONE', *, *, #2339, .T. ) ;
#3286 = FILL_AREA_STYLE_COLOUR ( '', #1996 ) ;
#3287 = DIRECTION ( 'NONE',  ( 0.000000000000000000, -1.000000000000000000, 0.000000000000000000 ) ) ;
#3288 = ORIENTED_EDGE ( 'NONE', *, *, #940, .F. ) ;
#3289 = ORIENTED_EDGE ( 'NONE', *, *, #1569, .T. ) ;
#3290 =( NAMED_UNIT ( * ) PLANE_ANGLE_UNIT ( ) SI_UNIT ( $, .RADIAN. ) );
#3291 = LINE ( 'NONE', #1204, #3973 ) ;
#3292 = PLANE ( 'NONE',  #3085 ) ;
#3293 = CARTESIAN_POINT ( 'NONE',  ( -0.9900000000000002132, 0.000000000000000000, 0.6503337045290422669 ) ) ;
#3294 = SURFACE_SIDE_STYLE ('',( #577 ) ) ;
#3295 = VERTEX_POINT ( 'NONE', #3635 ) ;
#3296 = ORIENTED_EDGE ( 'NONE', *, *, #3147, .F. ) ;
#3297 = STYLED_ITEM ( 'NONE', ( #290 ), #474 ) ;
#3298 = LINE ( 'NONE', #2271, #3618 ) ;
#3299 = ORIENTED_EDGE ( 'NONE', *, *, #3326, .T. ) ;
#3300 = ADVANCED_FACE ( 'NONE', ( #598 ), #2284, .T. ) ;
#3301 = ORIENTED_EDGE ( 'NONE', *, *, #2678, .F. ) ;
#3302 = LINE ( 'NONE', #1906, #612 ) ;
#3303 = VERTEX_POINT ( 'NONE', #1717 ) ;
#3304 = CARTESIAN_POINT ( 'NONE',  ( 0.7500000000000001110, 0.4500000000000000111, -0.5499999999999999334 ) ) ;
#3305 = LINE ( 'NONE', #2484, #550 ) ;
#3306 = COLOUR_RGB ( '',1.000000000000000000, 0.7843137254901960675, 0.000000000000000000 ) ;
#3307 = CARTESIAN_POINT ( 'NONE',  ( -0.9700000000000001954, 0.000000000000000000, 0.2500000000000001110 ) ) ;
#3308 =( NAMED_UNIT ( * ) SI_UNIT ( $, .STERADIAN. ) SOLID_ANGLE_UNIT ( ) );
#3309 = ADVANCED_FACE ( 'NONE', ( #3856 ), #1382, .T. ) ;
#3310 = LINE ( 'NONE', #925, #2035 ) ;
#3311 = AXIS2_PLACEMENT_3D ( 'NONE', #3859, #3287, #1221 ) ;
#3312 = FILL_AREA_STYLE ('',( #2227 ) ) ;
#3313 = VERTEX_POINT ( 'NONE', #2076 ) ;
#3314 = VERTEX_POINT ( 'NONE', #3399 ) ;
#3315 = AXIS2_PLACEMENT_3D ( 'NONE', #1699, #1312, #4013 ) ;
#3316 = UNCERTAINTY_MEASURE_WITH_UNIT (LENGTH_MEASURE( 1.000000000000000082E-05 ), #146, 'distance_accuracy_value', 'NONE');
#3317 = FACE_OUTER_BOUND ( 'NONE', #983, .T. ) ;
#3318 = CARTESIAN_POINT ( 'NONE',  ( 0.9700000000000003064, 0.000000000000000000, 0.6530306154330092205 ) ) ;
#3319 = ORIENTED_EDGE ( 'NONE', *, *, #3780, .T. ) ;
#3320 = EDGE_LOOP ( 'NONE', ( #3879, #398, #74, #1905 ) ) ;
#3321 = PRESENTATION_LAYER_ASSIGNMENT (  '', '', ( #11 ) ) ;
#3322 = SURFACE_SIDE_STYLE ('',( #2277 ) ) ;
#3323 = COLOUR_RGB ( '',1.000000000000000000, 0.7843137254901960675, 0.000000000000000000 ) ;
#3324 = ORIENTED_EDGE ( 'NONE', *, *, #3147, .T. ) ;
#3325 = DIRECTION ( 'NONE',  ( 0.000000000000000000, -1.000000000000000000, 0.000000000000000000 ) ) ;
#3326 = EDGE_CURVE ( 'NONE', #1688, #1222, #2368, .T. ) ;
#3327 = CARTESIAN_POINT ( 'NONE',  ( -0.9999999999999997780, 0.2500000000000000000, 0.7999999999999999334 ) ) ;
#3328 = SURFACE_STYLE_USAGE ( .BOTH. , #1955 ) ;
#3329 = VECTOR ( 'NONE', #2575, 1000.000000000000000 ) ;
#3330 = CIRCLE ( 'NONE', #1388, 0.1000000000000000472 ) ;
#3331 = EDGE_CURVE ( 'NONE', #1296, #4221, #50, .T. ) ;
#3332 = CARTESIAN_POINT ( 'NONE',  ( -0.9900000000000002132, 0.2000000000000000111, 0.000000000000000000 ) ) ;
#3333 = VERTEX_POINT ( 'NONE', #3832 ) ;
#3334 =( GEOMETRIC_REPRESENTATION_CONTEXT ( 3 ) GLOBAL_UNCERTAINTY_ASSIGNED_CONTEXT ( ( #2919 ) ) GLOBAL_UNIT_ASSIGNED_CONTEXT ( ( #2593, #86, #1933 ) ) REPRESENTATION_CONTEXT ( 'NONE', 'WORKASPACE' ) );
#3335 = MECHANICAL_DESIGN_GEOMETRIC_PRESENTATION_REPRESENTATION (  '', ( #251 ), #621 ) ;
#3336 = ORIENTED_EDGE ( 'NONE', *, *, #489, .T. ) ;
#3337 = CARTESIAN_POINT ( 'NONE',  ( 0.9700000000000001954, 0.2000000000000000111, 0.2500000000000001110 ) ) ;
#3338 = EDGE_CURVE ( 'NONE', #2847, #2488, #1743, .T. ) ;
#3339 = PRESENTATION_LAYER_ASSIGNMENT (  '', '', ( #3279 ) ) ;
#3340 =( NAMED_UNIT ( * ) PLANE_ANGLE_UNIT ( ) SI_UNIT ( $, .RADIAN. ) );
#3341 = SURFACE_SIDE_STYLE ('',( #2630 ) ) ;
#3342 = VERTEX_POINT ( 'NONE', #1361 ) ;
#3343 = ORIENTED_EDGE ( 'NONE', *, *, #891, .F. ) ;
#3344 = PLANE ( 'NONE',  #2404 ) ;
#3345 = DIRECTION ( 'NONE',  ( -1.000000000000000000, 0.000000000000000000, 1.913297951445007622E-16 ) ) ;
#3346 =( NAMED_UNIT ( * ) PLANE_ANGLE_UNIT ( ) SI_UNIT ( $, .RADIAN. ) );
#3347 = DIRECTION ( 'NONE',  ( -0.000000000000000000, -1.000000000000000000, 0.000000000000000000 ) ) ;
#3348 = DIRECTION ( 'NONE',  ( -0.000000000000000000, 1.000000000000000000, -0.000000000000000000 ) ) ;
#3349 = SURFACE_SIDE_STYLE ('',( #662 ) ) ;
#3350 = FACE_OUTER_BOUND ( 'NONE', #1584, .T. ) ;
#3351 = COLOUR_RGB ( '',1.000000000000000000, 0.7843137254901960675, 0.000000000000000000 ) ;
#3352 = EDGE_LOOP ( 'NONE', ( #1496, #2317, #2904, #1397 ) ) ;
#3353 = ADVANCED_FACE ( 'NONE', ( #2401 ), #2723, .T. ) ;
#3354 = UNCERTAINTY_MEASURE_WITH_UNIT (LENGTH_MEASURE( 1.000000000000000082E-05 ), #3211, 'distance_accuracy_value', 'NONE');
#3355 = DIRECTION ( 'NONE',  ( 0.000000000000000000, -1.000000000000000000, 0.000000000000000000 ) ) ;
#3356 = ORIENTED_EDGE ( 'NONE', *, *, #1082, .T. ) ;
#3357 = EDGE_LOOP ( 'NONE', ( #3557, #1442, #2214, #3641 ) ) ;
#3358 = LINE ( 'NONE', #2677, #1068 ) ;
#3359 = CARTESIAN_POINT ( 'NONE',  ( 1.000000000000000222, 0.2500000000000000000, 0.6999999999999999556 ) ) ;
#3360 = CARTESIAN_POINT ( 'NONE',  ( -0.3500000000000002554, 0.2000000000000000111, 0.7700000000000000178 ) ) ;
#3361 = DIRECTION ( 'NONE',  ( 0.000000000000000000, 0.000000000000000000, -1.000000000000000000 ) ) ;
#3362 = DIRECTION ( 'NONE',  ( -0.000000000000000000, -1.000000000000000000, -0.000000000000000000 ) ) ;
#3363 = PRESENTATION_LAYER_ASSIGNMENT (  '', '', ( #3016 ) ) ;
#3364 = AXIS2_PLACEMENT_3D ( 'NONE', #4109, #1046, #2390 ) ;
#3365 = FILL_AREA_STYLE_COLOUR ( '', #2675 ) ;
#3366 = ADVANCED_FACE ( 'NONE', ( #1837 ), #4238, .F. ) ;
#3367 = FILL_AREA_STYLE ('',( #2364 ) ) ;
#3368 = PLANE ( 'NONE',  #429 ) ;
#3369 = EDGE_CURVE ( 'NONE', #566, #4428, #1809, .T. ) ;
#3370 = ORIENTED_EDGE ( 'NONE', *, *, #327, .T. ) ;
#3371 = AXIS2_PLACEMENT_3D ( 'NONE', #3651, #2299, #4324 ) ;
#3372 = DIRECTION ( 'NONE',  ( 0.000000000000000000, 0.000000000000000000, 1.000000000000000000 ) ) ;
#3373 = CARTESIAN_POINT ( 'NONE',  ( 1.000000000000000222, 0.2500000000000000000, -0.8000000000000001554 ) ) ;
#3374 = ORIENTED_EDGE ( 'NONE', *, *, #3425, .T. ) ;
#3375 = STYLED_ITEM ( 'NONE', ( #3191 ), #1992 ) ;
#3376 = ORIENTED_EDGE ( 'NONE', *, *, #3585, .F. ) ;
#3377 = DIRECTION ( 'NONE',  ( 0.000000000000000000, 0.000000000000000000, -1.000000000000000000 ) ) ;
#3378 = EDGE_CURVE ( 'NONE', #3201, #3249, #3172, .T. ) ;
#3379 = SURFACE_SIDE_STYLE ('',( #1974 ) ) ;
#3380 = ORIENTED_EDGE ( 'NONE', *, *, #132, .T. ) ;
#3381 = FACE_OUTER_BOUND ( 'NONE', #2857, .T. ) ;
#3382 = CARTESIAN_POINT ( 'NONE',  ( 0.9900000000000002132, 0.000000000000000000, -0.6503337045290422669 ) ) ;
#3383 = CARTESIAN_POINT ( 'NONE',  ( -0.9900000000000002132, 0.000000000000000000, -0.6503337045290422669 ) ) ;
#3384 = VECTOR ( 'NONE', #1945, 1000.000000000000000 ) ;
#3385 = AXIS2_PLACEMENT_3D ( 'NONE', #2555, #2951, #952 ) ;
#3386 = MECHANICAL_DESIGN_GEOMETRIC_PRESENTATION_REPRESENTATION (  '', ( #88 ), #4318 ) ;
#3387 = CARTESIAN_POINT ( 'NONE',  ( -1.000000000000000222, 0.000000000000000000, 0.8000000000000001554 ) ) ;
#3388 = ORIENTED_EDGE ( 'NONE', *, *, #2193, .F. ) ;
#3389 =( GEOMETRIC_REPRESENTATION_CONTEXT ( 3 ) GLOBAL_UNCERTAINTY_ASSIGNED_CONTEXT ( ( #2314 ) ) GLOBAL_UNIT_ASSIGNED_CONTEXT ( ( #1982, #2708, #3996 ) ) REPRESENTATION_CONTEXT ( 'NONE', 'WORKASPACE' ) );
#3390 = DIRECTION ( 'NONE',  ( 1.000000000000000000, 0.000000000000000000, 0.000000000000000000 ) ) ;
#3391 = CARTESIAN_POINT ( 'NONE',  ( 0.9900000000000002132, 0.2000000000000000111, 0.000000000000000000 ) ) ;
#3392 = ORIENTED_EDGE ( 'NONE', *, *, #2998, .F. ) ;
#3393 = AXIS2_PLACEMENT_3D ( 'NONE', #108, #1225, #2854 ) ;
#3394 = ORIENTED_EDGE ( 'NONE', *, *, #3013, .T. ) ;
#3395 = LINE ( 'NONE', #1304, #2481 ) ;
#3396 = ADVANCED_FACE ( 'NONE', ( #1095 ), #1072, .F. ) ;
#3397 = CIRCLE ( 'NONE', #1900, 0.1500000000000001887 ) ;
#3398 = VECTOR ( 'NONE', #3034, 1000.000000000000000 ) ;
#3399 = CARTESIAN_POINT ( 'NONE',  ( -0.9999999999999997780, 0.000000000000000000, 0.6999999999999999556 ) ) ;
#3400 = LINE ( 'NONE', #270, #61 ) ;
#3401 = AXIS2_PLACEMENT_3D ( 'NONE', #1040, #1747, #2780 ) ;
#3402 = SURFACE_STYLE_FILL_AREA ( #3698 ) ;
#3403 = DIRECTION ( 'NONE',  ( 1.000000000000000000, 0.000000000000000000, -0.000000000000000000 ) ) ;
#3404 = DIRECTION ( 'NONE',  ( 2.690123605921739456E-16, 0.000000000000000000, 1.000000000000000000 ) ) ;
#3405 = ADVANCED_FACE ( 'NONE', ( #3772 ), #42, .T. ) ;
#3406 = DIRECTION ( 'NONE',  ( 0.000000000000000000, -1.000000000000000000, 0.000000000000000000 ) ) ;
#3407 = FILL_AREA_STYLE ('',( #2805 ) ) ;
#3408 = FACE_OUTER_BOUND ( 'NONE', #2097, .T. ) ;
#3409 = DIRECTION ( 'NONE',  ( 0.000000000000000000, -0.000000000000000000, 1.000000000000000000 ) ) ;
#3410 = VERTEX_POINT ( 'NONE', #2462 ) ;
#3411 = SURFACE_SIDE_STYLE ('',( #2045 ) ) ;
#3412 =( NAMED_UNIT ( * ) PLANE_ANGLE_UNIT ( ) SI_UNIT ( $, .RADIAN. ) );
#3413 = CARTESIAN_POINT ( 'NONE',  ( -0.9700000000000003064, 0.2000000000000000111, 0.6530306154330092205 ) ) ;
#3414 = CARTESIAN_POINT ( 'NONE',  ( -0.9900000000000002132, 0.2000000000000000111, 0.000000000000000000 ) ) ;
#3415 = ORIENTED_EDGE ( 'NONE', *, *, #2750, .F. ) ;
#3416 = UNCERTAINTY_MEASURE_WITH_UNIT (LENGTH_MEASURE( 1.000000000000000082E-05 ), #2264, 'distance_accuracy_value', 'NONE');
#3417 = ORIENTED_EDGE ( 'NONE', *, *, #2628, .F. ) ;
#3418 = DIRECTION ( 'NONE',  ( 0.000000000000000000, 0.000000000000000000, -1.000000000000000000 ) ) ;
#3419 = FILL_AREA_STYLE ('',( #2774 ) ) ;
#3420 = CARTESIAN_POINT ( 'NONE',  ( -0.9900000000000002132, 0.2000000000000000111, -0.6503337045290422669 ) ) ;
#3421 =( GEOMETRIC_REPRESENTATION_CONTEXT ( 3 ) GLOBAL_UNCERTAINTY_ASSIGNED_CONTEXT ( ( #1964 ) ) GLOBAL_UNIT_ASSIGNED_CONTEXT ( ( #1498, #1816, #4153 ) ) REPRESENTATION_CONTEXT ( 'NONE', 'WORKASPACE' ) );
#3422 = EDGE_CURVE ( 'NONE', #3649, #3243, #87, .T. ) ;
#3423 = DIRECTION ( 'NONE',  ( 1.042502088928369781E-16, 0.000000000000000000, -1.000000000000000000 ) ) ;
#3424 = PRESENTATION_LAYER_ASSIGNMENT (  '', '', ( #2489 ) ) ;
#3425 = EDGE_CURVE ( 'NONE', #2885, #3938, #1417, .T. ) ;
#3426 = ORIENTED_EDGE ( 'NONE', *, *, #1936, .F. ) ;
#3427 = FACE_OUTER_BOUND ( 'NONE', #2874, .T. ) ;
#3428 = LINE ( 'NONE', #2406, #1421 ) ;
#3429 = FILL_AREA_STYLE_COLOUR ( '', #3270 ) ;
#3430 = CARTESIAN_POINT ( 'NONE',  ( -0.8530306154330092872, 0.000000000000000000, 0.7700000000000000178 ) ) ;
#3431 = MECHANICAL_DESIGN_GEOMETRIC_PRESENTATION_REPRESENTATION (  '', ( #3794 ), #1156 ) ;
#3432 = ORIENTED_EDGE ( 'NONE', *, *, #1791, .T. ) ;
#3433 =( LENGTH_UNIT ( ) NAMED_UNIT ( * ) SI_UNIT ( .MILLI., .METRE. ) );
#3434 = VECTOR ( 'NONE', #1210, 1000.000000000000000 ) ;
#3435 = CARTESIAN_POINT ( 'NONE',  ( 0.9005012562893380812, 0.2000000000000000111, -0.7900000000000001465 ) ) ;
#3436 = STYLED_ITEM ( 'NONE', ( #2681 ), #118 ) ;
#3437 = DIRECTION ( 'NONE',  ( 0.000000000000000000, 0.000000000000000000, 1.000000000000000000 ) ) ;
#3438 = DIRECTION ( 'NONE',  ( 1.042502088928369904E-16, 0.000000000000000000, 1.000000000000000000 ) ) ;
#3439 = FILL_AREA_STYLE ('',( #3129 ) ) ;
#3440 = DIRECTION ( 'NONE',  ( -1.000000000000000000, 0.000000000000000000, -0.000000000000000000 ) ) ;
#3441 = ORIENTED_EDGE ( 'NONE', *, *, #262, .T. ) ;
#3442 = ORIENTED_EDGE ( 'NONE', *, *, #1617, .F. ) ;
#3443 = FILL_AREA_STYLE_COLOUR ( '', #684 ) ;
#3444 = LINE ( 'NONE', #2752, #2578 ) ;
#3445 = VECTOR ( 'NONE', #477, 1000.000000000000000 ) ;
#3446 = CARTESIAN_POINT ( 'NONE',  ( 0.8000000000000000444, 0.2500000000000000000, 0.7000000000000001776 ) ) ;
#3447 = UNCERTAINTY_MEASURE_WITH_UNIT (LENGTH_MEASURE( 1.000000000000000082E-05 ), #1146, 'distance_accuracy_value', 'NONE');
#3448 = DIRECTION ( 'NONE',  ( 1.000000000000000000, 0.000000000000000000, 0.000000000000000000 ) ) ;
#3450 = DIRECTION ( 'NONE',  ( -2.690123605921739456E-16, 0.000000000000000000, -1.000000000000000000 ) ) ;
#3449 = VECTOR ( 'NONE', #404, 1000.000000000000000 ) ;
#3451 = CARTESIAN_POINT ( 'NONE',  ( 0.3500000000000003109, 0.2000000000000000111, -0.2500000000000001110 ) ) ;
#3452 =( GEOMETRIC_REPRESENTATION_CONTEXT ( 3 ) GLOBAL_UNCERTAINTY_ASSIGNED_CONTEXT ( ( #3777 ) ) GLOBAL_UNIT_ASSIGNED_CONTEXT ( ( #1873, #1186, #1209 ) ) REPRESENTATION_CONTEXT ( 'NONE', 'WORKASPACE' ) );
#3453 = DIRECTION ( 'NONE',  ( 0.000000000000000000, -1.000000000000000000, -0.000000000000000000 ) ) ;
#3454 = DIRECTION ( 'NONE',  ( -1.000000000000000000, 0.000000000000000000, 0.000000000000000000 ) ) ;
#3455 = MECHANICAL_DESIGN_GEOMETRIC_PRESENTATION_REPRESENTATION (  '', ( #2026 ), #84 ) ;
#3456 = EDGE_LOOP ( 'NONE', ( #1870, #4271, #1378, #1032, #3151, #2493, #4044, #2150 ) ) ;
#3457 = CARTESIAN_POINT ( 'NONE',  ( -0.7500000000000001110, 0.4500000000000000111, -0.6499999999999996891 ) ) ;
#3458 = LINE ( 'NONE', #1372, #1199 ) ;
#3459 = DIRECTION ( 'NONE',  ( -1.000000000000000000, 0.000000000000000000, -0.000000000000000000 ) ) ;
#3460 = MECHANICAL_DESIGN_GEOMETRIC_PRESENTATION_REPRESENTATION (  '', ( #2893 ), #3606 ) ;
#3461 = DIRECTION ( 'NONE',  ( -0.000000000000000000, 1.000000000000000000, 0.000000000000000000 ) ) ;
#3462 = CARTESIAN_POINT ( 'NONE',  ( -0.8500000000000001998, 0.3499999999999999778, -0.5499999999999996003 ) ) ;
#3463 = ORIENTED_EDGE ( 'NONE', *, *, #3866, .F. ) ;
#3464 = EDGE_CURVE ( 'NONE', #585, #3805, #4038, .T. ) ;
#3465 = VERTEX_POINT ( 'NONE', #4451 ) ;
#3466 = CARTESIAN_POINT ( 'NONE',  ( 0.9000000000000002442, 0.3499999999999999778, 0.6000000000000001998 ) ) ;
#3467 = PRESENTATION_LAYER_ASSIGNMENT (  '', '', ( #3757 ) ) ;
#3468 = CARTESIAN_POINT ( 'NONE',  ( -0.9700000000000003064, 0.000000000000000000, -0.6530306154330092205 ) ) ;
#3469 = CARTESIAN_POINT ( 'NONE',  ( 1.000000000000000222, 0.000000000000000000, 0.8000000000000001554 ) ) ;
#3470 = DIRECTION ( 'NONE',  ( 0.000000000000000000, -1.000000000000000000, 0.000000000000000000 ) ) ;
#3471 = PRESENTATION_LAYER_ASSIGNMENT (  '', '', ( #1615 ) ) ;
#3472 = VECTOR ( 'NONE', #367, 1000.000000000000000 ) ;
#3473 = ORIENTED_EDGE ( 'NONE', *, *, #2233, .T. ) ;
#3474 = SURFACE_STYLE_FILL_AREA ( #481 ) ;
#3475 = ORIENTED_EDGE ( 'NONE', *, *, #2559, .T. ) ;
#3476 = CARTESIAN_POINT ( 'NONE',  ( 0.9900000000000002132, 0.2000000000000000111, 0.7005012562893380146 ) ) ;
#3477 = CARTESIAN_POINT ( 'NONE',  ( -0.9000000000000001332, 0.3499999999999999778, -0.7000000000000000666 ) ) ;
#3478 = ORIENTED_EDGE ( 'NONE', *, *, #460, .F. ) ;
#3479 = FILL_AREA_STYLE ('',( #2120 ) ) ;
#3480 = DIRECTION ( 'NONE',  ( 1.000000000000000000, 0.000000000000000000, 0.000000000000000000 ) ) ;
#3481 = LINE ( 'NONE', #2740, #1260 ) ;
#3482 = CARTESIAN_POINT ( 'NONE',  ( -0.9700000000000000844, 0.2000000000000000111, 2.609419897744087001E-16 ) ) ;
#3483 = DIRECTION ( 'NONE',  ( 0.000000000000000000, -1.000000000000000000, 0.000000000000000000 ) ) ;
#3484 = VERTEX_POINT ( 'NONE', #3848 ) ;
#3485 = EDGE_CURVE ( 'NONE', #2385, #1357, #92, .T. ) ;
#3486 = ORIENTED_EDGE ( 'NONE', *, *, #3780, .F. ) ;
#3487 = DIRECTION ( 'NONE',  ( -0.000000000000000000, -1.000000000000000000, 0.000000000000000000 ) ) ;
#3488 = CARTESIAN_POINT ( 'NONE',  ( -0.9700000000000000844, 0.000000000000000000, -2.609419897744087001E-16 ) ) ;
#3489 = CARTESIAN_POINT ( 'NONE',  ( 1.000000000000000222, 0.000000000000000000, -0.6999999999999999556 ) ) ;
#3490 = MECHANICAL_DESIGN_GEOMETRIC_PRESENTATION_REPRESENTATION (  '', ( #200 ), #495 ) ;
#3491 = LINE ( 'NONE', #3162, #695 ) ;
#3492 = VERTEX_POINT ( 'NONE', #3500 ) ;
#3493 = VERTEX_POINT ( 'NONE', #396 ) ;
#3494 = EDGE_CURVE ( 'NONE', #771, #492, #21, .T. ) ;
#3495 =( NAMED_UNIT ( * ) SI_UNIT ( $, .STERADIAN. ) SOLID_ANGLE_UNIT ( ) );
#3496 =( LENGTH_UNIT ( ) NAMED_UNIT ( * ) SI_UNIT ( .MILLI., .METRE. ) );
#3497 = CARTESIAN_POINT ( 'NONE',  ( -0.8000000000000000444, 0.3499999999999999778, 0.6000000000000001998 ) ) ;
#3498 = ORIENTED_EDGE ( 'NONE', *, *, #1170, .T. ) ;
#3499 = FILL_AREA_STYLE ('',( #4112 ) ) ;
#3500 = CARTESIAN_POINT ( 'NONE',  ( 0.9005012562893380812, 0.2000000000000000111, 0.7900000000000001465 ) ) ;
#3501 = DIRECTION ( 'NONE',  ( -0.000000000000000000, -1.000000000000000000, 0.000000000000000000 ) ) ;
#3502 = EDGE_LOOP ( 'NONE', ( #1669, #2712, #1941, #3052 ) ) ;
#3503 = EDGE_CURVE ( 'NONE', #653, #846, #2486, .T. ) ;
#3504 = VECTOR ( 'NONE', #1024, 1000.000000000000000 ) ;
#3505 = ORIENTED_EDGE ( 'NONE', *, *, #1609, .F. ) ;
#3506 = FACE_OUTER_BOUND ( 'NONE', #2771, .T. ) ;
#3507 =( GEOMETRIC_REPRESENTATION_CONTEXT ( 3 ) GLOBAL_UNCERTAINTY_ASSIGNED_CONTEXT ( ( #263 ) ) GLOBAL_UNIT_ASSIGNED_CONTEXT ( ( #783, #2425, #32 ) ) REPRESENTATION_CONTEXT ( 'NONE', 'WORKASPACE' ) );
#3508 = EDGE_CURVE ( 'NONE', #3694, #2699, #713, .T. ) ;
#3509 = VECTOR ( 'NONE', #2576, 1000.000000000000000 ) ;
#3510 = CIRCLE ( 'NONE', #2932, 0.1500000000000001887 ) ;
#3511 = DIRECTION ( 'NONE',  ( -1.000000000000000000, 0.000000000000000000, 0.000000000000000000 ) ) ;
#3512 = ORIENTED_EDGE ( 'NONE', *, *, #3508, .T. ) ;
#3513 = DIRECTION ( 'NONE',  ( 1.000000000000000000, 0.000000000000000000, 0.000000000000000000 ) ) ;
#3514 = CARTESIAN_POINT ( 'NONE',  ( -0.9900000000000002132, 0.2000000000000000111, 0.7005012562893380146 ) ) ;
#3515 = CIRCLE ( 'NONE', #804, 0.1000000000000001582 ) ;
#3516 = CARTESIAN_POINT ( 'NONE',  ( 1.000000000000000222, 0.000000000000000000, -0.8000000000000001554 ) ) ;
#3517 = VERTEX_POINT ( 'NONE', #1374 ) ;
#3518 = SURFACE_SIDE_STYLE ('',( #787 ) ) ;
#3519 = EDGE_CURVE ( 'NONE', #1237, #2153, #3823, .T. ) ;
#3520 = SURFACE_STYLE_USAGE ( .BOTH. , #772 ) ;
#3521 =( GEOMETRIC_REPRESENTATION_CONTEXT ( 3 ) GLOBAL_UNCERTAINTY_ASSIGNED_CONTEXT ( ( #113 ) ) GLOBAL_UNIT_ASSIGNED_CONTEXT ( ( #2341, #2728, #2659 ) ) REPRESENTATION_CONTEXT ( 'NONE', 'WORKASPACE' ) );
#3522 = SURFACE_STYLE_FILL_AREA ( #1116 ) ;
#3523 = ORIENTED_EDGE ( 'NONE', *, *, #861, .F. ) ;
#3524 =( NAMED_UNIT ( * ) PLANE_ANGLE_UNIT ( ) SI_UNIT ( $, .RADIAN. ) );
#3525 = VECTOR ( 'NONE', #143, 1000.000000000000000 ) ;
#3526 = UNCERTAINTY_MEASURE_WITH_UNIT (LENGTH_MEASURE( 1.000000000000000082E-05 ), #462, 'distance_accuracy_value', 'NONE');
#3527 = CARTESIAN_POINT ( 'NONE',  ( -0.9005012562893380812, 0.000000000000000000, -0.7900000000000001465 ) ) ;
#3528 = VECTOR ( 'NONE', #1045, 1000.000000000000000 ) ;
#3529 = SURFACE_SIDE_STYLE ('',( #4229 ) ) ;
#3530 = SURFACE_STYLE_FILL_AREA ( #825 ) ;
#3531 = VERTEX_POINT ( 'NONE', #2065 ) ;
#3532 = VERTEX_POINT ( 'NONE', #2121 ) ;
#3533 =( NAMED_UNIT ( * ) PLANE_ANGLE_UNIT ( ) SI_UNIT ( $, .RADIAN. ) );
#3534 = AXIS2_PLACEMENT_3D ( 'NONE', #1061, #4438, #351 ) ;
#3535 = EDGE_CURVE ( 'NONE', #1920, #1266, #3481, .T. ) ;
#3536 = CARTESIAN_POINT ( 'NONE',  ( 0.000000000000000000, 0.000000000000000000, 0.2500000000000001110 ) ) ;
#3537 = EDGE_LOOP ( 'NONE', ( #961, #1599, #1100, #578, #1970, #3078, #3073, #2111, #2690 ) ) ;
#3538 = MECHANICAL_DESIGN_GEOMETRIC_PRESENTATION_REPRESENTATION (  '', ( #458 ), #2711 ) ;
#3539 = PRESENTATION_LAYER_ASSIGNMENT (  '', '', ( #2247 ) ) ;
#3540 = DIRECTION ( 'NONE',  ( 1.084202172485502699E-14, 0.000000000000000000, 1.000000000000000000 ) ) ;
#3541 = AXIS2_PLACEMENT_3D ( 'NONE', #4206, #4244, #1136 ) ;
#3542 = LINE ( 'NONE', #874, #2083 ) ;
#3543 = EDGE_LOOP ( 'NONE', ( #3, #1497, #2119, #298, #4258, #3216, #479, #191, #2256 ) ) ;
#3544 = MECHANICAL_DESIGN_GEOMETRIC_PRESENTATION_REPRESENTATION (  '', ( #1462 ), #2250 ) ;
#3545 = FILL_AREA_STYLE_COLOUR ( '', #2058 ) ;
#3546 = EDGE_CURVE ( 'NONE', #2614, #3990, #1185, .T. ) ;
#3547 = AXIS2_PLACEMENT_3D ( 'NONE', #40, #4159, #1094 ) ;
#3548 = MECHANICAL_DESIGN_GEOMETRIC_PRESENTATION_REPRESENTATION (  '', ( #1615 ), #476 ) ;
#3549 = CARTESIAN_POINT ( 'NONE',  ( -0.000000000000000000, 0.000000000000000000, 0.2500000000000001110 ) ) ;
#3550 =( NAMED_UNIT ( * ) SI_UNIT ( $, .STERADIAN. ) SOLID_ANGLE_UNIT ( ) );
#3551 = VERTEX_POINT ( 'NONE', #1780 ) ;
#3552 = FILL_AREA_STYLE ('',( #2182 ) ) ;
#3553 = CARTESIAN_POINT ( 'NONE',  ( 0.3500000000000002554, 0.000000000000000000, -0.7700000000000000178 ) ) ;
#3554 = ORIENTED_EDGE ( 'NONE', *, *, #2914, .F. ) ;
#3555 = EDGE_LOOP ( 'NONE', ( #1547, #4302, #4435, #1234 ) ) ;
#3556 = FILL_AREA_STYLE ('',( #2931 ) ) ;
#3557 = ORIENTED_EDGE ( 'NONE', *, *, #2772, .F. ) ;
#3558 = PLANE ( 'NONE',  #3642 ) ;
#3559 = DIRECTION ( 'NONE',  ( 0.000000000000000000, -0.000000000000000000, 1.000000000000000000 ) ) ;
#3560 = ORIENTED_EDGE ( 'NONE', *, *, #2323, .F. ) ;
#3561 = LINE ( 'NONE', #502, #1428 ) ;
#3562 = VECTOR ( 'NONE', #2274, 1000.000000000000000 ) ;
#3563 = EDGE_CURVE ( 'NONE', #2785, #222, #3801, .T. ) ;
#3564 = DIRECTION ( 'NONE',  ( 0.000000000000000000, 0.000000000000000000, -1.000000000000000000 ) ) ;
#3565 = DIRECTION ( 'NONE',  ( 1.913297951445007622E-16, -0.000000000000000000, 1.000000000000000000 ) ) ;
#3566 = EDGE_CURVE ( 'NONE', #214, #1222, #2813, .T. ) ;
#3567 = PRESENTATION_STYLE_ASSIGNMENT (( #1502 ) ) ;
#3568 = DIRECTION ( 'NONE',  ( -0.000000000000000000, 1.000000000000000000, 0.000000000000000000 ) ) ;
#3569 = ORIENTED_EDGE ( 'NONE', *, *, #1754, .F. ) ;
#3570 = EDGE_CURVE ( 'NONE', #1607, #2170, #1437, .T. ) ;
#3571 = DIRECTION ( 'NONE',  ( -0.000000000000000000, 1.000000000000000000, -0.000000000000000000 ) ) ;
#3572 = DIRECTION ( 'NONE',  ( 1.000000000000000000, 0.000000000000000000, 0.000000000000000000 ) ) ;
#3573 = LINE ( 'NONE', #4273, #1228 ) ;
#3574 = VERTEX_POINT ( 'NONE', #732 ) ;
#3575 = VERTEX_POINT ( 'NONE', #3619 ) ;
#3576 = CARTESIAN_POINT ( 'NONE',  ( 0.9700000000000000844, 0.2000000000000000111, 2.609419897744087001E-16 ) ) ;
#3577 = CARTESIAN_POINT ( 'NONE',  ( 0.000000000000000000, 0.2000000000000000111, -0.7700000000000000178 ) ) ;
#3578 = VERTEX_POINT ( 'NONE', #1229 ) ;
#3579 =( LENGTH_UNIT ( ) NAMED_UNIT ( * ) SI_UNIT ( .MILLI., .METRE. ) );
#3580 = AXIS2_PLACEMENT_3D ( 'NONE', #2796, #4147, #98 ) ;
#3581 = DIRECTION ( 'NONE',  ( -1.042502088928369781E-16, 0.000000000000000000, 1.000000000000000000 ) ) ;
#3582 = VERTEX_POINT ( 'NONE', #2577 ) ;
#3583 = DIRECTION ( 'NONE',  ( -1.000000000000000000, 0.000000000000000000, 0.000000000000000000 ) ) ;
#3584 =( LENGTH_UNIT ( ) NAMED_UNIT ( * ) SI_UNIT ( .MILLI., .METRE. ) );
#3585 = EDGE_CURVE ( 'NONE', #705, #585, #1847, .T. ) ;
#3586 = DIRECTION ( 'NONE',  ( 0.000000000000000000, 0.000000000000000000, -1.000000000000000000 ) ) ;
#3587 = CARTESIAN_POINT ( 'NONE',  ( -0.3500000000000002554, 0.2000000000000000111, -0.7700000000000000178 ) ) ;
#3588 = CARTESIAN_POINT ( 'NONE',  ( -0.8000000000000000444, 0.3499999999999999778, 0.7000000000000001776 ) ) ;
#3589 = VECTOR ( 'NONE', #947, 1000.000000000000000 ) ;
#3590 = ADVANCED_FACE ( 'NONE', ( #558 ), #1916, .F. ) ;
#3591 = EDGE_LOOP ( 'NONE', ( #1025, #1122, #413, #2884 ) ) ;
#3592 = PLANE ( 'NONE',  #2376 ) ;
#3593 = LINE ( 'NONE', #2579, #3965 ) ;
#3594 = DIRECTION ( 'NONE',  ( -1.000000000000000000, -0.000000000000000000, -0.000000000000000000 ) ) ;
#3595 = ORIENTED_EDGE ( 'NONE', *, *, #82, .F. ) ;
#3596 = VERTEX_POINT ( 'NONE', #883 ) ;
#3597 =( GEOMETRIC_REPRESENTATION_CONTEXT ( 3 ) GLOBAL_UNCERTAINTY_ASSIGNED_CONTEXT ( ( #1057 ) ) GLOBAL_UNIT_ASSIGNED_CONTEXT ( ( #715, #1356, #3731 ) ) REPRESENTATION_CONTEXT ( 'NONE', 'WORKASPACE' ) );
#3598 = CARTESIAN_POINT ( 'NONE',  ( -0.9005012562893380812, 0.2000000000000000111, 0.7900000000000001465 ) ) ;
#3599 =( NAMED_UNIT ( * ) SI_UNIT ( $, .STERADIAN. ) SOLID_ANGLE_UNIT ( ) );
#3600 = EDGE_LOOP ( 'NONE', ( #811, #2272, #152, #3441 ) ) ;
#3601 = EDGE_CURVE ( 'NONE', #782, #4142, #2527, .T. ) ;
#3602 = VERTEX_POINT ( 'NONE', #3293 ) ;
#3603 = DIRECTION ( 'NONE',  ( 0.000000000000000000, -1.000000000000000000, 0.000000000000000000 ) ) ;
#3604 = AXIS2_PLACEMENT_3D ( 'NONE', #1857, #218, #1585 ) ;
#3605 = EDGE_CURVE ( 'NONE', #3209, #2290, #2899, .T. ) ;
#3606 =( GEOMETRIC_REPRESENTATION_CONTEXT ( 3 ) GLOBAL_UNCERTAINTY_ASSIGNED_CONTEXT ( ( #1965 ) ) GLOBAL_UNIT_ASSIGNED_CONTEXT ( ( #3247, #903, #2306 ) ) REPRESENTATION_CONTEXT ( 'NONE', 'WORKASPACE' ) );
#3607 = DIRECTION ( 'NONE',  ( 1.668003342285391551E-16, 0.000000000000000000, 1.000000000000000000 ) ) ;
#3608 = ORIENTED_EDGE ( 'NONE', *, *, #1192, .F. ) ;
#3609 = ORIENTED_EDGE ( 'NONE', *, *, #2879, .T. ) ;
#3610 =( LENGTH_UNIT ( ) NAMED_UNIT ( * ) SI_UNIT ( .MILLI., .METRE. ) );
#3611 = DIRECTION ( 'NONE',  ( 2.690123605921739456E-16, 0.000000000000000000, -1.000000000000000000 ) ) ;
#3612 = COLOUR_RGB ( '',1.000000000000000000, 0.7843137254901960675, 0.000000000000000000 ) ;
#3613 = DIRECTION ( 'NONE',  ( -2.558717127065786425E-13, 0.000000000000000000, 1.000000000000000000 ) ) ;
#3614 = CIRCLE ( 'NONE', #1675, 0.1500000000000001887 ) ;
#3615 = DIRECTION ( 'NONE',  ( 0.000000000000000000, 0.000000000000000000, -1.000000000000000000 ) ) ;
#3616 = CARTESIAN_POINT ( 'NONE',  ( -0.8499999999999999778, 0.3499999999999999778, 0.5500000000000002665 ) ) ;
#3617 = ADVANCED_FACE ( 'NONE', ( #1531 ), #2906, .F. ) ;
#3618 = VECTOR ( 'NONE', #1300, 1000.000000000000000 ) ;
#3619 = CARTESIAN_POINT ( 'NONE',  ( 0.8530306154330093982, 0.2000000000000000111, 0.7700000000000000178 ) ) ;
#3620 = EDGE_CURVE ( 'NONE', #3222, #4301, #543, .T. ) ;
#3621 = CARTESIAN_POINT ( 'NONE',  ( 0.8500000000000001998, 0.4500000000000000111, 0.5500000000000001554 ) ) ;
#3622 = LINE ( 'NONE', #165, #929 ) ;
#3623 = ORIENTED_EDGE ( 'NONE', *, *, #615, .F. ) ;
#3624 = VECTOR ( 'NONE', #4045, 1000.000000000000000 ) ;
#3625 = VERTEX_POINT ( 'NONE', #3527 ) ;
#3626 =( NAMED_UNIT ( * ) SI_UNIT ( $, .STERADIAN. ) SOLID_ANGLE_UNIT ( ) );
#3627 = VERTEX_POINT ( 'NONE', #1162 ) ;
#3628 = PLANE ( 'NONE',  #3037 ) ;
#3629 = EDGE_CURVE ( 'NONE', #3158, #4290, #2535, .T. ) ;
#3630 = CARTESIAN_POINT ( 'NONE',  ( -0.9000000000000001332, 0.000000000000000000, -0.8000000000000001554 ) ) ;
#3631 = VERTEX_POINT ( 'NONE', #3915 ) ;
#3632 = PLANE ( 'NONE',  #131 ) ;
#3633 = ADVANCED_FACE ( 'NONE', ( #4228 ), #4272, .T. ) ;
#3634 =( LENGTH_UNIT ( ) NAMED_UNIT ( * ) SI_UNIT ( .MILLI., .METRE. ) );
#3635 = CARTESIAN_POINT ( 'NONE',  ( 0.9900000000000002132, 0.2000000000000000111, -0.7005012562893380146 ) ) ;
#3636 = ADVANCED_FACE ( 'NONE', ( #839 ), #3592, .F. ) ;
#3637 = PRODUCT ( 'NX2016SA-24M-EXS00A-CS08891', 'NX2016SA-24M-EXS00A-CS08891', '', ( #3203 ) ) ;
#3638 = DIRECTION ( 'NONE',  ( 0.000000000000000000, -1.000000000000000000, 0.000000000000000000 ) ) ;
#3639 = DIRECTION ( 'NONE',  ( 1.042502088928369781E-16, 0.000000000000000000, 1.000000000000000000 ) ) ;
#3640 = DIRECTION ( 'NONE',  ( 0.000000000000000000, 0.000000000000000000, 1.000000000000000000 ) ) ;
#3641 = ORIENTED_EDGE ( 'NONE', *, *, #4144, .T. ) ;
#3642 = AXIS2_PLACEMENT_3D ( 'NONE', #3880, #1855, #2891 ) ;
#3643 = EDGE_LOOP ( 'NONE', ( #1211, #610, #2719, #4067 ) ) ;
#3644 = FILL_AREA_STYLE ('',( #2647 ) ) ;
#3645 = EDGE_CURVE ( 'NONE', #2210, #283, #2620, .T. ) ;
#3646 = CARTESIAN_POINT ( 'NONE',  ( -0.9700000000000001954, 0.2000000000000000111, 0.2500000000000001110 ) ) ;
#3647 = DIRECTION ( 'NONE',  ( -0.000000000000000000, 1.000000000000000000, 0.000000000000000000 ) ) ;
#3648 = EDGE_LOOP ( 'NONE', ( #1818, #2963, #246, #39 ) ) ;
#3649 = VERTEX_POINT ( 'NONE', #3684 ) ;
#3650 = DIRECTION ( 'NONE',  ( 0.000000000000000000, 0.000000000000000000, -1.000000000000000000 ) ) ;
#3651 = CARTESIAN_POINT ( 'NONE',  ( 0.7500000000000001110, 0.3499999999999999778, 0.5500000000000001554 ) ) ;
#3652 = COLOUR_RGB ( '',0.7529411764705882248, 0.7529411764705882248, 0.7529411764705882248 ) ;
#3653 = DIRECTION ( 'NONE',  ( 1.000000000000000000, 0.000000000000000000, 0.000000000000000000 ) ) ;
#3654 = DIRECTION ( 'NONE',  ( -1.000000000000000000, 0.000000000000000000, 0.000000000000000000 ) ) ;
#3655 = EDGE_CURVE ( 'NONE', #3465, #867, #3310, .T. ) ;
#3656 = SURFACE_STYLE_USAGE ( .BOTH. , #858 ) ;
#3657 =( NAMED_UNIT ( * ) PLANE_ANGLE_UNIT ( ) SI_UNIT ( $, .RADIAN. ) );
#3658 = PRESENTATION_LAYER_ASSIGNMENT (  '', '', ( #1166 ) ) ;
#3659 = CYLINDRICAL_SURFACE ( 'NONE', #3831, 0.1000000000000000472 ) ;
#3660 = VECTOR ( 'NONE', #1328, 1000.000000000000000 ) ;
#3661 = ORIENTED_EDGE ( 'NONE', *, *, #366, .T. ) ;
#3662 = DIRECTION ( 'NONE',  ( -1.000000000000000000, -0.000000000000000000, 0.000000000000000000 ) ) ;
#3663 = UNCERTAINTY_MEASURE_WITH_UNIT (LENGTH_MEASURE( 1.000000000000000082E-05 ), #1290, 'distance_accuracy_value', 'NONE');
#3664 = DIRECTION ( 'NONE',  ( 0.000000000000000000, -1.000000000000000000, 0.000000000000000000 ) ) ;
#3665 = SURFACE_STYLE_FILL_AREA ( #889 ) ;
#3666 = ORIENTED_EDGE ( 'NONE', *, *, #3760, .T. ) ;
#3667 = VECTOR ( 'NONE', #2095, 1000.000000000000000 ) ;
#3668 = ORIENTED_EDGE ( 'NONE', *, *, #1495, .F. ) ;
#3669 = PRESENTATION_STYLE_ASSIGNMENT (( #2318 ) ) ;
#3670 = STYLED_ITEM ( 'NONE', ( #2028 ), #2697 ) ;
#3671 = EDGE_CURVE ( 'NONE', #4092, #771, #1595, .T. ) ;
#3672 = LINE ( 'NONE', #3051, #1877 ) ;
#3673 = COLOUR_RGB ( '',1.000000000000000000, 0.7843137254901960675, 0.000000000000000000 ) ;
#3674 = ORIENTED_EDGE ( 'NONE', *, *, #1344, .T. ) ;
#3675 =( LENGTH_UNIT ( ) NAMED_UNIT ( * ) SI_UNIT ( .MILLI., .METRE. ) );
#3676 = CARTESIAN_POINT ( 'NONE',  ( -0.8530306154330092872, 0.2000000000000000111, -0.7700000000000000178 ) ) ;
#3677 = CARTESIAN_POINT ( 'NONE',  ( 0.9700000000000000844, 0.000000000000000000, 2.609419897744087001E-16 ) ) ;
#3678 = AXIS2_PLACEMENT_3D ( 'NONE', #2100, #348, #763 ) ;
#3679 = LINE ( 'NONE', #273, #900 ) ;
#3680 = DIRECTION ( 'NONE',  ( 0.000000000000000000, -1.000000000000000000, 0.000000000000000000 ) ) ;
#3681 = EDGE_CURVE ( 'NONE', #3694, #1879, #3703, .T. ) ;
#3682 = DIRECTION ( 'NONE',  ( 0.000000000000000000, 1.000000000000000000, -0.000000000000000000 ) ) ;
#3683 = VECTOR ( 'NONE', #1800, 1000.000000000000000 ) ;
#3684 = CARTESIAN_POINT ( 'NONE',  ( 0.3500000000000003109, 0.2000000000000000111, 0.2500000000000001110 ) ) ;
#3685 = EDGE_CURVE ( 'NONE', #3333, #222, #2747, .T. ) ;
#3686 = DIRECTION ( 'NONE',  ( 0.000000000000000000, -1.000000000000000000, 0.000000000000000000 ) ) ;
#3687 = CARTESIAN_POINT ( 'NONE',  ( -1.000000000000000222, 0.2000000000000000111, 0.8000000000000001554 ) ) ;
#3688 = PRESENTATION_LAYER_ASSIGNMENT (  '', '', ( #2319 ) ) ;
#3689 = EDGE_LOOP ( 'NONE', ( #2548, #3131, #2509, #3388, #3867, #1196, #1919, #4140, #2611 ) ) ;
#3690 = DIRECTION ( 'NONE',  ( 0.000000000000000000, 0.000000000000000000, -1.000000000000000000 ) ) ;
#3691 =( GEOMETRIC_REPRESENTATION_CONTEXT ( 3 ) GLOBAL_UNCERTAINTY_ASSIGNED_CONTEXT ( ( #1774 ) ) GLOBAL_UNIT_ASSIGNED_CONTEXT ( ( #2413, #41, #300 ) ) REPRESENTATION_CONTEXT ( 'NONE', 'WORKASPACE' ) );
#3692 = SURFACE_STYLE_FILL_AREA ( #4002 ) ;
#3693 =( NAMED_UNIT ( * ) PLANE_ANGLE_UNIT ( ) SI_UNIT ( $, .RADIAN. ) );
#3694 = VERTEX_POINT ( 'NONE', #257 ) ;
#3695 = VERTEX_POINT ( 'NONE', #979 ) ;
#3696 = FILL_AREA_STYLE_COLOUR ( '', #3351 ) ;
#3697 = EDGE_CURVE ( 'NONE', #3342, #2139, #3330, .T. ) ;
#3698 = FILL_AREA_STYLE ('',( #3011 ) ) ;
#3699 =( NAMED_UNIT ( * ) PLANE_ANGLE_UNIT ( ) SI_UNIT ( $, .RADIAN. ) );
#3700 = EDGE_CURVE ( 'NONE', #1624, #3582, #2991, .T. ) ;
#3701 = ADVANCED_FACE ( 'NONE', ( #4354 ), #317, .F. ) ;
#3702 = ADVANCED_FACE ( 'NONE', ( #2286 ), #3659, .T. ) ;
#3703 = LINE ( 'NONE', #276, #2173 ) ;
#3704 = DIRECTION ( 'NONE',  ( 0.000000000000000000, 0.000000000000000000, -1.000000000000000000 ) ) ;
#3705 = CYLINDRICAL_SURFACE ( 'NONE', #1298, 0.1500000000000001887 ) ;
#3706 = AXIS2_PLACEMENT_3D ( 'NONE', #1630, #3715, #3004 ) ;
#3707 = ORIENTED_EDGE ( 'NONE', *, *, #3681, .T. ) ;
#3708 = SURFACE_STYLE_FILL_AREA ( #1944 ) ;
#3709 = EDGE_CURVE ( 'NONE', #800, #2668, #59, .T. ) ;
#3710 = CARTESIAN_POINT ( 'NONE',  ( 0.9900000000000002132, 0.000000000000000000, -0.7005012562893380146 ) ) ;
#3711 = LINE ( 'NONE', #194, #3889 ) ;
#3712 = PLANE ( 'NONE',  #183 ) ;
#3713 = ORIENTED_EDGE ( 'NONE', *, *, #2720, .T. ) ;
#3714 = VERTEX_POINT ( 'NONE', #3843 ) ;
#3715 = DIRECTION ( 'NONE',  ( 0.000000000000000000, -1.000000000000000000, -0.000000000000000000 ) ) ;
#3716 = VECTOR ( 'NONE', #3096, 1000.000000000000000 ) ;
#3717 =( LENGTH_UNIT ( ) NAMED_UNIT ( * ) SI_UNIT ( .MILLI., .METRE. ) );
#3718 = DIRECTION ( 'NONE',  ( 0.000000000000000000, 0.000000000000000000, -1.000000000000000000 ) ) ;
#3719 = LINE ( 'NONE', #659, #2826 ) ;
#3720 = FACE_OUTER_BOUND ( 'NONE', #3352, .T. ) ;
#3721 = FILL_AREA_STYLE ('',( #4396 ) ) ;
#3722 =( GEOMETRIC_REPRESENTATION_CONTEXT ( 3 ) GLOBAL_UNCERTAINTY_ASSIGNED_CONTEXT ( ( #2181 ) ) GLOBAL_UNIT_ASSIGNED_CONTEXT ( ( #138, #2883, #4186 ) ) REPRESENTATION_CONTEXT ( 'NONE', 'WORKASPACE' ) );
#3723 = DIRECTION ( 'NONE',  ( 0.000000000000000000, -0.000000000000000000, 1.000000000000000000 ) ) ;
#3724 = EDGE_CURVE ( 'NONE', #991, #3410, #2042, .T. ) ;
#3725 = VECTOR ( 'NONE', #3248, 1000.000000000000000 ) ;
#3726 = DIRECTION ( 'NONE',  ( -1.000000000000000000, 0.000000000000000000, 0.000000000000000000 ) ) ;
#3727 = SURFACE_SIDE_STYLE ('',( #2325 ) ) ;
#3728 = ORIENTED_EDGE ( 'NONE', *, *, #2009, .F. ) ;
#3729 = VECTOR ( 'NONE', #1201, 1000.000000000000000 ) ;
#3730 = FACE_OUTER_BOUND ( 'NONE', #160, .T. ) ;
#3731 =( NAMED_UNIT ( * ) SI_UNIT ( $, .STERADIAN. ) SOLID_ANGLE_UNIT ( ) );
#3732 = SURFACE_STYLE_FILL_AREA ( #2397 ) ;
#3733 = ORIENTED_EDGE ( 'NONE', *, *, #2961, .T. ) ;
#3734 = STYLED_ITEM ( 'NONE', ( #1997 ), #1893 ) ;
#3735 = VERTEX_POINT ( 'NONE', #2388 ) ;
#3736 = CARTESIAN_POINT ( 'NONE',  ( 0.3500000000000002554, 0.2000000000000000111, -0.7700000000000000178 ) ) ;
#3737 = ADVANCED_FACE ( 'NONE', ( #1114 ), #3768, .F. ) ;
#3738 = DIRECTION ( 'NONE',  ( 1.000000000000000000, 0.000000000000000000, 0.000000000000000000 ) ) ;
#3739 = VERTEX_POINT ( 'NONE', #3097 ) ;
#3740 = SURFACE_SIDE_STYLE ('',( #2358 ) ) ;
#3741 = CARTESIAN_POINT ( 'NONE',  ( -0.8503337045290424445, 0.2000000000000000111, 0.7900000000000001465 ) ) ;
#3742 = CARTESIAN_POINT ( 'NONE',  ( 1.000000000000000222, 0.2000000000000000111, 0.8000000000000001554 ) ) ;
#3743 = MECHANICAL_DESIGN_GEOMETRIC_PRESENTATION_REPRESENTATION (  '', ( #3171 ), #2164 ) ;
#3744 = AXIS2_PLACEMENT_3D ( 'NONE', #3387, #1023, #3792 ) ;
#3745 = CARTESIAN_POINT ( 'NONE',  ( 0.000000000000000000, 0.2000000000000000111, -0.7700000000000000178 ) ) ;
#3746 = ORIENTED_EDGE ( 'NONE', *, *, #193, .T. ) ;
#3747 = DIRECTION ( 'NONE',  ( -1.000000000000000000, 0.000000000000000000, 0.000000000000000000 ) ) ;
#3748 = CARTESIAN_POINT ( 'NONE',  ( -0.9005012562893380812, 0.2000000000000000111, -0.7900000000000001465 ) ) ;
#3749 = ORIENTED_EDGE ( 'NONE', *, *, #951, .T. ) ;
#3750 = LINE ( 'NONE', #1707, #4254 ) ;
#3751 = COLOUR_RGB ( '',1.000000000000000000, 0.7843137254901960675, 0.000000000000000000 ) ;
#3752 = CARTESIAN_POINT ( 'NONE',  ( 0.9900000000000002132, 0.2000000000000000111, 0.000000000000000000 ) ) ;
#3753 = CARTESIAN_POINT ( 'NONE',  ( 0.3500000000000002554, 0.000000000000000000, -0.7700000000000000178 ) ) ;
#3754 = MECHANICAL_DESIGN_GEOMETRIC_PRESENTATION_REPRESENTATION (  '', ( #4041 ), #397 ) ;
#3755 = FACE_OUTER_BOUND ( 'NONE', #3236, .T. ) ;
#3756 = ORIENTED_EDGE ( 'NONE', *, *, #3811, .T. ) ;
#3757 = STYLED_ITEM ( 'NONE', ( #2018 ), #3701 ) ;
#3758 = EDGE_LOOP ( 'NONE', ( #4187, #1338, #2802, #4079, #2239, #2190, #2615, #1306, #3661 ) ) ;
#3759 = VECTOR ( 'NONE', #3220, 1000.000000000000000 ) ;
#3760 = EDGE_CURVE ( 'NONE', #127, #1366, #750, .T. ) ;
#3761 = DIRECTION ( 'NONE',  ( 0.000000000000000000, 1.000000000000000000, -0.000000000000000000 ) ) ;
#3762 = DIRECTION ( 'NONE',  ( 0.000000000000000000, 0.000000000000000000, 1.000000000000000000 ) ) ;
#3763 = STYLED_ITEM ( 'NONE', ( #2685 ), #4171 ) ;
#3764 = ADVANCED_FACE ( 'NONE', ( #1456 ), #1700, .F. ) ;
#3765 = UNCERTAINTY_MEASURE_WITH_UNIT (LENGTH_MEASURE( 1.000000000000000082E-05 ), #2845, 'distance_accuracy_value', 'NONE');
#3766 = CARTESIAN_POINT ( 'NONE',  ( 1.000000000000000222, 0.2000000000000000111, -0.8000000000000001554 ) ) ;
#3767 = CARTESIAN_POINT ( 'NONE',  ( -0.9700000000000001954, 0.2000000000000000111, 0.2500000000000001110 ) ) ;
#3768 = CYLINDRICAL_SURFACE ( 'NONE', #2176, 0.1500000000000001887 ) ;
#3769 = LINE ( 'NONE', #1069, #4181 ) ;
#3770 = ORIENTED_EDGE ( 'NONE', *, *, #1950, .F. ) ;
#3771 = DIRECTION ( 'NONE',  ( 0.000000000000000000, 0.000000000000000000, -1.000000000000000000 ) ) ;
#3772 = FACE_OUTER_BOUND ( 'NONE', #762, .T. ) ;
#3773 = FILL_AREA_STYLE_COLOUR ( '', #3196 ) ;
#3774 = DIRECTION ( 'NONE',  ( 0.000000000000000000, 0.000000000000000000, -1.000000000000000000 ) ) ;
#3775 = FACE_OUTER_BOUND ( 'NONE', #2255, .T. ) ;
#3776 = ORIENTED_EDGE ( 'NONE', *, *, #3645, .F. ) ;
#3777 = UNCERTAINTY_MEASURE_WITH_UNIT (LENGTH_MEASURE( 1.000000000000000082E-05 ), #1873, 'distance_accuracy_value', 'NONE');
#3778 = VERTEX_POINT ( 'NONE', #1820 ) ;
#3779 = DIRECTION ( 'NONE',  ( 0.000000000000000000, 0.000000000000000000, 1.000000000000000000 ) ) ;
#3780 = EDGE_CURVE ( 'NONE', #3574, #214, #3614, .T. ) ;
#3781 =( NAMED_UNIT ( * ) SI_UNIT ( $, .STERADIAN. ) SOLID_ANGLE_UNIT ( ) );
#3782 = DIRECTION ( 'NONE',  ( 0.000000000000000000, 0.000000000000000000, -1.000000000000000000 ) ) ;
#3783 = DIRECTION ( 'NONE',  ( 1.000000000000000000, 0.000000000000000000, -0.000000000000000000 ) ) ;
#3784 = AXIS2_PLACEMENT_3D ( 'NONE', #4243, #427, #3788 ) ;
#3785 = CARTESIAN_POINT ( 'NONE',  ( 0.3500000000000003109, 0.000000000000000000, 3.648757311249297561E-17 ) ) ;
#3786 = COLOUR_RGB ( '',1.000000000000000000, 0.7843137254901960675, 0.000000000000000000 ) ;
#3787 = SURFACE_SIDE_STYLE ('',( #4152 ) ) ;
#3788 = DIRECTION ( 'NONE',  ( -1.000000000000000000, 0.000000000000000000, -0.000000000000000000 ) ) ;
#3789 = UNCERTAINTY_MEASURE_WITH_UNIT (LENGTH_MEASURE( 1.000000000000000082E-05 ), #1365, 'distance_accuracy_value', 'NONE');
#3790 = SURFACE_STYLE_FILL_AREA ( #3407 ) ;
#3791 = EDGE_CURVE ( 'NONE', #2590, #127, #3949, .T. ) ;
#3792 = DIRECTION ( 'NONE',  ( 0.000000000000000000, 0.000000000000000000, 1.000000000000000000 ) ) ;
#3793 = DIRECTION ( 'NONE',  ( -0.000000000000000000, 1.000000000000000000, -0.000000000000000000 ) ) ;
#3794 = STYLED_ITEM ( 'NONE', ( #803 ), #966 ) ;
#3795 = ORIENTED_EDGE ( 'NONE', *, *, #1326, .T. ) ;
#3796 = FACE_OUTER_BOUND ( 'NONE', #3648, .T. ) ;
#3797 = MECHANICAL_DESIGN_GEOMETRIC_PRESENTATION_REPRESENTATION (  '', ( #1938 ), #3722 ) ;
#3798 = SURFACE_STYLE_FILL_AREA ( #4136 ) ;
#3799 = AXIS2_PLACEMENT_3D ( 'NONE', #3469, #379, #702 ) ;
#3800 = ADVANCED_FACE ( 'NONE', ( #3887 ), #2572, .T. ) ;
#3801 = LINE ( 'NONE', #369, #3902 ) ;
#3802 = FILL_AREA_STYLE ('',( #3773 ) ) ;
#3803 = DIRECTION ( 'NONE',  ( -1.000000000000000000, 0.000000000000000000, 0.000000000000000000 ) ) ;
#3804 = ORIENTED_EDGE ( 'NONE', *, *, #1163, .F. ) ;
#3805 = VERTEX_POINT ( 'NONE', #154 ) ;
#3806 = PLANE ( 'NONE',  #3678 ) ;
#3807 = CARTESIAN_POINT ( 'NONE',  ( -1.000000000000000222, 0.000000000000000000, -0.8000000000000001554 ) ) ;
#3808 = AXIS2_PLACEMENT_3D ( 'NONE', #2960, #269, #1613 ) ;
#3809 = EDGE_CURVE ( 'NONE', #4142, #151, #202, .T. ) ;
#3810 = SURFACE_SIDE_STYLE ('',( #3881 ) ) ;
#3811 = EDGE_CURVE ( 'NONE', #3152, #1446, #130, .T. ) ;
#3812 = LINE ( 'NONE', #4200, #3200 ) ;
#3813 = DIRECTION ( 'NONE',  ( 0.000000000000000000, 0.000000000000000000, -1.000000000000000000 ) ) ;
#3814 = DIRECTION ( 'NONE',  ( -0.000000000000000000, 1.000000000000000000, 0.000000000000000000 ) ) ;
#3815 = ORIENTED_EDGE ( 'NONE', *, *, #228, .F. ) ;
#3816 = CIRCLE ( 'NONE', #4387, 0.1500000000000001887 ) ;
#3817 = EDGE_CURVE ( 'NONE', #1624, #2029, #4192, .T. ) ;
#3818 = DIRECTION ( 'NONE',  ( 0.000000000000000000, 0.000000000000000000, 1.000000000000000000 ) ) ;
#3819 =( NAMED_UNIT ( * ) SI_UNIT ( $, .STERADIAN. ) SOLID_ANGLE_UNIT ( ) );
#3820 = AXIS2_PLACEMENT_3D ( 'NONE', #3100, #2343, #3076 ) ;
#3821 = EDGE_LOOP ( 'NONE', ( #1303, #186, #2008, #2591 ) ) ;
#3822 = AXIS2_PLACEMENT_3D ( 'NONE', #4086, #2366, #3103 ) ;
#3823 = LINE ( 'NONE', #2414, #4259 ) ;
#3824 = CIRCLE ( 'NONE', #4389, 0.1000000000000001582 ) ;
#3825 = MECHANICAL_DESIGN_GEOMETRIC_PRESENTATION_REPRESENTATION (  '', ( #2446 ), #2244 ) ;
#3826 = CARTESIAN_POINT ( 'NONE',  ( -0.9000000000000001332, 0.2500000000000000000, 0.7999999999999999334 ) ) ;
#3827 = ORIENTED_EDGE ( 'NONE', *, *, #638, .T. ) ;
#3828 = PRESENTATION_LAYER_ASSIGNMENT (  '', '', ( #3041 ) ) ;
#3829 = ORIENTED_EDGE ( 'NONE', *, *, #3811, .F. ) ;
#3830 = CARTESIAN_POINT ( 'NONE',  ( -0.8530306154330093982, 0.000000000000000000, 0.7700000000000000178 ) ) ;
#3831 = AXIS2_PLACEMENT_3D ( 'NONE', #708, #2831, #1091 ) ;
#3832 = CARTESIAN_POINT ( 'NONE',  ( -0.9005012562893380812, 0.2000000000000000111, 0.7900000000000001465 ) ) ;
#3833 = CARTESIAN_POINT ( 'NONE',  ( -1.000000000000000222, 0.2000000000000000111, -0.8000000000000001554 ) ) ;
#3834 = CIRCLE ( 'NONE', #1899, 0.1000000000000001582 ) ;
#3835 = DIRECTION ( 'NONE',  ( 1.000000000000000000, 0.000000000000000000, 2.690123605921739456E-16 ) ) ;
#3836 =( NAMED_UNIT ( * ) SI_UNIT ( $, .STERADIAN. ) SOLID_ANGLE_UNIT ( ) );
#3837 =( GEOMETRIC_REPRESENTATION_CONTEXT ( 3 ) GLOBAL_UNCERTAINTY_ASSIGNED_CONTEXT ( ( #4249 ) ) GLOBAL_UNIT_ASSIGNED_CONTEXT ( ( #24, #2673, #1008 ) ) REPRESENTATION_CONTEXT ( 'NONE', 'WORKASPACE' ) );
#3838 = AXIS2_PLACEMENT_3D ( 'NONE', #3081, #2739, #3771 ) ;
#3839 = ORIENTED_EDGE ( 'NONE', *, *, #2639, .T. ) ;
#3840 = FILL_AREA_STYLE ('',( #2108 ) ) ;
#3841 = FILL_AREA_STYLE ('',( #2152 ) ) ;
#3842 = VERTEX_POINT ( 'NONE', #2218 ) ;
#3843 = CARTESIAN_POINT ( 'NONE',  ( 0.9700000000000003064, 0.000000000000000000, -0.6530306154330092205 ) ) ;
#3844 = CARTESIAN_POINT ( 'NONE',  ( 1.000000000000000222, 0.2000000000000000111, -0.8000000000000001554 ) ) ;
#3845 = DIRECTION ( 'NONE',  ( 0.000000000000000000, 0.000000000000000000, 1.000000000000000000 ) ) ;
#3846 = ORIENTED_EDGE ( 'NONE', *, *, #2339, .F. ) ;
#3847 = DIRECTION ( 'NONE',  ( 0.000000000000000000, -1.000000000000000000, 0.000000000000000000 ) ) ;
#3848 = CARTESIAN_POINT ( 'NONE',  ( -0.9000000000000001332, 0.2500000000000000000, -0.8000000000000001554 ) ) ;
#3849 = PRESENTATION_STYLE_ASSIGNMENT (( #2463 ) ) ;
#3850 = SURFACE_STYLE_USAGE ( .BOTH. , #3917 ) ;
#3851 = ORIENTED_EDGE ( 'NONE', *, *, #517, .T. ) ;
#3852 = ORIENTED_EDGE ( 'NONE', *, *, #3809, .T. ) ;
#3853 = DIRECTION ( 'NONE',  ( 0.000000000000000000, 0.000000000000000000, 1.000000000000000000 ) ) ;
#3854 = DIRECTION ( 'NONE',  ( 1.042502088928369904E-16, 0.000000000000000000, -1.000000000000000000 ) ) ;
#3855 = ORIENTED_EDGE ( 'NONE', *, *, #3250, .T. ) ;
#3856 = FACE_OUTER_BOUND ( 'NONE', #373, .T. ) ;
#3857 = FACE_OUTER_BOUND ( 'NONE', #3918, .T. ) ;
#3858 = DIRECTION ( 'NONE',  ( -0.000000000000000000, -1.000000000000000000, -0.000000000000000000 ) ) ;
#3859 = CARTESIAN_POINT ( 'NONE',  ( 1.000000000000000222, 0.2000000000000000111, -0.8000000000000001554 ) ) ;
#3860 = EDGE_LOOP ( 'NONE', ( #48, #119, #1968, #780 ) ) ;
#3861 = DIRECTION ( 'NONE',  ( 0.000000000000000000, -1.000000000000000000, -0.000000000000000000 ) ) ;
#3862 = DIRECTION ( 'NONE',  ( 0.000000000000000000, 0.000000000000000000, -1.000000000000000000 ) ) ;
#3863 = ORIENTED_EDGE ( 'NONE', *, *, #3563, .F. ) ;
#3864 = SURFACE_STYLE_FILL_AREA ( #2480 ) ;
#3865 = DIRECTION ( 'NONE',  ( 0.000000000000000000, 0.000000000000000000, -1.000000000000000000 ) ) ;
#3866 = EDGE_CURVE ( 'NONE', #2815, #2885, #2551, .T. ) ;
#3867 = ORIENTED_EDGE ( 'NONE', *, *, #2050, .F. ) ;
#3868 = DIRECTION ( 'NONE',  ( 1.000000000000000000, 0.000000000000000000, 0.000000000000000000 ) ) ;
#3869 = CARTESIAN_POINT ( 'NONE',  ( 1.000000000000000222, 0.000000000000000000, -0.6999999999999999556 ) ) ;
#3870 = ADVANCED_FACE ( 'NONE', ( #4266 ), #553, .F. ) ;
#3871 = FACE_OUTER_BOUND ( 'NONE', #3027, .T. ) ;
#3872 = CARTESIAN_POINT ( 'NONE',  ( -0.9700000000000003064, 0.2000000000000000111, 0.6530306154330092205 ) ) ;
#3873 = ORIENTED_EDGE ( 'NONE', *, *, #3033, .T. ) ;
#3874 = ORIENTED_EDGE ( 'NONE', *, *, #1265, .F. ) ;
#3875 = SURFACE_STYLE_USAGE ( .BOTH. , #2491 ) ;
#3876 = CIRCLE ( 'NONE', #3799, 0.1000000000000001582 ) ;
#3877 = CIRCLE ( 'NONE', #1233, 0.1500000000000001887 ) ;
#3878 = FACE_OUTER_BOUND ( 'NONE', #1824, .T. ) ;
#3879 = ORIENTED_EDGE ( 'NONE', *, *, #3957, .T. ) ;
#3880 = CARTESIAN_POINT ( 'NONE',  ( 0.000000000000000000, 0.2000000000000000111, 0.7700000000000000178 ) ) ;
#3881 = SURFACE_STYLE_FILL_AREA ( #2077 ) ;
#3882 = COLOUR_RGB ( '',1.000000000000000000, 0.7843137254901960675, 0.000000000000000000 ) ;
#3883 = CARTESIAN_POINT ( 'NONE',  ( -0.9005012562893380812, 0.2000000000000000111, -0.7900000000000001465 ) ) ;
#3884 = EDGE_LOOP ( 'NONE', ( #2676, #447, #3264, #1712 ) ) ;
#3885 =( LENGTH_UNIT ( ) NAMED_UNIT ( * ) SI_UNIT ( .MILLI., .METRE. ) );
#3886 = DIRECTION ( 'NONE',  ( -1.000000000000000000, 0.000000000000000000, 2.690123605921739456E-16 ) ) ;
#3887 = FACE_OUTER_BOUND ( 'NONE', #3021, .T. ) ;
#3888 = LINE ( 'NONE', #3549, #3759 ) ;
#3889 = VECTOR ( 'NONE', #2584, 1000.000000000000000 ) ;
#3890 = FACE_OUTER_BOUND ( 'NONE', #3456, .T. ) ;
#3891 = ORIENTED_EDGE ( 'NONE', *, *, #3671, .T. ) ;
#3892 = DIRECTION ( 'NONE',  ( 1.000000000000000000, 0.000000000000000000, -0.000000000000000000 ) ) ;
#3893 = UNCERTAINTY_MEASURE_WITH_UNIT (LENGTH_MEASURE( 1.000000000000000082E-05 ), #960, 'distance_accuracy_value', 'NONE');
#3894 = LINE ( 'NONE', #2183, #1319 ) ;
#3895 = SURFACE_STYLE_FILL_AREA ( #799 ) ;
#3896 = ORIENTED_EDGE ( 'NONE', *, *, #3214, .T. ) ;
#3897 = ORIENTED_EDGE ( 'NONE', *, *, #2733, .T. ) ;
#3898 = PRESENTATION_LAYER_ASSIGNMENT (  '', '', ( #2967 ) ) ;
#3899 = EDGE_CURVE ( 'NONE', #800, #2234, #895, .T. ) ;
#3900 = ORIENTED_EDGE ( 'NONE', *, *, #3136, .T. ) ;
#3901 = SURFACE_SIDE_STYLE ('',( #3237 ) ) ;
#3902 = VECTOR ( 'NONE', #1731, 1000.000000000000000 ) ;
#3903 = SURFACE_SIDE_STYLE ('',( #3967 ) ) ;
#3904 = EDGE_CURVE ( 'NONE', #3222, #1237, #3291, .T. ) ;
#3905 = STYLED_ITEM ( 'NONE', ( #3140 ), #3764 ) ;
#3906 = PLANE ( 'NONE',  #3808 ) ;
#3907 = ORIENTED_EDGE ( 'NONE', *, *, #4150, .F. ) ;
#3908 = DIRECTION ( 'NONE',  ( 0.000000000000000000, 1.000000000000000000, -0.000000000000000000 ) ) ;
#3909 =( GEOMETRIC_REPRESENTATION_CONTEXT ( 3 ) GLOBAL_UNCERTAINTY_ASSIGNED_CONTEXT ( ( #2589 ) ) GLOBAL_UNIT_ASSIGNED_CONTEXT ( ( #3012, #3699, #3056 ) ) REPRESENTATION_CONTEXT ( 'NONE', 'WORKASPACE' ) );
#3910 = DIRECTION ( 'NONE',  ( 0.000000000000000000, 0.000000000000000000, 1.000000000000000000 ) ) ;
#3911 = AXIS2_PLACEMENT_3D ( 'NONE', #1733, #989, #3087 ) ;
#3912 =( NAMED_UNIT ( * ) PLANE_ANGLE_UNIT ( ) SI_UNIT ( $, .RADIAN. ) );
#3913 = DIRECTION ( 'NONE',  ( -0.000000000000000000, 0.000000000000000000, -1.000000000000000000 ) ) ;
#3914 = MANIFOLD_SOLID_BREP ( 'Boss-Extrude4', #933 ) ;
#3915 = CARTESIAN_POINT ( 'NONE',  ( 0.9000000000000001332, 0.2500000000000000000, -0.8000000000000001554 ) ) ;
#3916 = LINE ( 'NONE', #115, #3099 ) ;
#3917 = SURFACE_SIDE_STYLE ('',( #3895 ) ) ;
#3918 = EDGE_LOOP ( 'NONE', ( #604, #934, #3934, #2921 ) ) ;
#3919 = VERTEX_POINT ( 'NONE', #4138 ) ;
#3920 = FILL_AREA_STYLE ('',( #1807 ) ) ;
#3921 = ORIENTED_EDGE ( 'NONE', *, *, #1931, .T. ) ;
#3922 = SURFACE_SIDE_STYLE ('',( #3212 ) ) ;
#3923 = DIRECTION ( 'NONE',  ( 0.000000000000000000, -1.000000000000000000, 0.000000000000000000 ) ) ;
#3924 = ORIENTED_EDGE ( 'NONE', *, *, #1573, .T. ) ;
#3925 = SURFACE_STYLE_USAGE ( .BOTH. , #2876 ) ;
#3926 = DIRECTION ( 'NONE',  ( 0.000000000000000000, 0.000000000000000000, -1.000000000000000000 ) ) ;
#3927 = SURFACE_SIDE_STYLE ('',( #2553 ) ) ;
#3928 = ORIENTED_EDGE ( 'NONE', *, *, #2133, .F. ) ;
#3929 = CARTESIAN_POINT ( 'NONE',  ( 1.000000000000000222, 0.2000000000000000111, -0.8000000000000001554 ) ) ;
#3930 = EDGE_CURVE ( 'NONE', #3190, #2815, #2902, .T. ) ;
#3931 = LINE ( 'NONE', #2927, #3179 ) ;
#3932 = DIRECTION ( 'NONE',  ( -0.000000000000000000, -1.000000000000000000, -0.000000000000000000 ) ) ;
#3933 = ORIENTED_EDGE ( 'NONE', *, *, #109, .T. ) ;
#3934 = ORIENTED_EDGE ( 'NONE', *, *, #2050, .T. ) ;
#3935 = ADVANCED_FACE ( 'NONE', ( #3730 ), #2004, .F. ) ;
#3936 = VECTOR ( 'NONE', #512, 1000.000000000000000 ) ;
#3937 = PRESENTATION_STYLE_ASSIGNMENT (( #4216 ) ) ;
#3938 = VERTEX_POINT ( 'NONE', #3753 ) ;
#3939 = AXIS2_PLACEMENT_3D ( 'NONE', #4242, #3908, #2964 ) ;
#3940 = DIRECTION ( 'NONE',  ( -0.000000000000000000, -1.000000000000000000, -0.000000000000000000 ) ) ;
#3941 = CIRCLE ( 'NONE', #4299, 0.1000000000000000472 ) ;
#3942 = COLOUR_RGB ( '',0.7529411764705882248, 0.7529411764705882248, 0.7529411764705882248 ) ;
#3943 = UNCERTAINTY_MEASURE_WITH_UNIT (LENGTH_MEASURE( 1.000000000000000082E-05 ), #4135, 'distance_accuracy_value', 'NONE');
#3944 = FACE_OUTER_BOUND ( 'NONE', #3758, .T. ) ;
#3945 = EDGE_CURVE ( 'NONE', #719, #3410, #2716, .T. ) ;
#3946 = VERTEX_POINT ( 'NONE', #4116 ) ;
#3947 =( NAMED_UNIT ( * ) PLANE_ANGLE_UNIT ( ) SI_UNIT ( $, .RADIAN. ) );
#3948 =( GEOMETRIC_REPRESENTATION_CONTEXT ( 3 ) GLOBAL_UNCERTAINTY_ASSIGNED_CONTEXT ( ( #2069 ) ) GLOBAL_UNIT_ASSIGNED_CONTEXT ( ( #1013, #1766, #350 ) ) REPRESENTATION_CONTEXT ( 'NONE', 'WORKASPACE' ) );
#3949 = LINE ( 'NONE', #835, #1044 ) ;
#3950 = DIRECTION ( 'NONE',  ( -0.000000000000000000, -1.000000000000000000, -0.000000000000000000 ) ) ;
#3951 = EDGE_CURVE ( 'NONE', #2099, #2976, #648, .T. ) ;
#3952 = CARTESIAN_POINT ( 'NONE',  ( -0.9700000000000001954, 0.2000000000000000111, -0.2500000000000001110 ) ) ;
#3953 = CARTESIAN_POINT ( 'NONE',  ( 0.9000000000000001332, 0.000000000000000000, -0.8000000000000001554 ) ) ;
#3954 = MECHANICAL_DESIGN_GEOMETRIC_PRESENTATION_REPRESENTATION (  '', ( #3375 ), #1583 ) ;
#3955 = FILL_AREA_STYLE ('',( #4250 ) ) ;
#3956 = DIRECTION ( 'NONE',  ( 0.000000000000000000, 0.000000000000000000, 1.000000000000000000 ) ) ;
#3957 = EDGE_CURVE ( 'NONE', #3517, #176, #1052, .T. ) ;
#3958 = ORIENTED_EDGE ( 'NONE', *, *, #330, .F. ) ;
#3959 = DIRECTION ( 'NONE',  ( -1.042502088928369781E-16, 0.000000000000000000, -1.000000000000000000 ) ) ;
#3960 = AXIS2_PLACEMENT_3D ( 'NONE', #2672, #3355, #1257 ) ;
#3961 = DIRECTION ( 'NONE',  ( -0.000000000000000000, -1.000000000000000000, -0.000000000000000000 ) ) ;
#3962 = SURFACE_SIDE_STYLE ('',( #3665 ) ) ;
#3963 = EDGE_LOOP ( 'NONE', ( #1846, #190, #346, #2623 ) ) ;
#3964 = CARTESIAN_POINT ( 'NONE',  ( -1.000000000000000222, 0.000000000000000000, 0.8000000000000001554 ) ) ;
#3965 = VECTOR ( 'NONE', #3639, 1000.000000000000000 ) ;
#3966 = VERTEX_POINT ( 'NONE', #1663 ) ;
#3967 = SURFACE_STYLE_FILL_AREA ( #2546 ) ;
#3968 = VECTOR ( 'NONE', #3959, 1000.000000000000000 ) ;
#3969 = AXIS2_PLACEMENT_3D ( 'NONE', #4352, #227, #880 ) ;
#3970 = FACE_OUTER_BOUND ( 'NONE', #4217, .T. ) ;
#3971 = ORIENTED_EDGE ( 'NONE', *, *, #4150, .T. ) ;
#3972 = COLOUR_RGB ( '',1.000000000000000000, 0.7843137254901960675, 0.000000000000000000 ) ;
#3973 = VECTOR ( 'NONE', #504, 1000.000000000000000 ) ;
#3974 = LINE ( 'NONE', #2243, #1794 ) ;
#3975 = EDGE_CURVE ( 'NONE', #3625, #3313, #370, .T. ) ;
#3976 = PRESENTATION_LAYER_ASSIGNMENT (  '', '', ( #2756 ) ) ;
#3977 = CARTESIAN_POINT ( 'NONE',  ( -1.000000000000000222, 0.2000000000000000111, -0.8000000000000001554 ) ) ;
#3978 = FILL_AREA_STYLE ('',( #534 ) ) ;
#3979 =( LENGTH_UNIT ( ) NAMED_UNIT ( * ) SI_UNIT ( .MILLI., .METRE. ) );
#3980 = MECHANICAL_DESIGN_GEOMETRIC_PRESENTATION_REPRESENTATION (  '', ( #2911 ), #1396 ) ;
#3981 = ORIENTED_EDGE ( 'NONE', *, *, #3945, .T. ) ;
#3982 = CARTESIAN_POINT ( 'NONE',  ( 0.8503337045290424445, 0.2000000000000000111, 0.7900000000000002576 ) ) ;
#3983 = LINE ( 'NONE', #4293, #3384 ) ;
#3984 = LINE ( 'NONE', #914, #1756 ) ;
#3985 = EDGE_LOOP ( 'NONE', ( #4319, #3733, #4003, #932 ) ) ;
#3986 = EDGE_LOOP ( 'NONE', ( #2223, #3324, #1324, #3505 ) ) ;
#3987 = FILL_AREA_STYLE_COLOUR ( '', #1184 ) ;
#3988 = ADVANCED_FACE ( 'NONE', ( #3043 ), #2415, .F. ) ;
#3989 = LINE ( 'NONE', #2634, #1872 ) ;
#3990 = VERTEX_POINT ( 'NONE', #1006 ) ;
#3991 = FACE_OUTER_BOUND ( 'NONE', #3986, .T. ) ;
#3992 = FILL_AREA_STYLE ('',( #2617 ) ) ;
#3993 = CARTESIAN_POINT ( 'NONE',  ( 0.7500000000000001110, 0.3499999999999999778, -0.5499999999999999334 ) ) ;
#3994 =( LENGTH_UNIT ( ) NAMED_UNIT ( * ) SI_UNIT ( .MILLI., .METRE. ) );
#3995 = LINE ( 'NONE', #1273, #3509 ) ;
#3996 =( NAMED_UNIT ( * ) SI_UNIT ( $, .STERADIAN. ) SOLID_ANGLE_UNIT ( ) );
#3997 = DIRECTION ( 'NONE',  ( -0.000000000000000000, -1.000000000000000000, -0.000000000000000000 ) ) ;
#3998 = VERTEX_POINT ( 'NONE', #4089 ) ;
#3999 = CIRCLE ( 'NONE', #4068, 0.1000000000000001582 ) ;
#4000 = ORIENTED_EDGE ( 'NONE', *, *, #400, .F. ) ;
#4001 = SURFACE_STYLE_USAGE ( .BOTH. , #3022 ) ;
#4002 = FILL_AREA_STYLE ('',( #2980 ) ) ;
#4003 = ORIENTED_EDGE ( 'NONE', *, *, #3503, .T. ) ;
#4004 = VERTEX_POINT ( 'NONE', #3107 ) ;
#4005 = ADVANCED_FACE ( 'NONE', ( #2027 ), #2369, .F. ) ;
#4006 = LINE ( 'NONE', #4051, #519 ) ;
#4007 = CARTESIAN_POINT ( 'NONE',  ( 0.9700000000000001954, 0.2000000000000000111, 0.2500000000000001110 ) ) ;
#4008 = DIRECTION ( 'NONE',  ( 0.000000000000000000, -1.000000000000000000, -0.000000000000000000 ) ) ;
#4009 = AXIS2_PLACEMENT_3D ( 'NONE', #1253, #1295, #3253 ) ;
#4010 = VECTOR ( 'NONE', #3847, 1000.000000000000000 ) ;
#4011 =( NAMED_UNIT ( * ) SI_UNIT ( $, .STERADIAN. ) SOLID_ANGLE_UNIT ( ) );
#4012 = EDGE_CURVE ( 'NONE', #3517, #1090, #1393, .T. ) ;
#4013 = DIRECTION ( 'NONE',  ( 0.000000000000000000, 0.000000000000000000, 1.000000000000000000 ) ) ;
#4014 = VECTOR ( 'NONE', #2996, 1000.000000000000000 ) ;
#4015 = CARTESIAN_POINT ( 'NONE',  ( 0.9700000000000003064, 0.2000000000000000111, 0.6530306154330092205 ) ) ;
#4016 =( GEOMETRIC_REPRESENTATION_CONTEXT ( 3 ) GLOBAL_UNCERTAINTY_ASSIGNED_CONTEXT ( ( #2372 ) ) GLOBAL_UNIT_ASSIGNED_CONTEXT ( ( #1723, #1154, #1066 ) ) REPRESENTATION_CONTEXT ( 'NONE', 'WORKASPACE' ) );
#4017 =( NAMED_UNIT ( * ) SI_UNIT ( $, .STERADIAN. ) SOLID_ANGLE_UNIT ( ) );
#4018 = LINE ( 'NONE', #2580, #2422 ) ;
#4019 = VERTEX_POINT ( 'NONE', #2878 ) ;
#4020 = CARTESIAN_POINT ( 'NONE',  ( -0.9999999999999997780, 0.000000000000000000, 0.6999999999999999556 ) ) ;
#4021 = UNCERTAINTY_MEASURE_WITH_UNIT (LENGTH_MEASURE( 1.000000000000000082E-05 ), #2473, 'distance_accuracy_value', 'NONE');
#4022 = UNCERTAINTY_MEASURE_WITH_UNIT (LENGTH_MEASURE( 1.000000000000000082E-05 ), #3994, 'distance_accuracy_value', 'NONE');
#4023 =( NAMED_UNIT ( * ) SI_UNIT ( $, .STERADIAN. ) SOLID_ANGLE_UNIT ( ) );
#4024 = EDGE_LOOP ( 'NONE', ( #3756, #1239, #962, #3336 ) ) ;
#4025 = VERTEX_POINT ( 'NONE', #524 ) ;
#4026 =( NAMED_UNIT ( * ) SI_UNIT ( $, .STERADIAN. ) SOLID_ANGLE_UNIT ( ) );
#4027 = ADVANCED_FACE ( 'NONE', ( #879 ), #2529, .F. ) ;
#4028 = MECHANICAL_DESIGN_GEOMETRIC_PRESENTATION_REPRESENTATION (  '', ( #3670 ), #3597 ) ;
#4029 = DIRECTION ( 'NONE',  ( 1.000000000000000000, 0.000000000000000000, 0.000000000000000000 ) ) ;
#4030 = CIRCLE ( 'NONE', #3385, 0.1500000000000001887 ) ;
#4031 = CARTESIAN_POINT ( 'NONE',  ( 0.8503337045290424445, 0.2000000000000000111, -0.7900000000000002576 ) ) ;
#4032 = DIRECTION ( 'NONE',  ( -1.000000000000000000, 0.000000000000000000, 0.000000000000000000 ) ) ;
#4033 = ADVANCED_FACE ( 'NONE', ( #857 ), #2197, .F. ) ;
#4034 = DIRECTION ( 'NONE',  ( 0.000000000000000000, -0.000000000000000000, 1.000000000000000000 ) ) ;
#4035 = AXIS2_PLACEMENT_3D ( 'NONE', #2817, #2400, #3853 ) ;
#4036 = CARTESIAN_POINT ( 'NONE',  ( -0.7499999999999998890, 0.4500000000000000111, 0.6500000000000002442 ) ) ;
#4037 = DIRECTION ( 'NONE',  ( 0.000000000000000000, 0.000000000000000000, 1.000000000000000000 ) ) ;
#4038 = CIRCLE ( 'NONE', #1746, 0.1000000000000000472 ) ;
#4039 = CARTESIAN_POINT ( 'NONE',  ( -0.9999999999999997780, 0.2500000000000000000, 0.7999999999999999334 ) ) ;
#4040 = PLANE ( 'NONE',  #866 ) ;
#4041 = STYLED_ITEM ( 'NONE', ( #1426 ), #594 ) ;
#4042 = VECTOR ( 'NONE', #224, 1000.000000000000000 ) ;
#4043 = VECTOR ( 'NONE', #694, 1000.000000000000000 ) ;
#4044 = ORIENTED_EDGE ( 'NONE', *, *, #3503, .F. ) ;
#4045 = DIRECTION ( 'NONE',  ( 0.000000000000000000, 0.000000000000000000, 1.000000000000000000 ) ) ;
#4046 = EDGE_CURVE ( 'NONE', #3313, #3465, #4124, .T. ) ;
#4047 = DIRECTION ( 'NONE',  ( 0.000000000000000000, -1.000000000000000000, 0.000000000000000000 ) ) ;
#4048 = ORIENTED_EDGE ( 'NONE', *, *, #4214, .F. ) ;
#4049 = EDGE_LOOP ( 'NONE', ( #1167, #1461, #3215, #4048, #850, #1125, #1808, #3343, #2566 ) ) ;
#4050 = CARTESIAN_POINT ( 'NONE',  ( 0.000000000000000000, 0.2000000000000000111, -0.2500000000000001110 ) ) ;
#4051 = CARTESIAN_POINT ( 'NONE',  ( 1.000000000000000222, 0.000000000000000000, 0.6999999999999999556 ) ) ;
#4052 = EDGE_CURVE ( 'NONE', #2153, #1849, #2457, .T. ) ;
#4053 = CARTESIAN_POINT ( 'NONE',  ( -1.000000000000000222, 0.2000000000000000111, 0.8000000000000001554 ) ) ;
#4054 = CARTESIAN_POINT ( 'NONE',  ( -0.9900000000000002132, 0.2000000000000000111, -0.7005012562893380146 ) ) ;
#4055 =( NAMED_UNIT ( * ) PLANE_ANGLE_UNIT ( ) SI_UNIT ( $, .RADIAN. ) );
#4056 = CARTESIAN_POINT ( 'NONE',  ( -1.000000000000000222, 0.2000000000000000111, -0.8000000000000001554 ) ) ;
#4057 =( NAMED_UNIT ( * ) SI_UNIT ( $, .STERADIAN. ) SOLID_ANGLE_UNIT ( ) );
#4058 = DIRECTION ( 'NONE',  ( 0.000000000000000000, -1.000000000000000000, 0.000000000000000000 ) ) ;
#4059 = CARTESIAN_POINT ( 'NONE',  ( -0.3500000000000003109, 0.2000000000000000111, 3.648757311249297561E-17 ) ) ;
#4060 = VECTOR ( 'NONE', #1647, 1000.000000000000000 ) ;
#4061 = ORIENTED_EDGE ( 'NONE', *, *, #3546, .T. ) ;
#4062 = EDGE_CURVE ( 'NONE', #85, #3259, #2945, .T. ) ;
#4063 = CARTESIAN_POINT ( 'NONE',  ( 0.3500000000000003109, 0.2000000000000000111, 0.2500000000000000555 ) ) ;
#4064 = DIRECTION ( 'NONE',  ( 0.000000000000000000, -1.000000000000000000, 0.000000000000000000 ) ) ;
#4065 = DIRECTION ( 'NONE',  ( 0.000000000000000000, -1.000000000000000000, 0.000000000000000000 ) ) ;
#4066 = SURFACE_STYLE_USAGE ( .BOTH. , #2694 ) ;
#4067 = ORIENTED_EDGE ( 'NONE', *, *, #2949, .T. ) ;
#4068 = AXIS2_PLACEMENT_3D ( 'NONE', #2430, #3814, #815 ) ;
#4069 = EDGE_CURVE ( 'NONE', #2454, #4158, #3888, .T. ) ;
#4070 = VERTEX_POINT ( 'NONE', #2703 ) ;
#4071 = LINE ( 'NONE', #611, #642 ) ;
#4072 = SURFACE_STYLE_USAGE ( .BOTH. , #3322 ) ;
#4073 = ORIENTED_EDGE ( 'NONE', *, *, #2772, .T. ) ;
#4074 = CARTESIAN_POINT ( 'NONE',  ( -0.9000000000000001332, 0.3499999999999999778, 0.7000000000000001776 ) ) ;
#4075 = LINE ( 'NONE', #1719, #1749 ) ;
#4076 = DIRECTION ( 'NONE',  ( 0.000000000000000000, -1.000000000000000000, 0.000000000000000000 ) ) ;
#4077 = EDGE_CURVE ( 'NONE', #208, #1562, #551, .T. ) ;
#4078 = SURFACE_STYLE_USAGE ( .BOTH. , #2283 ) ;
#4079 = ORIENTED_EDGE ( 'NONE', *, *, #2356, .F. ) ;
#4080 = FILL_AREA_STYLE ('',( #2706 ) ) ;
#4081 = CLOSED_SHELL ( 'NONE', ( #4027, #1037, #4033, #118, #739, #3353, #2624, #343, #1335, #3702 ) ) ;
#4082 = PRESENTATION_LAYER_ASSIGNMENT (  '', '', ( #1942 ) ) ;
#4083 = DIRECTION ( 'NONE',  ( 1.000000000000000000, 0.000000000000000000, 0.000000000000000000 ) ) ;
#4084 = EDGE_CURVE ( 'NONE', #2631, #1552, #4120, .T. ) ;
#4085 = ORIENTED_EDGE ( 'NONE', *, *, #2633, .F. ) ;
#4086 = CARTESIAN_POINT ( 'NONE',  ( 1.000000000000000222, 0.2000000000000000111, 0.8000000000000001554 ) ) ;
#4087 = DIRECTION ( 'NONE',  ( -0.000000000000000000, -1.000000000000000000, 0.000000000000000000 ) ) ;
#4088 = CIRCLE ( 'NONE', #4167, 0.1000000000000000472 ) ;
#4089 = CARTESIAN_POINT ( 'NONE',  ( -0.8499999999999999778, 0.4500000000000000111, 0.5500000000000002665 ) ) ;
#4090 = LINE ( 'NONE', #1028, #2513 ) ;
#4091 = FILL_AREA_STYLE_COLOUR ( '', #2910 ) ;
#4092 = VERTEX_POINT ( 'NONE', #4036 ) ;
#4093 = UNCERTAINTY_MEASURE_WITH_UNIT (LENGTH_MEASURE( 1.000000000000000082E-05 ), #3496, 'distance_accuracy_value', 'NONE');
#4094 = ORIENTED_EDGE ( 'NONE', *, *, #2869, .F. ) ;
#4095 =( NAMED_UNIT ( * ) PLANE_ANGLE_UNIT ( ) SI_UNIT ( $, .RADIAN. ) );
#4096 = EDGE_CURVE ( 'NONE', #3175, #2278, #1619, .T. ) ;
#4097 = DIRECTION ( 'NONE',  ( 0.000000000000000000, 0.000000000000000000, 1.000000000000000000 ) ) ;
#4098 = SURFACE_SIDE_STYLE ('',( #722 ) ) ;
#4099 = DIRECTION ( 'NONE',  ( 0.000000000000000000, 0.000000000000000000, -1.000000000000000000 ) ) ;
#4100 = DIRECTION ( 'NONE',  ( 0.000000000000000000, 0.000000000000000000, 1.000000000000000000 ) ) ;
#4101 = COLOUR_RGB ( '',0.7529411764705882248, 0.7529411764705882248, 0.7529411764705882248 ) ;
#4102 = PRESENTATION_LAYER_ASSIGNMENT (  '', '', ( #1251 ) ) ;
#4103 = CARTESIAN_POINT ( 'NONE',  ( 1.000000000000000222, 0.000000000000000000, 0.8000000000000001554 ) ) ;
#4104 = PRESENTATION_LAYER_ASSIGNMENT (  '', '', ( #168 ) ) ;
#4105 = EDGE_CURVE ( 'NONE', #2847, #1629, #1291, .T. ) ;
#4106 =( GEOMETRIC_REPRESENTATION_CONTEXT ( 3 ) GLOBAL_UNCERTAINTY_ASSIGNED_CONTEXT ( ( #3447 ) ) GLOBAL_UNIT_ASSIGNED_CONTEXT ( ( #1146, #210, #120 ) ) REPRESENTATION_CONTEXT ( 'NONE', 'WORKASPACE' ) );
#4107 = AXIS2_PLACEMENT_3D ( 'NONE', #3929, #1871, #2860 ) ;
#4108 = LINE ( 'NONE', #4039, #3528 ) ;
#4109 = CARTESIAN_POINT ( 'NONE',  ( 0.000000000000000000, 0.2000000000000000111, 0.2500000000000001110 ) ) ;
#4110 = ADVANCED_FACE ( 'NONE', ( #2989 ), #1676, .F. ) ;
#4111 = ORIENTED_EDGE ( 'NONE', *, *, #3257, .F. ) ;
#4112 = FILL_AREA_STYLE_COLOUR ( '', #1867 ) ;
#4113 = PRESENTATION_LAYER_ASSIGNMENT (  '', '', ( #1462 ) ) ;
#4114 = DIRECTION ( 'NONE',  ( -2.690123605921739456E-16, -0.000000000000000000, 1.000000000000000000 ) ) ;
#4115 = EDGE_CURVE ( 'NONE', #1629, #2668, #1957, .T. ) ;
#4116 = CARTESIAN_POINT ( 'NONE',  ( 0.9700000000000003064, 0.000000000000000000, -0.6530306154330092205 ) ) ;
#4117 = FACE_OUTER_BOUND ( 'NONE', #1764, .T. ) ;
#4118 = CARTESIAN_POINT ( 'NONE',  ( 0.8500000000000001998, 0.4500000000000000111, 0.6500000000000001332 ) ) ;
#4119 = VERTEX_POINT ( 'NONE', #597 ) ;
#4120 = CIRCLE ( 'NONE', #3050, 0.1500000000000001887 ) ;
#4121 = ORIENTED_EDGE ( 'NONE', *, *, #3709, .F. ) ;
#4122 = FILL_AREA_STYLE ('',( #3696 ) ) ;
#4123 = VECTOR ( 'NONE', #3611, 1000.000000000000000 ) ;
#4124 = CIRCLE ( 'NONE', #1612, 0.1500000000000001887 ) ;
#4125 = CARTESIAN_POINT ( 'NONE',  ( 1.000000000000000222, 0.2000000000000000111, -0.8000000000000001554 ) ) ;
#4126 = DIRECTION ( 'NONE',  ( -0.000000000000000000, 1.000000000000000000, 0.000000000000000000 ) ) ;
#4127 = DIRECTION ( 'NONE',  ( 2.690123605921739456E-16, 0.000000000000000000, -1.000000000000000000 ) ) ;
#4128 = EDGE_CURVE ( 'NONE', #3190, #3842, #3679, .T. ) ;
#4129 = UNCERTAINTY_MEASURE_WITH_UNIT (LENGTH_MEASURE( 1.000000000000000082E-05 ), #2626, 'distance_accuracy_value', 'NONE');
#4130 = CARTESIAN_POINT ( 'NONE',  ( -0.9900000000000002132, 0.2000000000000000111, 0.6503337045290422669 ) ) ;
#4131 = DIRECTION ( 'NONE',  ( 0.000000000000000000, 0.000000000000000000, 1.000000000000000000 ) ) ;
#4132 = DIRECTION ( 'NONE',  ( 0.000000000000000000, -1.000000000000000000, 0.000000000000000000 ) ) ;
#4133 = CARTESIAN_POINT ( 'NONE',  ( 0.9900000000000002132, 0.2000000000000000111, 0.000000000000000000 ) ) ;
#4134 = EDGE_LOOP ( 'NONE', ( #2374, #4289, #27, #632 ) ) ;
#4135 =( LENGTH_UNIT ( ) NAMED_UNIT ( * ) SI_UNIT ( .MILLI., .METRE. ) );
#4136 = FILL_AREA_STYLE ('',( #2024 ) ) ;
#4137 = CARTESIAN_POINT ( 'NONE',  ( -0.9900000000000002132, 0.2000000000000000111, 0.000000000000000000 ) ) ;
#4138 = CARTESIAN_POINT ( 'NONE',  ( 0.9700000000000001954, 0.000000000000000000, 0.2500000000000001110 ) ) ;
#4139 = DIRECTION ( 'NONE',  ( 0.000000000000000000, 0.000000000000000000, 1.000000000000000000 ) ) ;
#4140 = ORIENTED_EDGE ( 'NONE', *, *, #1173, .F. ) ;
#4141 =( GEOMETRIC_REPRESENTATION_CONTEXT ( 3 ) GLOBAL_UNCERTAINTY_ASSIGNED_CONTEXT ( ( #3094 ) ) GLOBAL_UNIT_ASSIGNED_CONTEXT ( ( #3579, #1011, #4026 ) ) REPRESENTATION_CONTEXT ( 'NONE', 'WORKASPACE' ) );
#4142 = VERTEX_POINT ( 'NONE', #571 ) ;
#4143 = FILL_AREA_STYLE ('',( #3443 ) ) ;
#4144 = EDGE_CURVE ( 'NONE', #141, #3551, #1934, .T. ) ;
#4145 = LINE ( 'NONE', #328, #71 ) ;
#4146 = SURFACE_STYLE_USAGE ( .BOTH. , #4098 ) ;
#4147 = DIRECTION ( 'NONE',  ( 0.000000000000000000, 0.000000000000000000, -1.000000000000000000 ) ) ;
#4148 = CARTESIAN_POINT ( 'NONE',  ( -1.000000000000000222, 0.000000000000000000, -0.8000000000000001554 ) ) ;
#4149 = PRESENTATION_LAYER_ASSIGNMENT (  '', '', ( #3141 ) ) ;
#4150 = EDGE_CURVE ( 'NONE', #3025, #1607, #1311, .T. ) ;
#4151 = CARTESIAN_POINT ( 'NONE',  ( 0.8530306154330093982, 0.000000000000000000, 0.7700000000000000178 ) ) ;
#4152 = SURFACE_STYLE_FILL_AREA ( #1772 ) ;
#4153 =( NAMED_UNIT ( * ) SI_UNIT ( $, .STERADIAN. ) SOLID_ANGLE_UNIT ( ) );
#4154 = ORIENTED_EDGE ( 'NONE', *, *, #132, .F. ) ;
#4155 =( NAMED_UNIT ( * ) PLANE_ANGLE_UNIT ( ) SI_UNIT ( $, .RADIAN. ) );
#4156 = SURFACE_STYLE_FILL_AREA ( #430 ) ;
#4157 = SURFACE_SIDE_STYLE ('',( #2088 ) ) ;
#4158 = VERTEX_POINT ( 'NONE', #3307 ) ;
#4159 = DIRECTION ( 'NONE',  ( -1.000000000000000000, 0.000000000000000000, -2.690123605921739456E-16 ) ) ;
#4160 = AXIS2_PLACEMENT_3D ( 'NONE', #3150, #419, #3228 ) ;
#4161 = DIRECTION ( 'NONE',  ( -0.000000000000000000, 1.000000000000000000, 0.000000000000000000 ) ) ;
#4162 = DIRECTION ( 'NONE',  ( 1.000000000000000000, -0.000000000000000000, 0.000000000000000000 ) ) ;
#4163 = DIRECTION ( 'NONE',  ( 0.000000000000000000, -1.000000000000000000, 0.000000000000000000 ) ) ;
#4164 = CARTESIAN_POINT ( 'NONE',  ( -1.000000000000000222, 0.2000000000000000111, 0.8000000000000001554 ) ) ;
#4165 = ORIENTED_EDGE ( 'NONE', *, *, #2990, .T. ) ;
#4166 = ORIENTED_EDGE ( 'NONE', *, *, #286, .T. ) ;
#4167 = AXIS2_PLACEMENT_3D ( 'NONE', #521, #2521, #2474 ) ;
#4168 = AXIS2_PLACEMENT_3D ( 'NONE', #4056, #999, #3723 ) ;
#4169 = DIRECTION ( 'NONE',  ( 0.000000000000000000, 1.000000000000000000, -0.000000000000000000 ) ) ;
#4170 =( NAMED_UNIT ( * ) PLANE_ANGLE_UNIT ( ) SI_UNIT ( $, .RADIAN. ) );
#4171 = ADVANCED_FACE ( 'NONE', ( #2618 ), #973, .T. ) ;
#4172 = DIRECTION ( 'NONE',  ( 0.000000000000000000, 1.000000000000000000, -0.000000000000000000 ) ) ;
#4173 = VERTEX_POINT ( 'NONE', #4130 ) ;
#4174 = CARTESIAN_POINT ( 'NONE',  ( 0.9005012562893380812, 0.000000000000000000, -0.7900000000000001465 ) ) ;
#4175 = AXIS2_PLACEMENT_3D ( 'NONE', #3807, #2051, #4097 ) ;
#4176 = ORIENTED_EDGE ( 'NONE', *, *, #4012, .F. ) ;
#4177 = SURFACE_SIDE_STYLE ('',( #3790 ) ) ;
#4178 = EDGE_CURVE ( 'NONE', #3578, #2048, #1065, .T. ) ;
#4179 = DIRECTION ( 'NONE',  ( -0.000000000000000000, 1.000000000000000000, 0.000000000000000000 ) ) ;
#4180 = PLANE ( 'NONE',  #1430 ) ;
#4181 = VECTOR ( 'NONE', #4058, 1000.000000000000000 ) ;
#4182 = ORIENTED_EDGE ( 'NONE', *, *, #4380, .F. ) ;
#4183 = CARTESIAN_POINT ( 'NONE',  ( 0.000000000000000000, 0.000000000000000000, 0.7900000000000001465 ) ) ;
#4184 =( GEOMETRIC_REPRESENTATION_CONTEXT ( 3 ) GLOBAL_UNCERTAINTY_ASSIGNED_CONTEXT ( ( #4022 ) ) GLOBAL_UNIT_ASSIGNED_CONTEXT ( ( #3994, #2552, #8 ) ) REPRESENTATION_CONTEXT ( 'NONE', 'WORKASPACE' ) );
#4185 = FILL_AREA_STYLE ('',( #1533 ) ) ;
#4186 =( NAMED_UNIT ( * ) SI_UNIT ( $, .STERADIAN. ) SOLID_ANGLE_UNIT ( ) );
#4187 = ORIENTED_EDGE ( 'NONE', *, *, #1559, .F. ) ;
#4188 = VECTOR ( 'NONE', #2135, 1000.000000000000000 ) ;
#4189 = ORIENTED_EDGE ( 'NONE', *, *, #2298, .T. ) ;
#4190 = LINE ( 'NONE', #2468, #1603 ) ;
#4191 = EDGE_CURVE ( 'NONE', #1885, #705, #3812, .T. ) ;
#4192 = CIRCLE ( 'NONE', #1969, 0.1500000000000001887 ) ;
#4193 = CARTESIAN_POINT ( 'NONE',  ( -0.3500000000000003109, 0.2000000000000000111, -3.648757311249297561E-17 ) ) ;
#4194 = ORIENTED_EDGE ( 'NONE', *, *, #2824, .T. ) ;
#4195 = SURFACE_STYLE_USAGE ( .BOTH. , #31 ) ;
#4196 = DIRECTION ( 'NONE',  ( 0.000000000000000000, 0.000000000000000000, 1.000000000000000000 ) ) ;
#4197 = LINE ( 'NONE', #2797, #4401 ) ;
#4198 = CIRCLE ( 'NONE', #2253, 0.1000000000000000472 ) ;
#4199 = VECTOR ( 'NONE', #2303, 1000.000000000000000 ) ;
#4200 = CARTESIAN_POINT ( 'NONE',  ( 0.9000000000000002442, 0.2500000000000000000, 0.7000000000000001776 ) ) ;
#4201 = EDGE_CURVE ( 'NONE', #2815, #2590, #685, .T. ) ;
#4202 = AXIS2_PLACEMENT_3D ( 'NONE', #3373, #372, #2417 ) ;
#4203 = ORIENTED_EDGE ( 'NONE', *, *, #2475, .F. ) ;
#4204 = FILL_AREA_STYLE ('',( #3218 ) ) ;
#4205 = ORIENTED_EDGE ( 'NONE', *, *, #2866, .T. ) ;
#4206 = CARTESIAN_POINT ( 'NONE',  ( -0.8500000000000001998, 0.4500000000000000111, -0.6499999999999996891 ) ) ;
#4207 = LINE ( 'NONE', #837, #309 ) ;
#4208 = ORIENTED_EDGE ( 'NONE', *, *, #3007, .F. ) ;
#4209 = CARTESIAN_POINT ( 'NONE',  ( -1.000000000000000222, 0.2000000000000000111, -0.8000000000000001554 ) ) ;
#4210 = DIRECTION ( 'NONE',  ( 0.000000000000000000, 0.000000000000000000, -1.000000000000000000 ) ) ;
#4211 = DIRECTION ( 'NONE',  ( -1.000000000000000000, 0.000000000000000000, 0.000000000000000000 ) ) ;
#4212 = DIRECTION ( 'NONE',  ( 0.000000000000000000, 0.000000000000000000, 1.000000000000000000 ) ) ;
#4213 = ORIENTED_EDGE ( 'NONE', *, *, #522, .F. ) ;
#4214 = EDGE_CURVE ( 'NONE', #1366, #2123, #2405, .T. ) ;
#4215 = EDGE_LOOP ( 'NONE', ( #2912, #420, #1734, #1176 ) ) ;
#4216 = SURFACE_STYLE_USAGE ( .BOTH. , #1489 ) ;
#4217 = EDGE_LOOP ( 'NONE', ( #4337, #223, #326, #2229 ) ) ;
#4218 =( LENGTH_UNIT ( ) NAMED_UNIT ( * ) SI_UNIT ( .MILLI., .METRE. ) );
#4219 = CARTESIAN_POINT ( 'NONE',  ( 0.9900000000000002132, 0.000000000000000000, 0.7005012562893380146 ) ) ;
#4220 = DIRECTION ( 'NONE',  ( 1.000000000000000000, 0.000000000000000000, 0.000000000000000000 ) ) ;
#4221 = VERTEX_POINT ( 'NONE', #1133 ) ;
#4222 = PRESENTATION_STYLE_ASSIGNMENT (( #105 ) ) ;
#4223 = FILL_AREA_STYLE ('',( #182 ) ) ;
#4224 = CARTESIAN_POINT ( 'NONE',  ( -0.9900000000000002132, 0.2000000000000000111, -0.6503337045290422669 ) ) ;
#4225 = PRESENTATION_STYLE_ASSIGNMENT (( #794 ) ) ;
#4226 = ORIENTED_EDGE ( 'NONE', *, *, #3700, .F. ) ;
#4227 = LINE ( 'NONE', #617, #250 ) ;
#4228 = FACE_OUTER_BOUND ( 'NONE', #748, .T. ) ;
#4229 = SURFACE_STYLE_FILL_AREA ( #1801 ) ;
#4230 = CARTESIAN_POINT ( 'NONE',  ( -0.8500000000000001998, 0.3499999999999999778, -0.6499999999999996891 ) ) ;
#4231 = ORIENTED_EDGE ( 'NONE', *, *, #729, .T. ) ;
#4232 =( GEOMETRIC_REPRESENTATION_CONTEXT ( 3 ) GLOBAL_UNCERTAINTY_ASSIGNED_CONTEXT ( ( #1507 ) ) GLOBAL_UNIT_ASSIGNED_CONTEXT ( ( #1658, #1983, #1704 ) ) REPRESENTATION_CONTEXT ( 'NONE', 'WORKASPACE' ) );
#4233 = EDGE_CURVE ( 'NONE', #2680, #260, #2450, .T. ) ;
#4234 = VERTEX_POINT ( 'NONE', #770 ) ;
#4235 = FILL_AREA_STYLE ('',( #1558 ) ) ;
#4236 =( GEOMETRIC_REPRESENTATION_CONTEXT ( 3 ) GLOBAL_UNCERTAINTY_ASSIGNED_CONTEXT ( ( #1828 ) ) GLOBAL_UNIT_ASSIGNED_CONTEXT ( ( #1915, #3657, #3308 ) ) REPRESENTATION_CONTEXT ( 'NONE', 'WORKASPACE' ) );
#4237 = ORIENTED_EDGE ( 'NONE', *, *, #729, .F. ) ;
#4238 = PLANE ( 'NONE',  #171 ) ;
#4239 = VECTOR ( 'NONE', #3690, 1000.000000000000000 ) ;
#4240 = PRESENTATION_LAYER_ASSIGNMENT (  '', '', ( #4450 ) ) ;
#4241 = LINE ( 'NONE', #1813, #225 ) ;
#4242 = CARTESIAN_POINT ( 'NONE',  ( -0.7500000000000001110, 0.4500000000000000111, -0.5499999999999996003 ) ) ;
#4243 = CARTESIAN_POINT ( 'NONE',  ( -0.9999999999999997780, 0.2500000000000000000, 0.7999999999999999334 ) ) ;
#4244 = DIRECTION ( 'NONE',  ( 1.000000000000000000, 0.000000000000000000, -1.668003342285391551E-16 ) ) ;
#4245 = COLOUR_RGB ( '',1.000000000000000000, 0.7843137254901960675, 0.000000000000000000 ) ;
#4246 = CARTESIAN_POINT ( 'NONE',  ( -1.000000000000000222, 0.2000000000000000111, -0.8000000000000001554 ) ) ;
#4247 = PLANE ( 'NONE',  #2726 ) ;
#4248 = COLOUR_RGB ( '',1.000000000000000000, 0.7843137254901960675, 0.000000000000000000 ) ;
#4249 = UNCERTAINTY_MEASURE_WITH_UNIT (LENGTH_MEASURE( 1.000000000000000082E-05 ), #24, 'distance_accuracy_value', 'NONE');
#4250 = FILL_AREA_STYLE_COLOUR ( '', #3751 ) ;
#4251 = VECTOR ( 'NONE', #4335, 1000.000000000000000 ) ;
#4252 = DIRECTION ( 'NONE',  ( -0.000000000000000000, -1.000000000000000000, -0.000000000000000000 ) ) ;
#4253 = ORIENTED_EDGE ( 'NONE', *, *, #1748, .T. ) ;
#4254 = VECTOR ( 'NONE', #692, 1000.000000000000000 ) ;
#4255 = EDGE_LOOP ( 'NONE', ( #111, #3523, #4111, #4343 ) ) ;
#4256 = CARTESIAN_POINT ( 'NONE',  ( -0.3500000000000003109, 0.000000000000000000, 3.648757311249297561E-17 ) ) ;
#4257 = LINE ( 'NONE', #1195, #740 ) ;
#4258 = ORIENTED_EDGE ( 'NONE', *, *, #4357, .T. ) ;
#4259 = VECTOR ( 'NONE', #434, 1000.000000000000000 ) ;
#4260 = FILL_AREA_STYLE ('',( #3286 ) ) ;
#4261 = VECTOR ( 'NONE', #3347, 1000.000000000000000 ) ;
#4262 = DIRECTION ( 'NONE',  ( 0.000000000000000000, 0.000000000000000000, -1.000000000000000000 ) ) ;
#4263 = PRESENTATION_LAYER_ASSIGNMENT (  '', '', ( #4334 ) ) ;
#4264 = VECTOR ( 'NONE', #1633, 1000.000000000000000 ) ;
#4265 = EDGE_CURVE ( 'NONE', #2418, #2385, #3491, .T. ) ;
#4266 = FACE_OUTER_BOUND ( 'NONE', #1610, .T. ) ;
#4267 = STYLED_ITEM ( 'NONE', ( #1402 ), #1371 ) ;
#4268 = AXIS2_PLACEMENT_3D ( 'NONE', #3766, #3071, #3119 ) ;
#4269 = FILL_AREA_STYLE_COLOUR ( '', #806 ) ;
#4270 = EDGE_CURVE ( 'NONE', #579, #455, #1907, .T. ) ;
#4271 = ORIENTED_EDGE ( 'NONE', *, *, #4303, .F. ) ;
#4272 = PLANE ( 'NONE',  #1039 ) ;
#4273 = CARTESIAN_POINT ( 'NONE',  ( 0.3500000000000003109, 0.000000000000000000, -3.648757311249297561E-17 ) ) ;
#4274 = ORIENTED_EDGE ( 'NONE', *, *, #327, .F. ) ;
#4275 = ORIENTED_EDGE ( 'NONE', *, *, #256, .F. ) ;
#4276 = EDGE_CURVE ( 'NONE', #2215, #1833, #725, .T. ) ;
#4277 = VERTEX_POINT ( 'NONE', #1452 ) ;
#4278 = PRESENTATION_STYLE_ASSIGNMENT (( #2236 ) ) ;
#4279 = CARTESIAN_POINT ( 'NONE',  ( -0.8530306154330092872, 0.2000000000000000111, 0.7700000000000000178 ) ) ;
#4280 = ORIENTED_EDGE ( 'NONE', *, *, #4178, .T. ) ;
#4281 = PRESENTATION_STYLE_ASSIGNMENT (( #3925 ) ) ;
#4282 = EDGE_CURVE ( 'NONE', #3602, #3532, #426, .T. ) ;
#4283 = DIRECTION ( 'NONE',  ( 0.000000000000000000, 0.000000000000000000, -1.000000000000000000 ) ) ;
#4284 = DIRECTION ( 'NONE',  ( 0.000000000000000000, 0.000000000000000000, 1.000000000000000000 ) ) ;
#4285 = PRESENTATION_LAYER_ASSIGNMENT (  '', '', ( #2782 ) ) ;
#4286 = PRESENTATION_STYLE_ASSIGNMENT (( #1553 ) ) ;
#4287 = CARTESIAN_POINT ( 'NONE',  ( -0.3500000000000003109, 0.2000000000000000111, 0.2500000000000001110 ) ) ;
#4288 = PRESENTATION_STYLE_ASSIGNMENT (( #2928 ) ) ;
#4289 = ORIENTED_EDGE ( 'NONE', *, *, #2778, .F. ) ;
#4290 = VERTEX_POINT ( 'NONE', #355 ) ;
#4291 = EDGE_CURVE ( 'NONE', #1885, #141, #4413, .T. ) ;
#4292 = PRESENTATION_LAYER_ASSIGNMENT (  '', '', ( #1938 ) ) ;
#4293 = CARTESIAN_POINT ( 'NONE',  ( -0.9700000000000003064, 0.2000000000000000111, -0.6530306154330092205 ) ) ;
#4294 = CARTESIAN_POINT ( 'NONE',  ( 1.000000000000000222, 0.2000000000000000111, -0.8000000000000001554 ) ) ;
#4295 = VERTEX_POINT ( 'NONE', #2382 ) ;
#4296 = CIRCLE ( 'NONE', #3939, 0.09999999999999999167 ) ;
#4297 = ORIENTED_EDGE ( 'NONE', *, *, #3904, .T. ) ;
#4298 = FACE_OUTER_BOUND ( 'NONE', #1244, .T. ) ;
#4299 = AXIS2_PLACEMENT_3D ( 'NONE', #3497, #2410, #2808 ) ;
#4300 = FACE_OUTER_BOUND ( 'NONE', #2498, .T. ) ;
#4301 = VERTEX_POINT ( 'NONE', #2079 ) ;
#4302 = ORIENTED_EDGE ( 'NONE', *, *, #1427, .F. ) ;
#4303 = EDGE_CURVE ( 'NONE', #841, #151, #1834, .T. ) ;
#4304 = LINE ( 'NONE', #1224, #1352 ) ;
#4305 = CYLINDRICAL_SURFACE ( 'NONE', #2978, 0.1500000000000001887 ) ;
#4306 = STYLED_ITEM ( 'NONE', ( #2010 ), #2200 ) ;
#4307 = FACE_OUTER_BOUND ( 'NONE', #1341, .T. ) ;
#4308 = LINE ( 'NONE', #881, #3725 ) ;
#4309 = AXIS2_PLACEMENT_3D ( 'NONE', #1678, #3682, #275 ) ;
#4310 = DIRECTION ( 'NONE',  ( -1.000000000000000000, 0.000000000000000000, -0.000000000000000000 ) ) ;
#4311 = LINE ( 'NONE', #4287, #12 ) ;
#4312 = CARTESIAN_POINT ( 'NONE',  ( 0.8500000000000001998, 0.3499999999999999778, -0.5499999999999999334 ) ) ;
#4313 = ORIENTED_EDGE ( 'NONE', *, *, #2678, .T. ) ;
#4314 = FILL_AREA_STYLE_COLOUR ( '', #4441 ) ;
#4315 = VECTOR ( 'NONE', #3418, 1000.000000000000000 ) ;
#4316 = CARTESIAN_POINT ( 'NONE',  ( 0.8000000000000000444, 0.3499999999999999778, -0.6000000000000000888 ) ) ;
#4317 = ORIENTED_EDGE ( 'NONE', *, *, #1841, .T. ) ;
#4318 =( GEOMETRIC_REPRESENTATION_CONTEXT ( 3 ) GLOBAL_UNCERTAINTY_ASSIGNED_CONTEXT ( ( #930 ) ) GLOBAL_UNIT_ASSIGNED_CONTEXT ( ( #1130, #1447, #3781 ) ) REPRESENTATION_CONTEXT ( 'NONE', 'WORKASPACE' ) );
#4319 = ORIENTED_EDGE ( 'NONE', *, *, #2217, .F. ) ;
#4320 =( NAMED_UNIT ( * ) PLANE_ANGLE_UNIT ( ) SI_UNIT ( $, .RADIAN. ) );
#4321 = VECTOR ( 'NONE', #3783, 1000.000000000000000 ) ;
#4322 = VECTOR ( 'NONE', #2541, 1000.000000000000000 ) ;
#4323 = COLOUR_RGB ( '',0.7529411764705882248, 0.7529411764705882248, 0.7529411764705882248 ) ;
#4324 = DIRECTION ( 'NONE',  ( 0.000000000000000000, 0.000000000000000000, 1.000000000000000000 ) ) ;
#4325 = ORIENTED_EDGE ( 'NONE', *, *, #2688, .T. ) ;
#4326 = VERTEX_POINT ( 'NONE', #4151 ) ;
#4327 = FACE_OUTER_BOUND ( 'NONE', #3502, .T. ) ;
#4328 = MECHANICAL_DESIGN_GEOMETRIC_PRESENTATION_REPRESENTATION (  '', ( #2247 ), #3389 ) ;
#4329 = EDGE_CURVE ( 'NONE', #3575, #1529, #1085, .T. ) ;
#4330 = FILL_AREA_STYLE ('',( #4351 ) ) ;
#4331 = PRESENTATION_LAYER_ASSIGNMENT (  '', '', ( #688 ) ) ;
#4332 = SURFACE_STYLE_USAGE ( .BOTH. , #252 ) ;
#4333 = SURFACE_STYLE_USAGE ( .BOTH. , #859 ) ;
#4334 = STYLED_ITEM ( 'NONE', ( #1978 ), #1200 ) ;
#4335 = DIRECTION ( 'NONE',  ( 0.000000000000000000, -1.000000000000000000, 0.000000000000000000 ) ) ;
#4336 = DIRECTION ( 'NONE',  ( 1.042502088928369781E-16, 0.000000000000000000, 1.000000000000000000 ) ) ;
#4337 = ORIENTED_EDGE ( 'NONE', *, *, #2375, .T. ) ;
#4338 = VECTOR ( 'NONE', #4087, 1000.000000000000000 ) ;
#4339 = ORIENTED_EDGE ( 'NONE', *, *, #3951, .F. ) ;
#4340 = PRESENTATION_STYLE_ASSIGNMENT (( #4001 ) ) ;
#4341 = UNCERTAINTY_MEASURE_WITH_UNIT (LENGTH_MEASURE( 1.000000000000000082E-05 ), #2761, 'distance_accuracy_value', 'NONE');
#4342 = DIRECTION ( 'NONE',  ( 0.000000000000000000, -0.000000000000000000, 1.000000000000000000 ) ) ;
#4343 = ORIENTED_EDGE ( 'NONE', *, *, #1594, .T. ) ;
#4344 = VERTEX_POINT ( 'NONE', #1721 ) ;
#4345 = DIRECTION ( 'NONE',  ( -1.042502088928369904E-16, 0.000000000000000000, 1.000000000000000000 ) ) ;
#4346 = CARTESIAN_POINT ( 'NONE',  ( 0.9005012562893380812, 0.2000000000000000111, 0.7900000000000001465 ) ) ;
#4347 = ORIENTED_EDGE ( 'NONE', *, *, #4144, .F. ) ;
#4348 = FILL_AREA_STYLE_COLOUR ( '', #3942 ) ;
#4349 = DIRECTION ( 'NONE',  ( 1.000000000000000000, 0.000000000000000000, -0.000000000000000000 ) ) ;
#4350 = FACE_OUTER_BOUND ( 'NONE', #2259, .T. ) ;
#4351 = FILL_AREA_STYLE_COLOUR ( '', #2254 ) ;
#4352 = CARTESIAN_POINT ( 'NONE',  ( 0.000000000000000000, 0.2000000000000000111, 0.7700000000000000178 ) ) ;
#4353 = DIRECTION ( 'NONE',  ( -0.000000000000000000, 1.000000000000000000, 0.000000000000000000 ) ) ;
#4354 = FACE_OUTER_BOUND ( 'NONE', #1404, .T. ) ;
#4355 = CARTESIAN_POINT ( 'NONE',  ( -1.000000000000000222, 0.2000000000000000111, 0.8000000000000001554 ) ) ;
#4356 = CARTESIAN_POINT ( 'NONE',  ( 0.3500000000000003109, 0.2000000000000000111, -3.648757311249297561E-17 ) ) ;
#4357 = EDGE_CURVE ( 'NONE', #2699, #3278, #3095, .T. ) ;
#4358 = ORIENTED_EDGE ( 'NONE', *, *, #2812, .F. ) ;
#4359 = MECHANICAL_DESIGN_GEOMETRIC_PRESENTATION_REPRESENTATION (  '', ( #3297 ), #2528 ) ;
#4360 = EDGE_CURVE ( 'NONE', #795, #4119, #2757, .T. ) ;
#4361 = PRESENTATION_STYLE_ASSIGNMENT (( #2915 ) ) ;
#4362 = ORIENTED_EDGE ( 'NONE', *, *, #3326, .F. ) ;
#4363 = ORIENTED_EDGE ( 'NONE', *, *, #1569, .F. ) ;
#4364 = FACE_OUTER_BOUND ( 'NONE', #438, .T. ) ;
#4365 = CARTESIAN_POINT ( 'NONE',  ( -0.9900000000000002132, 0.2000000000000000111, -0.7005012562893380146 ) ) ;
#4366 = AXIS2_PLACEMENT_3D ( 'NONE', #1277, #3932, #2288 ) ;
#4367 = CARTESIAN_POINT ( 'NONE',  ( 0.000000000000000000, 0.2000000000000000111, -0.2500000000000001110 ) ) ;
#4368 = CIRCLE ( 'NONE', #2423, 0.1000000000000001582 ) ;
#4369 = PRESENTATION_STYLE_ASSIGNMENT (( #3245 ) ) ;
#4370 = CARTESIAN_POINT ( 'NONE',  ( 0.8000000000000000444, 0.3499999999999999778, 0.7000000000000001776 ) ) ;
#4371 = PRESENTATION_STYLE_ASSIGNMENT (( #1634 ) ) ;
#4372 = COLOUR_RGB ( '',0.7529411764705882248, 0.7529411764705882248, 0.7529411764705882248 ) ;
#4373 = DIRECTION ( 'NONE',  ( 0.000000000000000000, 0.000000000000000000, -1.000000000000000000 ) ) ;
#4374 = LINE ( 'NONE', #602, #4251 ) ;
#4375 = FILL_AREA_STYLE_COLOUR ( '', #655 ) ;
#4376 = PRODUCT_RELATED_PRODUCT_CATEGORY ( 'part', '', ( #3637 ) ) ;
#4377 = EDGE_LOOP ( 'NONE', ( #3374, #166, #872, #2142 ) ) ;
#4378 = LINE ( 'NONE', #3337, #4014 ) ;
#4379 = DIRECTION ( 'NONE',  ( -0.000000000000000000, -0.000000000000000000, 1.000000000000000000 ) ) ;
#4380 = EDGE_CURVE ( 'NONE', #1441, #176, #255, .T. ) ;
#4381 = CYLINDRICAL_SURFACE ( 'NONE', #1373, 0.1500000000000001887 ) ;
#4382 = VERTEX_POINT ( 'NONE', #4063 ) ;
#4383 =( GEOMETRIC_REPRESENTATION_CONTEXT ( 3 ) GLOBAL_UNCERTAINTY_ASSIGNED_CONTEXT ( ( #374 ) ) GLOBAL_UNIT_ASSIGNED_CONTEXT ( ( #1987, #3340, #2270 ) ) REPRESENTATION_CONTEXT ( 'NONE', 'WORKASPACE' ) );
#4384 = ORIENTED_EDGE ( 'NONE', *, *, #2707, .T. ) ;
#4385 = CARTESIAN_POINT ( 'NONE',  ( 0.9005012562893380812, 0.2000000000000000111, -0.7900000000000001465 ) ) ;
#4386 = EDGE_CURVE ( 'NONE', #260, #3047, #2367, .T. ) ;
#4387 = AXIS2_PLACEMENT_3D ( 'NONE', #137, #3227, #164 ) ;
#4388 = LINE ( 'NONE', #2654, #3660 ) ;
#4389 = AXIS2_PLACEMENT_3D ( 'NONE', #1715, #1101, #3779 ) ;
#4390 = AXIS2_PLACEMENT_3D ( 'NONE', #4355, #3276, #1575 ) ;
#4391 = ORIENTED_EDGE ( 'NONE', *, *, #1609, .T. ) ;
#4392 = DIRECTION ( 'NONE',  ( 0.000000000000000000, -1.000000000000000000, 0.000000000000000000 ) ) ;
#4393 = LINE ( 'NONE', #1036, #4261 ) ;
#4394 = DIRECTION ( 'NONE',  ( -0.000000000000000000, 1.000000000000000000, 0.000000000000000000 ) ) ;
#4395 = VECTOR ( 'NONE', #3858, 1000.000000000000000 ) ;
#4396 = FILL_AREA_STYLE_COLOUR ( '', #1194 ) ;
#4397 = EDGE_CURVE ( 'NONE', #3492, #2022, #1354, .T. ) ;
#4398 = VECTOR ( 'NONE', #1977, 1000.000000000000000 ) ;
#4399 = DIRECTION ( 'NONE',  ( 1.000000000000000000, 0.000000000000000000, 0.000000000000000000 ) ) ;
#4400 = AXIS2_PLACEMENT_3D ( 'NONE', #1829, #4310, #1250 ) ;
#4401 = VECTOR ( 'NONE', #473, 1000.000000000000000 ) ;
#4402 = CARTESIAN_POINT ( 'NONE',  ( -0.8503337045290424445, 0.2000000000000000111, 0.7900000000000002576 ) ) ;
#4403 = VECTOR ( 'NONE', #2455, 1000.000000000000000 ) ;
#4404 = ADVANCED_FACE ( 'NONE', ( #985 ), #1708, .F. ) ;
#4405 = PLANE ( 'NONE',  #2241 ) ;
#4406 = DIRECTION ( 'NONE',  ( -1.042502088928369781E-16, 0.000000000000000000, -1.000000000000000000 ) ) ;
#4407 = VECTOR ( 'NONE', #4076, 1000.000000000000000 ) ;
#4408 = VECTOR ( 'NONE', #1096, 1000.000000000000000 ) ;
#4409 = ORIENTED_EDGE ( 'NONE', *, *, #159, .F. ) ;
#4410 = SURFACE_STYLE_USAGE ( .BOTH. , #2001 ) ;
#4411 = LINE ( 'NONE', #3435, #3472 ) ;
#4412 = DIRECTION ( 'NONE',  ( 0.000000000000000000, 0.000000000000000000, -1.000000000000000000 ) ) ;
#4413 = CIRCLE ( 'NONE', #3401, 0.1000000000000000472 ) ;
#4414 = CARTESIAN_POINT ( 'NONE',  ( 0.9000000000000002442, 0.3499999999999999778, 0.7000000000000001776 ) ) ;
#4415 = FILL_AREA_STYLE_COLOUR ( '', #764 ) ;
#4416 = VERTEX_POINT ( 'NONE', #322 ) ;
#4417 = VERTEX_POINT ( 'NONE', #3710 ) ;
#4418 = LINE ( 'NONE', #935, #4060 ) ;
#4419 = ADVANCED_FACE ( 'NONE', ( #669 ), #1661, .F. ) ;
#4420 = EDGE_CURVE ( 'NONE', #3596, #2853, #3458, .T. ) ;
#4421 = VERTEX_POINT ( 'NONE', #1399 ) ;
#4422 = SURFACE_SIDE_STYLE ('',( #3053 ) ) ;
#4423 = CARTESIAN_POINT ( 'NONE',  ( 0.7500000000000001110, 0.4500000000000000111, 0.6500000000000001332 ) ) ;
#4424 = CARTESIAN_POINT ( 'NONE',  ( 0.000000000000000000, 0.2000000000000000111, -0.7700000000000000178 ) ) ;
#4425 = EDGE_CURVE ( 'NONE', #841, #2000, #4411, .T. ) ;
#4426 = FACE_OUTER_BOUND ( 'NONE', #2068, .T. ) ;
#4427 = CARTESIAN_POINT ( 'NONE',  ( -1.000000000000000222, 0.2000000000000000111, -0.8000000000000001554 ) ) ;
#4428 = VERTEX_POINT ( 'NONE', #1729 ) ;
#4429 = EDGE_CURVE ( 'NONE', #3158, #1093, #2328, .T. ) ;
#4430 = DIRECTION ( 'NONE',  ( 1.000000000000000000, 0.000000000000000000, -0.000000000000000000 ) ) ;
#4431 = CARTESIAN_POINT ( 'NONE',  ( 0.9000000000000001332, 0.000000000000000000, 0.7999999999999999334 ) ) ;
#4432 = FACE_OUTER_BOUND ( 'NONE', #2544, .T. ) ;
#4433 = ORIENTED_EDGE ( 'NONE', *, *, #3620, .F. ) ;
#4434 = VECTOR ( 'NONE', #1788, 1000.000000000000000 ) ;
#4435 = ORIENTED_EDGE ( 'NONE', *, *, #4178, .F. ) ;
#4436 = CARTESIAN_POINT ( 'NONE',  ( 0.9700000000000003064, 0.2000000000000000111, -0.6530306154330092205 ) ) ;
#4437 = LINE ( 'NONE', #2424, #1657 ) ;
#4438 = DIRECTION ( 'NONE',  ( 0.000000000000000000, 1.000000000000000000, 0.000000000000000000 ) ) ;
#4439 = CARTESIAN_POINT ( 'NONE',  ( 0.3500000000000003109, 0.2000000000000000111, -0.2500000000000001110 ) ) ;
#4440 =( LENGTH_UNIT ( ) NAMED_UNIT ( * ) SI_UNIT ( .MILLI., .METRE. ) );
#4441 = COLOUR_RGB ( '',1.000000000000000000, 0.7843137254901960675, 0.000000000000000000 ) ;
#4442 = CARTESIAN_POINT ( 'NONE',  ( -0.000000000000000000, 0.2000000000000000111, 0.7700000000000000178 ) ) ;
#4443 = PRESENTATION_LAYER_ASSIGNMENT (  '', '', ( #1012 ) ) ;
#4444 = CLOSED_SHELL ( 'NONE', ( #2697, #882, #1648, #1513, #2888, #287, #3701, #361, #1986, #1200, #4404 ) ) ;
#4445 = SURFACE_STYLE_USAGE ( .BOTH. , #360 ) ;
#4446 = CARTESIAN_POINT ( 'NONE',  ( -0.9005012562893380812, 0.2000000000000000111, 0.7900000000000001465 ) ) ;
#4447 = ORIENTED_EDGE ( 'NONE', *, *, #3601, .F. ) ;
#4448 = CARTESIAN_POINT ( 'NONE',  ( -0.9700000000000001954, 0.2000000000000000111, -0.2500000000000001110 ) ) ;
#4449 = CARTESIAN_POINT ( 'NONE',  ( 0.9700000000000000844, 0.2000000000000000111, -2.609419897744087001E-16 ) ) ;
#4450 = STYLED_ITEM ( 'NONE', ( #4222 ), #2021 ) ;
#4451 = CARTESIAN_POINT ( 'NONE',  ( -0.8530306154330092872, 0.000000000000000000, -0.7700000000000000178 ) ) ;
#4452 =( NAMED_UNIT ( * ) SI_UNIT ( $, .STERADIAN. ) SOLID_ANGLE_UNIT ( ) );
#4453 = FACE_OUTER_BOUND ( 'NONE', #627, .T. ) ;
ENDSEC;
END-ISO-10303-21;
